{
  "2023-07-21": [
    {
      "OptionGreeks": {
        "currentValue": "true",
        "delta": 0.0,
        "gamma": 0.0,
        "iv": 0.61855,
        "rho": 0.0,
        "theta": 0.0,
        "vega": 0.0
      },
      "adjustedFlag": "false",
      "ask": 0.6,
      "askSize": 660,
      "bid": 0.0,
      "bidSize": 0,
      "displaySymbol": "ADT Jul 21 '23 $2.50 Put",
      "inTheMoney": "n",
      "lastPrice": 0.0,
      "netChange": 0.0,
      "openInterest": 0,
      "optionCategory": "STANDARD",
      "optionRootSymbol": "ADT",
      "optionType": "PUT",
      "osiKey": "ADT---230721P00002500",
      "quoteDetail": "https://api.etrade.com/v1/market/quote/ADT:2023:7:21:PUT:2.500000",
      "strikePrice": 2.5,
      "symbol": "ADT",
      "timeStamp": 1688403587,
      "volume": 0
    },
    {
      "OptionGreeks": {
        "currentValue": "true",
        "delta": -0.0734,
        "gamma": 0.16411,
        "iv": 0.61855,
        "rho": -0.00023,
        "theta": -0.00316,
        "vega": 0.0019
      },
      "adjustedFlag": "false",
      "ask": 0.05,
      "askSize": 238,
      "bid": 0.0,
      "bidSize": 0,
      "displaySymbol": "ADT Jul 21 '23 $5 Put",
      "inTheMoney": "n",
      "lastPrice": 0.07,
      "netChange": 0.0,
      "openInterest": 473,
      "optionCategory": "STANDARD",
      "optionRootSymbol": "ADT",
      "optionType": "PUT",
      "osiKey": "ADT---230721P00005000",
      "quoteDetail": "https://api.etrade.com/v1/market/quote/ADT:2023:7:21:PUT:5.000000",
      "strikePrice": 5.0,
      "symbol": "ADT",
      "timeStamp": 1688403587,
      "volume": 0
    },
    {
      "OptionGreeks": {
        "currentValue": "true",
        "delta": -0.92081,
        "gamma": 0.15172,
        "iv": 0.61222,
        "rho": -0.00355,
        "theta": -0.00263,
        "vega": 0.00174
      },
      "adjustedFlag": "false",
      "ask": 2.05,
      "askSize": 108,
      "bid": 1.1,
      "bidSize": 199,
      "displaySymbol": "ADT Jul 21 '23 $7.50 Put",
      "inTheMoney": "y",
      "lastPrice": 0.0,
      "netChange": 0.0,
      "openInterest": 0,
      "optionCategory": "STANDARD",
      "optionRootSymbol": "ADT",
      "optionType": "PUT",
      "osiKey": "ADT---230721P00007500",
      "quoteDetail": "https://api.etrade.com/v1/market/quote/ADT:2023:7:21:PUT:7.500000",
      "strikePrice": 7.5,
      "symbol": "ADT",
      "timeStamp": 1688403599,
      "volume": 0
    },
    {
      "OptionGreeks": {
        "currentValue": "true",
        "delta": -0.98626,
        "gamma": 0.00065,
        "iv": 0.61222,
        "rho": -0.00503,
        "theta": 0.0,
        "vega": 1e-05
      },
      "adjustedFlag": "false",
      "ask": 4.4,
      "askSize": 71,
      "bid": 3.3,
      "bidSize": 129,
      "displaySymbol": "ADT Jul 21 '23 $10 Put",
      "inTheMoney": "y",
      "lastPrice": 0.0,
      "netChange": 0.0,
      "openInterest": 0,
      "optionCategory": "STANDARD",
      "optionRootSymbol": "ADT",
      "optionType": "PUT",
      "osiKey": "ADT---230721P00010000",
      "quoteDetail": "https://api.etrade.com/v1/market/quote/ADT:2023:7:21:PUT:10.000000",
      "strikePrice": 10.0,
      "symbol": "ADT",
      "timeStamp": 1688403599,
      "volume": 0
    },
    {
      "OptionGreeks": {
        "currentValue": "true",
        "delta": 1.0,
        "gamma": 0.0,
        "iv": 0.61855,
        "rho": 0.0,
        "theta": -0.00376,
        "vega": 0.0
      },
      "adjustedFlag": "false",
      "ask": 4.1,
      "askSize": 48,
      "bid": 3.4,
      "bidSize": 124,
      "displaySymbol": "ADT Jul 21 '23 $2.50 Call",
      "inTheMoney": "y",
      "lastPrice": 0.0,
      "netChange": 0.0,
      "openInterest": 0,
      "optionCategory": "STANDARD",
      "optionRootSymbol": "ADT",
      "optionType": "CALL",
      "osiKey": "ADT---230721C00002500",
      "quoteDetail": "https://api.etrade.com/v1/market/quote/ADT:2023:7:21:CALL:2.500000",
      "strikePrice": 2.5,
      "symbol": "ADT",
      "timeStamp": 1688403599,
      "volume": 0
    },
    {
      "OptionGreeks": {
        "currentValue": "true",
        "delta": 0.97554,
        "gamma": 0.22359,
        "iv": 0.61855,
        "rho": 0.00022,
        "theta": -0.00417,
        "vega": 0.00067
      },
      "adjustedFlag": "false",
      "ask": 1.45,
      "askSize": 255,
      "bid": 1.05,
      "bidSize": 250,
      "displaySymbol": "ADT Jul 21 '23 $5 Call",
      "inTheMoney": "y",
      "lastPrice": 1.15,
      "netChange": 0.1,
      "openInterest": 74,
      "optionCategory": "STANDARD",
      "optionRootSymbol": "ADT",
      "optionType": "CALL",
      "osiKey": "ADT---230721C00005000",
      "quoteDetail": "https://api.etrade.com/v1/market/quote/ADT:2023:7:21:CALL:5.000000",
      "strikePrice": 5.0,
      "symbol": "ADT",
      "timeStamp": 1688403599,
      "volume": 1
    },
    {
      "OptionGreeks": {
        "currentValue": "true",
        "delta": 0.06636,
        "gamma": 0.15389,
        "iv": 0.61222,
        "rho": 0.00017,
        "theta": -0.00288,
        "vega": 0.00176
      },
      "adjustedFlag": "false",
      "ask": 0.05,
      "askSize": 75,
      "bid": 0.0,
      "bidSize": 0,
      "displaySymbol": "ADT Jul 21 '23 $7.50 Call",
      "inTheMoney": "n",
      "lastPrice": 0.04,
      "netChange": 0.0,
      "openInterest": 116,
      "optionCategory": "STANDARD",
      "optionRootSymbol": "ADT",
      "optionType": "CALL",
      "osiKey": "ADT---230721C00007500",
      "quoteDetail": "https://api.etrade.com/v1/market/quote/ADT:2023:7:21:CALL:7.500000",
      "strikePrice": 7.5,
      "symbol": "ADT",
      "timeStamp": 1688391898,
      "volume": 0
    },
    {
      "OptionGreeks": {
        "currentValue": "true",
        "delta": 0.00014,
        "gamma": 0.00064,
        "iv": 0.61222,
        "rho": 0.0,
        "theta": -1e-05,
        "vega": 1e-05
      },
      "adjustedFlag": "false",
      "ask": 0.05,
      "askSize": 131,
      "bid": 0.0,
      "bidSize": 0,
      "displaySymbol": "ADT Jul 21 '23 $10 Call",
      "inTheMoney": "n",
      "lastPrice": 0.04,
      "netChange": 0.0,
      "openInterest": 1,
      "optionCategory": "STANDARD",
      "optionRootSymbol": "ADT",
      "optionType": "CALL",
      "osiKey": "ADT---230721C00010000",
      "quoteDetail": "https://api.etrade.com/v1/market/quote/ADT:2023:7:21:CALL:10.000000",
      "strikePrice": 10.0,
      "symbol": "ADT",
      "timeStamp": 1688403587,
      "volume": 0
    }
  ],
  "2023-08-18": [
    {
      "OptionGreeks": {
        "currentValue": "true",
        "delta": 0.0,
        "gamma": 0.0,
        "iv": 0.49986,
        "rho": 0.0,
        "theta": 0.0,
        "vega": 0.0
      },
      "adjustedFlag": "false",
      "ask": 0.6,
      "askSize": 1413,
      "bid": 0.0,
      "bidSize": 0,
      "displaySymbol": "ADT Aug 18 '23 $2 Put",
      "inTheMoney": "n",
      "lastPrice": 0.01,
      "netChange": 0.0,
      "openInterest": 1,
      "optionCategory": "STANDARD",
      "optionRootSymbol": "ADT",
      "optionType": "PUT",
      "osiKey": "ADT---230818P00002000",
      "quoteDetail": "https://api.etrade.com/v1/market/quote/ADT:2023:8:18:PUT:2.000000",
      "strikePrice": 2.0,
      "symbol": "ADT",
      "timeStamp": 1688403587,
      "volume": 0
    },
    {
      "OptionGreeks": {
        "currentValue": "true",
        "delta": -2e-05,
        "gamma": 6e-05,
        "iv": 0.49986,
        "rho": 0.0,
        "theta": 0.0,
        "vega": 0.0
      },
      "adjustedFlag": "false",
      "ask": 0.6,
      "askSize": 1045,
      "bid": 0.0,
      "bidSize": 0,
      "displaySymbol": "ADT Aug 18 '23 $3 Put",
      "inTheMoney": "n",
      "lastPrice": 0.0,
      "netChange": 0.0,
      "openInterest": 0,
      "optionCategory": "STANDARD",
      "optionRootSymbol": "ADT",
      "optionType": "PUT",
      "osiKey": "ADT---230818P00003000",
      "quoteDetail": "https://api.etrade.com/v1/market/quote/ADT:2023:8:18:PUT:3.000000",
      "strikePrice": 3.0,
      "symbol": "ADT",
      "timeStamp": 1688403585,
      "volume": 0
    },
    {
      "OptionGreeks": {
        "currentValue": "true",
        "delta": -0.00573,
        "gamma": 0.01495,
        "iv": 0.49986,
        "rho": -4e-05,
        "theta": -0.00018,
        "vega": 0.00036
      },
      "adjustedFlag": "false",
      "ask": 0.6,
      "askSize": 1304,
      "bid": 0.0,
      "bidSize": 0,
      "displaySymbol": "ADT Aug 18 '23 $4 Put",
      "inTheMoney": "n",
      "lastPrice": 0.15,
      "netChange": 0.0,
      "openInterest": 40,
      "optionCategory": "STANDARD",
      "optionRootSymbol": "ADT",
      "optionType": "PUT",
      "osiKey": "ADT---230818P00004000",
      "quoteDetail": "https://api.etrade.com/v1/market/quote/ADT:2023:8:18:PUT:4.000000",
      "strikePrice": 4.0,
      "symbol": "ADT",
      "timeStamp": 1688403587,
      "volume": 0
    },
    {
      "OptionGreeks": {
        "currentValue": "true",
        "delta": -0.10229,
        "gamma": 0.1645,
        "iv": 0.49986,
        "rho": -0.00079,
        "theta": -0.00209,
        "vega": 0.0039
      },
      "adjustedFlag": "false",
      "ask": 0.1,
      "askSize": 1,
      "bid": 0.0,
      "bidSize": 0,
      "displaySymbol": "ADT Aug 18 '23 $5 Put",
      "inTheMoney": "n",
      "lastPrice": 0.06,
      "netChange": 0.0,
      "openInterest": 80,
      "optionCategory": "STANDARD",
      "optionRootSymbol": "ADT",
      "optionType": "PUT",
      "osiKey": "ADT---230818P00005000",
      "quoteDetail": "https://api.etrade.com/v1/market/quote/ADT:2023:8:18:PUT:5.000000",
      "strikePrice": 5.0,
      "symbol": "ADT",
      "timeStamp": 1688391004,
      "volume": 0
    },
    {
      "OptionGreeks": {
        "currentValue": "true",
        "delta": -0.3964,
        "gamma": 0.48474,
        "iv": 0.37531,
        "rho": -0.00274,
        "theta": -0.00349,
        "vega": 0.00836
      },
      "adjustedFlag": "false",
      "ask": 0.25,
      "askSize": 1,
      "bid": 0.2,
      "bidSize": 858,
      "displaySymbol": "ADT Aug 18 '23 $6 Put",
      "inTheMoney": "n",
      "lastPrice": 0.25,
      "netChange": 0.0,
      "openInterest": 228,
      "optionCategory": "STANDARD",
      "optionRootSymbol": "ADT",
      "optionType": "PUT",
      "osiKey": "ADT---230818P00006000",
      "quoteDetail": "https://api.etrade.com/v1/market/quote/ADT:2023:8:18:PUT:6.000000",
      "strikePrice": 6.0,
      "symbol": "ADT",
      "timeStamp": 1688403599,
      "volume": 1
    },
    {
      "OptionGreeks": {
        "currentValue": "true",
        "delta": -0.82641,
        "gamma": 0.37232,
        "iv": 0.3942,
        "rho": -0.00363,
        "theta": -0.00283,
        "vega": 0.00548
      },
      "adjustedFlag": "false",
      "ask": 0.95,
      "askSize": 56,
      "bid": 0.4,
      "bidSize": 459,
      "displaySymbol": "ADT Aug 18 '23 $7 Put",
      "inTheMoney": "y",
      "lastPrice": 0.77,
      "netChange": 0.0,
      "openInterest": 16,
      "optionCategory": "STANDARD",
      "optionRootSymbol": "ADT",
      "optionType": "PUT",
      "osiKey": "ADT---230818P00007000",
      "quoteDetail": "https://api.etrade.com/v1/market/quote/ADT:2023:8:18:PUT:7.000000",
      "strikePrice": 7.0,
      "symbol": "ADT",
      "timeStamp": 1688403599,
      "volume": 0
    },
    {
      "OptionGreeks": {
        "currentValue": "true",
        "delta": -0.98871,
        "gamma": 0.12778,
        "iv": 0.44833,
        "rho": 0.0,
        "theta": -0.0014,
        "vega": 0.00053
      },
      "adjustedFlag": "false",
      "ask": 2.05,
      "askSize": 80,
      "bid": 1.7,
      "bidSize": 43,
      "displaySymbol": "ADT Aug 18 '23 $8 Put",
      "inTheMoney": "y",
      "lastPrice": 1.79,
      "netChange": 0.0,
      "openInterest": 0,
      "optionCategory": "STANDARD",
      "optionRootSymbol": "ADT",
      "optionType": "PUT",
      "osiKey": "ADT---230818P00008000",
      "quoteDetail": "https://api.etrade.com/v1/market/quote/ADT:2023:8:18:PUT:8.000000",
      "strikePrice": 8.0,
      "symbol": "ADT",
      "timeStamp": 1688403599,
      "volume": 0
    },
    {
      "OptionGreeks": {
        "currentValue": "true",
        "delta": -0.99064,
        "gamma": 0.07863,
        "iv": 0.60108,
        "rho": 0.0,
        "theta": -0.0014,
        "vega": 0.00043
      },
      "adjustedFlag": "false",
      "ask": 3.6,
      "askSize": 90,
      "bid": 2.45,
      "bidSize": 130,
      "displaySymbol": "ADT Aug 18 '23 $9 Put",
      "inTheMoney": "y",
      "lastPrice": 1.99,
      "netChange": 0.0,
      "openInterest": 0,
      "optionCategory": "STANDARD",
      "optionRootSymbol": "ADT",
      "optionType": "PUT",
      "osiKey": "ADT---230818P00009000",
      "quoteDetail": "https://api.etrade.com/v1/market/quote/ADT:2023:8:18:PUT:9.000000",
      "strikePrice": 9.0,
      "symbol": "ADT",
      "timeStamp": 1688403599,
      "volume": 0
    },
    {
      "OptionGreeks": {
        "currentValue": "true",
        "delta": -1.0,
        "gamma": 0.0,
        "iv": 0.60108,
        "rho": 0.0,
        "theta": -0.0014,
        "vega": 0.0
      },
      "adjustedFlag": "false",
      "ask": 4.0,
      "askSize": 40,
      "bid": 3.7,
      "bidSize": 36,
      "displaySymbol": "ADT Aug 18 '23 $10 Put",
      "inTheMoney": "y",
      "lastPrice": 1.26,
      "netChange": 0.0,
      "openInterest": 0,
      "optionCategory": "STANDARD",
      "optionRootSymbol": "ADT",
      "optionType": "PUT",
      "osiKey": "ADT---230818P00010000",
      "quoteDetail": "https://api.etrade.com/v1/market/quote/ADT:2023:8:18:PUT:10.000000",
      "strikePrice": 10.0,
      "symbol": "ADT",
      "timeStamp": 1688403013,
      "volume": 0
    },
    {
      "OptionGreeks": {
        "currentValue": "true",
        "delta": -1.0,
        "gamma": 0.0,
        "iv": 0.60108,
        "rho": 0.0,
        "theta": -0.0014,
        "vega": 0.0
      },
      "adjustedFlag": "false",
      "ask": 4.9,
      "askSize": 37,
      "bid": 4.4,
      "bidSize": 130,
      "displaySymbol": "ADT Aug 18 '23 $11 Put",
      "inTheMoney": "y",
      "lastPrice": 0.0,
      "netChange": 0.0,
      "openInterest": 0,
      "optionCategory": "STANDARD",
      "optionRootSymbol": "ADT",
      "optionType": "PUT",
      "osiKey": "ADT---230818P00011000",
      "quoteDetail": "https://api.etrade.com/v1/market/quote/ADT:2023:8:18:PUT:11.000000",
      "strikePrice": 11.0,
      "symbol": "ADT",
      "timeStamp": 1688403599,
      "volume": 0
    },
    {
      "OptionGreeks": {
        "currentValue": "true",
        "delta": -1.0,
        "gamma": 0.0,
        "iv": 0.60108,
        "rho": 0.0,
        "theta": -0.0014,
        "vega": 0.0
      },
      "adjustedFlag": "false",
      "ask": 5.9,
      "askSize": 40,
      "bid": 5.6,
      "bidSize": 120,
      "displaySymbol": "ADT Aug 18 '23 $12 Put",
      "inTheMoney": "y",
      "lastPrice": 0.0,
      "netChange": 0.0,
      "openInterest": 0,
      "optionCategory": "STANDARD",
      "optionRootSymbol": "ADT",
      "optionType": "PUT",
      "osiKey": "ADT---230818P00012000",
      "quoteDetail": "https://api.etrade.com/v1/market/quote/ADT:2023:8:18:PUT:12.000000",
      "strikePrice": 12.0,
      "symbol": "ADT",
      "timeStamp": 1688403599,
      "volume": 0
    },
    {
      "OptionGreeks": {
        "currentValue": "true",
        "delta": -1.0,
        "gamma": 0.0,
        "iv": 0.60108,
        "rho": 0.0,
        "theta": -0.0014,
        "vega": 0.0
      },
      "adjustedFlag": "false",
      "ask": 7.0,
      "askSize": 43,
      "bid": 6.1,
      "bidSize": 129,
      "displaySymbol": "ADT Aug 18 '23 $13 Put",
      "inTheMoney": "y",
      "lastPrice": 0.0,
      "netChange": 0.0,
      "openInterest": 0,
      "optionCategory": "STANDARD",
      "optionRootSymbol": "ADT",
      "optionType": "PUT",
      "osiKey": "ADT---230818P00013000",
      "quoteDetail": "https://api.etrade.com/v1/market/quote/ADT:2023:8:18:PUT:13.000000",
      "strikePrice": 13.0,
      "symbol": "ADT",
      "timeStamp": 1688403574,
      "volume": 0
    },
    {
      "OptionGreeks": {
        "currentValue": "true",
        "delta": -1.0,
        "gamma": 1e-05,
        "iv": 0.60108,
        "rho": 0.0,
        "theta": -0.0014,
        "vega": 0.0
      },
      "adjustedFlag": "false",
      "ask": 8.2,
      "askSize": 100,
      "bid": 7.1,
      "bidSize": 130,
      "displaySymbol": "ADT Aug 18 '23 $14 Put",
      "inTheMoney": "y",
      "lastPrice": 8.0,
      "netChange": 0.0,
      "openInterest": 1,
      "optionCategory": "STANDARD",
      "optionRootSymbol": "ADT",
      "optionType": "PUT",
      "osiKey": "ADT---230818P00014000",
      "quoteDetail": "https://api.etrade.com/v1/market/quote/ADT:2023:8:18:PUT:14.000000",
      "strikePrice": 14.0,
      "symbol": "ADT",
      "timeStamp": 1688403599,
      "volume": 0
    },
    {
      "OptionGreeks": {
        "currentValue": "true",
        "delta": -1.0,
        "gamma": 0.0,
        "iv": 0.60108,
        "rho": 0.0,
        "theta": -0.0014,
        "vega": 0.0
      },
      "adjustedFlag": "false",
      "ask": 9.1,
      "askSize": 80,
      "bid": 8.4,
      "bidSize": 130,
      "displaySymbol": "ADT Aug 18 '23 $15 Put",
      "inTheMoney": "y",
      "lastPrice": 0.0,
      "netChange": 0.0,
      "openInterest": 0,
      "optionCategory": "STANDARD",
      "optionRootSymbol": "ADT",
      "optionType": "PUT",
      "osiKey": "ADT---230818P00015000",
      "quoteDetail": "https://api.etrade.com/v1/market/quote/ADT:2023:8:18:PUT:15.000000",
      "strikePrice": 15.0,
      "symbol": "ADT",
      "timeStamp": 1688403599,
      "volume": 0
    },
    {
      "OptionGreeks": {
        "currentValue": "true",
        "delta": -1.0,
        "gamma": 0.0,
        "iv": 0.60108,
        "rho": 0.0,
        "theta": -0.0014,
        "vega": 0.0
      },
      "adjustedFlag": "false",
      "ask": 9.9,
      "askSize": 40,
      "bid": 9.4,
      "bidSize": 130,
      "displaySymbol": "ADT Aug 18 '23 $16 Put",
      "inTheMoney": "y",
      "lastPrice": 0.0,
      "netChange": 0.0,
      "openInterest": 0,
      "optionCategory": "STANDARD",
      "optionRootSymbol": "ADT",
      "optionType": "PUT",
      "osiKey": "ADT---230818P00016000",
      "quoteDetail": "https://api.etrade.com/v1/market/quote/ADT:2023:8:18:PUT:16.000000",
      "strikePrice": 16.0,
      "symbol": "ADT",
      "timeStamp": 1688403599,
      "volume": 0
    },
    {
      "OptionGreeks": {
        "currentValue": "true",
        "delta": -1.0,
        "gamma": 0.0,
        "iv": 0.60108,
        "rho": 0.0,
        "theta": -0.0014,
        "vega": 0.0
      },
      "adjustedFlag": "false",
      "ask": 11.7,
      "askSize": 90,
      "bid": 10.4,
      "bidSize": 130,
      "displaySymbol": "ADT Aug 18 '23 $17 Put",
      "inTheMoney": "y",
      "lastPrice": 0.0,
      "netChange": 0.0,
      "openInterest": 0,
      "optionCategory": "STANDARD",
      "optionRootSymbol": "ADT",
      "optionType": "PUT",
      "osiKey": "ADT---230818P00017000",
      "quoteDetail": "https://api.etrade.com/v1/market/quote/ADT:2023:8:18:PUT:17.000000",
      "strikePrice": 17.0,
      "symbol": "ADT",
      "timeStamp": 1688403599,
      "volume": 0
    },
    {
      "OptionGreeks": {
        "currentValue": "true",
        "delta": -1.0,
        "gamma": 0.0,
        "iv": 0.60108,
        "rho": 0.0,
        "theta": -0.0014,
        "vega": 0.0
      },
      "adjustedFlag": "false",
      "ask": 11.9,
      "askSize": 40,
      "bid": 11.6,
      "bidSize": 120,
      "displaySymbol": "ADT Aug 18 '23 $18 Put",
      "inTheMoney": "y",
      "lastPrice": 0.0,
      "netChange": 0.0,
      "openInterest": 0,
      "optionCategory": "STANDARD",
      "optionRootSymbol": "ADT",
      "optionType": "PUT",
      "osiKey": "ADT---230818P00018000",
      "quoteDetail": "https://api.etrade.com/v1/market/quote/ADT:2023:8:18:PUT:18.000000",
      "strikePrice": 18.0,
      "symbol": "ADT",
      "timeStamp": 1688403599,
      "volume": 0
    },
    {
      "OptionGreeks": {
        "currentValue": "true",
        "delta": 1.0,
        "gamma": 0.0,
        "iv": 0.49986,
        "rho": 0.00249,
        "theta": 0.0,
        "vega": 0.0
      },
      "adjustedFlag": "false",
      "ask": 4.3,
      "askSize": 40,
      "bid": 3.9,
      "bidSize": 140,
      "displaySymbol": "ADT Aug 18 '23 $2 Call",
      "inTheMoney": "y",
      "lastPrice": 3.99,
      "netChange": 0.0,
      "openInterest": 0,
      "optionCategory": "STANDARD",
      "optionRootSymbol": "ADT",
      "optionType": "CALL",
      "osiKey": "ADT---230818C00002000",
      "quoteDetail": "https://api.etrade.com/v1/market/quote/ADT:2023:8:18:CALL:2.000000",
      "strikePrice": 2.0,
      "symbol": "ADT",
      "timeStamp": 1688403599,
      "volume": 0
    },
    {
      "OptionGreeks": {
        "currentValue": "true",
        "delta": 1.0,
        "gamma": 6e-05,
        "iv": 0.49986,
        "rho": 0.00374,
        "theta": 0.0,
        "vega": 0.0
      },
      "adjustedFlag": "false",
      "ask": 3.9,
      "askSize": 60,
      "bid": 2.5,
      "bidSize": 140,
      "displaySymbol": "ADT Aug 18 '23 $3 Call",
      "inTheMoney": "y",
      "lastPrice": 2.1,
      "netChange": 0.0,
      "openInterest": 0,
      "optionCategory": "STANDARD",
      "optionRootSymbol": "ADT",
      "optionType": "CALL",
      "osiKey": "ADT---230818C00003000",
      "quoteDetail": "https://api.etrade.com/v1/market/quote/ADT:2023:8:18:CALL:3.000000",
      "strikePrice": 3.0,
      "symbol": "ADT",
      "timeStamp": 1688403599,
      "volume": 0
    },
    {
      "OptionGreeks": {
        "currentValue": "true",
        "delta": 0.99818,
        "gamma": 0.01486,
        "iv": 0.49986,
        "rho": 0.00496,
        "theta": 0.0,
        "vega": 0.00036
      },
      "adjustedFlag": "false",
      "ask": 2.4,
      "askSize": 72,
      "bid": 1.55,
      "bidSize": 202,
      "displaySymbol": "ADT Aug 18 '23 $4 Call",
      "inTheMoney": "y",
      "lastPrice": 2.2,
      "netChange": 0.0,
      "openInterest": 37,
      "optionCategory": "STANDARD",
      "optionRootSymbol": "ADT",
      "optionType": "CALL",
      "osiKey": "ADT---230818C00004000",
      "quoteDetail": "https://api.etrade.com/v1/market/quote/ADT:2023:8:18:CALL:4.000000",
      "strikePrice": 4.0,
      "symbol": "ADT",
      "timeStamp": 1688403599,
      "volume": 0
    },
    {
      "OptionGreeks": {
        "currentValue": "true",
        "delta": 0.90246,
        "gamma": 0.16272,
        "iv": 0.49986,
        "rho": 0.00541,
        "theta": -0.0019,
        "vega": 0.00388
      },
      "adjustedFlag": "false",
      "ask": 1.45,
      "askSize": 83,
      "bid": 1.2,
      "bidSize": 35,
      "displaySymbol": "ADT Aug 18 '23 $5 Call",
      "inTheMoney": "y",
      "lastPrice": 1.05,
      "netChange": 0.0,
      "openInterest": 229,
      "optionCategory": "STANDARD",
      "optionRootSymbol": "ADT",
      "optionType": "CALL",
      "osiKey": "ADT---230818C00005000",
      "quoteDetail": "https://api.etrade.com/v1/market/quote/ADT:2023:8:18:CALL:5.000000",
      "strikePrice": 5.0,
      "symbol": "ADT",
      "timeStamp": 1688403575,
      "volume": 0
    },
    {
      "OptionGreeks": {
        "currentValue": "true",
        "delta": 0.61553,
        "gamma": 0.46925,
        "iv": 0.37531,
        "rho": 0.00422,
        "theta": -0.00335,
        "vega": 0.00836
      },
      "adjustedFlag": "false",
      "ask": 0.5,
      "askSize": 27,
      "bid": 0.4,
      "bidSize": 276,
      "displaySymbol": "ADT Aug 18 '23 $6 Call",
      "inTheMoney": "y",
      "lastPrice": 0.45,
      "netChange": 0.07,
      "openInterest": 4658,
      "optionCategory": "STANDARD",
      "optionRootSymbol": "ADT",
      "optionType": "CALL",
      "osiKey": "ADT---230818C00006000",
      "quoteDetail": "https://api.etrade.com/v1/market/quote/ADT:2023:8:18:CALL:6.000000",
      "strikePrice": 6.0,
      "symbol": "ADT",
      "timeStamp": 1688403599,
      "volume": 18
    },
    {
      "OptionGreeks": {
        "currentValue": "true",
        "delta": 0.2089,
        "gamma": 0.33416,
        "iv": 0.3942,
        "rho": 0.00148,
        "theta": -0.00265,
        "vega": 0.00628
      },
      "adjustedFlag": "false",
      "ask": 0.15,
      "askSize": 425,
      "bid": 0.05,
      "bidSize": 368,
      "displaySymbol": "ADT Aug 18 '23 $7 Call",
      "inTheMoney": "n",
      "lastPrice": 0.08,
      "netChange": 0.0,
      "openInterest": 328,
      "optionCategory": "STANDARD",
      "optionRootSymbol": "ADT",
      "optionType": "CALL",
      "osiKey": "ADT---230818C00007000",
      "quoteDetail": "https://api.etrade.com/v1/market/quote/ADT:2023:8:18:CALL:7.000000",
      "strikePrice": 7.0,
      "symbol": "ADT",
      "timeStamp": 1688403599,
      "volume": 0
    },
    {
      "OptionGreeks": {
        "currentValue": "true",
        "delta": 0.06307,
        "gamma": 0.12633,
        "iv": 0.44833,
        "rho": 0.00045,
        "theta": -0.00128,
        "vega": 0.00273
      },
      "adjustedFlag": "false",
      "ask": 0.05,
      "askSize": 26,
      "bid": 0.0,
      "bidSize": 0,
      "displaySymbol": "ADT Aug 18 '23 $8 Call",
      "inTheMoney": "n",
      "lastPrice": 0.04,
      "netChange": 0.0,
      "openInterest": 513,
      "optionCategory": "STANDARD",
      "optionRootSymbol": "ADT",
      "optionType": "CALL",
      "osiKey": "ADT---230818C00008000",
      "quoteDetail": "https://api.etrade.com/v1/market/quote/ADT:2023:8:18:CALL:8.000000",
      "strikePrice": 8.0,
      "symbol": "ADT",
      "timeStamp": 1688403013,
      "volume": 0
    },
    {
      "OptionGreeks": {
        "currentValue": "true",
        "delta": 0.05034,
        "gamma": 0.07882,
        "iv": 0.60108,
        "rho": 0.00035,
        "theta": -0.00143,
        "vega": 0.00227
      },
      "adjustedFlag": "false",
      "ask": 0.05,
      "askSize": 70,
      "bid": 0.0,
      "bidSize": 0,
      "displaySymbol": "ADT Aug 18 '23 $9 Call",
      "inTheMoney": "n",
      "lastPrice": 0.01,
      "netChange": 0.0,
      "openInterest": 281,
      "optionCategory": "STANDARD",
      "optionRootSymbol": "ADT",
      "optionType": "CALL",
      "osiKey": "ADT---230818C00009000",
      "quoteDetail": "https://api.etrade.com/v1/market/quote/ADT:2023:8:18:CALL:9.000000",
      "strikePrice": 9.0,
      "symbol": "ADT",
      "timeStamp": 1688391903,
      "volume": 0
    },
    {
      "OptionGreeks": {
        "currentValue": "true",
        "delta": 0.01635,
        "gamma": 0.03092,
        "iv": 0.60108,
        "rho": 0.00011,
        "theta": -0.00055,
        "vega": 0.00089
      },
      "adjustedFlag": "false",
      "ask": 0.15,
      "askSize": 795,
      "bid": 0.0,
      "bidSize": 0,
      "displaySymbol": "ADT Aug 18 '23 $10 Call",
      "inTheMoney": "n",
      "lastPrice": 0.02,
      "netChange": 0.0,
      "openInterest": 117,
      "optionCategory": "STANDARD",
      "optionRootSymbol": "ADT",
      "optionType": "CALL",
      "osiKey": "ADT---230818C00010000",
      "quoteDetail": "https://api.etrade.com/v1/market/quote/ADT:2023:8:18:CALL:10.000000",
      "strikePrice": 10.0,
      "symbol": "ADT",
      "timeStamp": 1688403587,
      "volume": 0
    },
    {
      "OptionGreeks": {
        "currentValue": "true",
        "delta": 0.00487,
        "gamma": 0.01069,
        "iv": 0.60108,
        "rho": 3e-05,
        "theta": -0.00019,
        "vega": 0.00031
      },
      "adjustedFlag": "false",
      "ask": 0.6,
      "askSize": 1377,
      "bid": 0.0,
      "bidSize": 0,
      "displaySymbol": "ADT Aug 18 '23 $11 Call",
      "inTheMoney": "n",
      "lastPrice": 0.1,
      "netChange": 0.0,
      "openInterest": 54,
      "optionCategory": "STANDARD",
      "optionRootSymbol": "ADT",
      "optionType": "CALL",
      "osiKey": "ADT---230818C00011000",
      "quoteDetail": "https://api.etrade.com/v1/market/quote/ADT:2023:8:18:CALL:11.000000",
      "strikePrice": 11.0,
      "symbol": "ADT",
      "timeStamp": 1688403587,
      "volume": 0
    },
    {
      "OptionGreeks": {
        "currentValue": "true",
        "delta": 0.00137,
        "gamma": 0.00338,
        "iv": 0.60108,
        "rho": 1e-05,
        "theta": -6e-05,
        "vega": 0.0001
      },
      "adjustedFlag": "false",
      "ask": 0.6,
      "askSize": 1354,
      "bid": 0.0,
      "bidSize": 0,
      "displaySymbol": "ADT Aug 18 '23 $12 Call",
      "inTheMoney": "n",
      "lastPrice": 0.1,
      "netChange": 0.0,
      "openInterest": 11,
      "optionCategory": "STANDARD",
      "optionRootSymbol": "ADT",
      "optionType": "CALL",
      "osiKey": "ADT---230818C00012000",
      "quoteDetail": "https://api.etrade.com/v1/market/quote/ADT:2023:8:18:CALL:12.000000",
      "strikePrice": 12.0,
      "symbol": "ADT",
      "timeStamp": 1688403587,
      "volume": 0
    },
    {
      "OptionGreeks": {
        "currentValue": "true",
        "delta": 0.00037,
        "gamma": 0.001,
        "iv": 0.60108,
        "rho": 0.0,
        "theta": -2e-05,
        "vega": 3e-05
      },
      "adjustedFlag": "false",
      "ask": 0.15,
      "askSize": 804,
      "bid": 0.0,
      "bidSize": 0,
      "displaySymbol": "ADT Aug 18 '23 $13 Call",
      "inTheMoney": "n",
      "lastPrice": 0.0,
      "netChange": 0.0,
      "openInterest": 0,
      "optionCategory": "STANDARD",
      "optionRootSymbol": "ADT",
      "optionType": "CALL",
      "osiKey": "ADT---230818C00013000",
      "quoteDetail": "https://api.etrade.com/v1/market/quote/ADT:2023:8:18:CALL:13.000000",
      "strikePrice": 13.0,
      "symbol": "ADT",
      "timeStamp": 1688403587,
      "volume": 0
    },
    {
      "OptionGreeks": {
        "currentValue": "true",
        "delta": 0.0001,
        "gamma": 0.00028,
        "iv": 0.60108,
        "rho": 0.0,
        "theta": 0.0,
        "vega": 1e-05
      },
      "adjustedFlag": "false",
      "ask": 0.6,
      "askSize": 1357,
      "bid": 0.0,
      "bidSize": 0,
      "displaySymbol": "ADT Aug 18 '23 $14 Call",
      "inTheMoney": "n",
      "lastPrice": 0.0,
      "netChange": 0.0,
      "openInterest": 0,
      "optionCategory": "STANDARD",
      "optionRootSymbol": "ADT",
      "optionType": "CALL",
      "osiKey": "ADT---230818C00014000",
      "quoteDetail": "https://api.etrade.com/v1/market/quote/ADT:2023:8:18:CALL:14.000000",
      "strikePrice": 14.0,
      "symbol": "ADT",
      "timeStamp": 1688403587,
      "volume": 0
    },
    {
      "OptionGreeks": {
        "currentValue": "true",
        "delta": 2e-05,
        "gamma": 8e-05,
        "iv": 0.60108,
        "rho": 0.0,
        "theta": 0.0,
        "vega": 0.0
      },
      "adjustedFlag": "false",
      "ask": 0.6,
      "askSize": 1353,
      "bid": 0.0,
      "bidSize": 0,
      "displaySymbol": "ADT Aug 18 '23 $15 Call",
      "inTheMoney": "n",
      "lastPrice": 0.0,
      "netChange": 0.0,
      "openInterest": 0,
      "optionCategory": "STANDARD",
      "optionRootSymbol": "ADT",
      "optionType": "CALL",
      "osiKey": "ADT---230818C00015000",
      "quoteDetail": "https://api.etrade.com/v1/market/quote/ADT:2023:8:18:CALL:15.000000",
      "strikePrice": 15.0,
      "symbol": "ADT",
      "timeStamp": 1688403587,
      "volume": 0
    },
    {
      "OptionGreeks": {
        "currentValue": "true",
        "delta": 1e-05,
        "gamma": 2e-05,
        "iv": 0.60108,
        "rho": 0.0,
        "theta": 0.0,
        "vega": 0.0
      },
      "adjustedFlag": "false",
      "ask": 0.1,
      "askSize": 671,
      "bid": 0.0,
      "bidSize": 0,
      "displaySymbol": "ADT Aug 18 '23 $16 Call",
      "inTheMoney": "n",
      "lastPrice": 0.0,
      "netChange": 0.0,
      "openInterest": 0,
      "optionCategory": "STANDARD",
      "optionRootSymbol": "ADT",
      "optionType": "CALL",
      "osiKey": "ADT---230818C00016000",
      "quoteDetail": "https://api.etrade.com/v1/market/quote/ADT:2023:8:18:CALL:16.000000",
      "strikePrice": 16.0,
      "symbol": "ADT",
      "timeStamp": 1688403587,
      "volume": 0
    },
    {
      "OptionGreeks": {
        "currentValue": "true",
        "delta": 0.0,
        "gamma": 1e-05,
        "iv": 0.60108,
        "rho": 0.0,
        "theta": 0.0,
        "vega": 0.0
      },
      "adjustedFlag": "false",
      "ask": 0.1,
      "askSize": 674,
      "bid": 0.0,
      "bidSize": 0,
      "displaySymbol": "ADT Aug 18 '23 $17 Call",
      "inTheMoney": "n",
      "lastPrice": 0.0,
      "netChange": 0.0,
      "openInterest": 0,
      "optionCategory": "STANDARD",
      "optionRootSymbol": "ADT",
      "optionType": "CALL",
      "osiKey": "ADT---230818C00017000",
      "quoteDetail": "https://api.etrade.com/v1/market/quote/ADT:2023:8:18:CALL:17.000000",
      "strikePrice": 17.0,
      "symbol": "ADT",
      "timeStamp": 1688403587,
      "volume": 0
    },
    {
      "OptionGreeks": {
        "currentValue": "true",
        "delta": 0.0,
        "gamma": 0.0,
        "iv": 0.60108,
        "rho": 0.0,
        "theta": 0.0,
        "vega": 0.0
      },
      "adjustedFlag": "false",
      "ask": 0.6,
      "askSize": 1365,
      "bid": 0.0,
      "bidSize": 0,
      "displaySymbol": "ADT Aug 18 '23 $18 Call",
      "inTheMoney": "n",
      "lastPrice": 0.0,
      "netChange": 0.0,
      "openInterest": 0,
      "optionCategory": "STANDARD",
      "optionRootSymbol": "ADT",
      "optionType": "CALL",
      "osiKey": "ADT---230818C00018000",
      "quoteDetail": "https://api.etrade.com/v1/market/quote/ADT:2023:8:18:CALL:18.000000",
      "strikePrice": 18.0,
      "symbol": "ADT",
      "timeStamp": 1688403587,
      "volume": 0
    }
  ],
  "2023-11-17": [
    {
      "OptionGreeks": {
        "currentValue": "true",
        "delta": 0.0,
        "gamma": 0.0,
        "iv": 0.5153,
        "rho": 0.0,
        "theta": 0.0,
        "vega": 0.0
      },
      "adjustedFlag": "false",
      "ask": 0.75,
      "askSize": 1458,
      "bid": 0.0,
      "bidSize": 0,
      "displaySymbol": "ADT Nov 17 '23 $1 Put",
      "inTheMoney": "n",
      "lastPrice": 0.0,
      "netChange": 0.0,
      "openInterest": 0,
      "optionCategory": "STANDARD",
      "optionRootSymbol": "ADT",
      "optionType": "PUT",
      "osiKey": "ADT---231117P00001000",
      "quoteDetail": "https://api.etrade.com/v1/market/quote/ADT:2023:11:17:PUT:1.000000",
      "strikePrice": 1.0,
      "symbol": "ADT",
      "timeStamp": 1688403587,
      "volume": 0
    },
    {
      "OptionGreeks": {
        "currentValue": "true",
        "delta": -9e-05,
        "gamma": 0.00018,
        "iv": 0.5153,
        "rho": 0.0,
        "theta": 0.0,
        "vega": 1e-05
      },
      "adjustedFlag": "false",
      "ask": 0.6,
      "askSize": 1301,
      "bid": 0.0,
      "bidSize": 0,
      "displaySymbol": "ADT Nov 17 '23 $2 Put",
      "inTheMoney": "n",
      "lastPrice": 0.0,
      "netChange": 0.0,
      "openInterest": 0,
      "optionCategory": "STANDARD",
      "optionRootSymbol": "ADT",
      "optionType": "PUT",
      "osiKey": "ADT---231117P00002000",
      "quoteDetail": "https://api.etrade.com/v1/market/quote/ADT:2023:11:17:PUT:2.000000",
      "strikePrice": 2.0,
      "symbol": "ADT",
      "timeStamp": 1688403587,
      "volume": 0
    },
    {
      "OptionGreeks": {
        "currentValue": "true",
        "delta": -0.00701,
        "gamma": 0.01013,
        "iv": 0.5153,
        "rho": -0.00017,
        "theta": -0.00013,
        "vega": 0.00074
      },
      "adjustedFlag": "false",
      "ask": 0.65,
      "askSize": 1310,
      "bid": 0.0,
      "bidSize": 0,
      "displaySymbol": "ADT Nov 17 '23 $3 Put",
      "inTheMoney": "n",
      "lastPrice": 0.0,
      "netChange": 0.0,
      "openInterest": 0,
      "optionCategory": "STANDARD",
      "optionRootSymbol": "ADT",
      "optionType": "PUT",
      "osiKey": "ADT---231117P00003000",
      "quoteDetail": "https://api.etrade.com/v1/market/quote/ADT:2023:11:17:PUT:3.000000",
      "strikePrice": 3.0,
      "symbol": "ADT",
      "timeStamp": 1688403587,
      "volume": 0
    },
    {
      "OptionGreeks": {
        "currentValue": "true",
        "delta": -0.06142,
        "gamma": 0.06329,
        "iv": 0.5153,
        "rho": -0.00149,
        "theta": -0.00084,
        "vega": 0.00456
      },
      "adjustedFlag": "false",
      "ask": 0.2,
      "askSize": 791,
      "bid": 0.0,
      "bidSize": 0,
      "displaySymbol": "ADT Nov 17 '23 $4 Put",
      "inTheMoney": "n",
      "lastPrice": 0.0,
      "netChange": 0.0,
      "openInterest": 0,
      "optionCategory": "STANDARD",
      "optionRootSymbol": "ADT",
      "optionType": "PUT",
      "osiKey": "ADT---231117P00004000",
      "quoteDetail": "https://api.etrade.com/v1/market/quote/ADT:2023:11:17:PUT:4.000000",
      "strikePrice": 4.0,
      "symbol": "ADT",
      "timeStamp": 1688403587,
      "volume": 0
    },
    {
      "OptionGreeks": {
        "currentValue": "true",
        "delta": -0.20221,
        "gamma": 0.14808,
        "iv": 0.5153,
        "rho": -0.00487,
        "theta": -0.00196,
        "vega": 0.01053
      },
      "adjustedFlag": "false",
      "ask": 0.4,
      "askSize": 1195,
      "bid": 0.1,
      "bidSize": 442,
      "displaySymbol": "ADT Nov 17 '23 $5 Put",
      "inTheMoney": "n",
      "lastPrice": 0.2,
      "netChange": 0.0,
      "openInterest": 35,
      "optionCategory": "STANDARD",
      "optionRootSymbol": "ADT",
      "optionType": "PUT",
      "osiKey": "ADT---231117P00005000",
      "quoteDetail": "https://api.etrade.com/v1/market/quote/ADT:2023:11:17:PUT:5.000000",
      "strikePrice": 5.0,
      "symbol": "ADT",
      "timeStamp": 1688403599,
      "volume": 0
    },
    {
      "OptionGreeks": {
        "currentValue": "true",
        "delta": -0.40506,
        "gamma": 0.28653,
        "iv": 0.37347,
        "rho": -0.00875,
        "theta": -0.00198,
        "vega": 0.01439
      },
      "adjustedFlag": "false",
      "ask": 0.55,
      "askSize": 876,
      "bid": 0.3,
      "bidSize": 840,
      "displaySymbol": "ADT Nov 17 '23 $6 Put",
      "inTheMoney": "n",
      "lastPrice": 0.61,
      "netChange": 0.0,
      "openInterest": 395,
      "optionCategory": "STANDARD",
      "optionRootSymbol": "ADT",
      "optionType": "PUT",
      "osiKey": "ADT---231117P00006000",
      "quoteDetail": "https://api.etrade.com/v1/market/quote/ADT:2023:11:17:PUT:6.000000",
      "strikePrice": 6.0,
      "symbol": "ADT",
      "timeStamp": 1688403599,
      "volume": 0
    },
    {
      "OptionGreeks": {
        "currentValue": "true",
        "delta": -0.71541,
        "gamma": 0.31077,
        "iv": 0.32784,
        "rho": -0.01274,
        "theta": -0.00155,
        "vega": 0.01252
      },
      "adjustedFlag": "false",
      "ask": 1.05,
      "askSize": 17,
      "bid": 0.95,
      "bidSize": 17,
      "displaySymbol": "ADT Nov 17 '23 $7 Put",
      "inTheMoney": "y",
      "lastPrice": 1.25,
      "netChange": 0.0,
      "openInterest": 1,
      "optionCategory": "STANDARD",
      "optionRootSymbol": "ADT",
      "optionType": "PUT",
      "osiKey": "ADT---231117P00007000",
      "quoteDetail": "https://api.etrade.com/v1/market/quote/ADT:2023:11:17:PUT:7.000000",
      "strikePrice": 7.0,
      "symbol": "ADT",
      "timeStamp": 1688403588,
      "volume": 0
    },
    {
      "OptionGreeks": {
        "currentValue": "true",
        "delta": -0.95162,
        "gamma": 0.25697,
        "iv": 0.32408,
        "rho": -0.00541,
        "theta": -0.00109,
        "vega": 0.00366
      },
      "adjustedFlag": "false",
      "ask": 2.05,
      "askSize": 36,
      "bid": 1.35,
      "bidSize": 217,
      "displaySymbol": "ADT Nov 17 '23 $8 Put",
      "inTheMoney": "y",
      "lastPrice": 1.7,
      "netChange": 0.0,
      "openInterest": 0,
      "optionCategory": "STANDARD",
      "optionRootSymbol": "ADT",
      "optionType": "PUT",
      "osiKey": "ADT---231117P00008000",
      "quoteDetail": "https://api.etrade.com/v1/market/quote/ADT:2023:11:17:PUT:8.000000",
      "strikePrice": 8.0,
      "symbol": "ADT",
      "timeStamp": 1688403599,
      "volume": 0
    },
    {
      "OptionGreeks": {
        "currentValue": "true",
        "delta": -0.99217,
        "gamma": 0.05866,
        "iv": 0.3923,
        "rho": 0.0,
        "theta": -0.00101,
        "vega": 0.0
      },
      "adjustedFlag": "false",
      "ask": 3.6,
      "askSize": 90,
      "bid": 2.4,
      "bidSize": 139,
      "displaySymbol": "ADT Nov 17 '23 $9 Put",
      "inTheMoney": "y",
      "lastPrice": 3.0,
      "netChange": 0.0,
      "openInterest": 1,
      "optionCategory": "STANDARD",
      "optionRootSymbol": "ADT",
      "optionType": "PUT",
      "osiKey": "ADT---231117P00009000",
      "quoteDetail": "https://api.etrade.com/v1/market/quote/ADT:2023:11:17:PUT:9.000000",
      "strikePrice": 9.0,
      "symbol": "ADT",
      "timeStamp": 1688403599,
      "volume": 0
    },
    {
      "OptionGreeks": {
        "currentValue": "true",
        "delta": -1.0,
        "gamma": 1e-05,
        "iv": 0.3923,
        "rho": 0.0,
        "theta": -0.00101,
        "vega": 0.0
      },
      "adjustedFlag": "false",
      "ask": 4.5,
      "askSize": 90,
      "bid": 3.4,
      "bidSize": 139,
      "displaySymbol": "ADT Nov 17 '23 $10 Put",
      "inTheMoney": "y",
      "lastPrice": 0.0,
      "netChange": 0.0,
      "openInterest": 0,
      "optionCategory": "STANDARD",
      "optionRootSymbol": "ADT",
      "optionType": "PUT",
      "osiKey": "ADT---231117P00010000",
      "quoteDetail": "https://api.etrade.com/v1/market/quote/ADT:2023:11:17:PUT:10.000000",
      "strikePrice": 10.0,
      "symbol": "ADT",
      "timeStamp": 1688403599,
      "volume": 0
    },
    {
      "OptionGreeks": {
        "currentValue": "true",
        "delta": -1.0,
        "gamma": 0.0,
        "iv": 0.3923,
        "rho": 0.0,
        "theta": -0.00101,
        "vega": 0.0
      },
      "adjustedFlag": "false",
      "ask": 5.0,
      "askSize": 40,
      "bid": 4.1,
      "bidSize": 139,
      "displaySymbol": "ADT Nov 17 '23 $11 Put",
      "inTheMoney": "y",
      "lastPrice": 0.0,
      "netChange": 0.0,
      "openInterest": 0,
      "optionCategory": "STANDARD",
      "optionRootSymbol": "ADT",
      "optionType": "PUT",
      "osiKey": "ADT---231117P00011000",
      "quoteDetail": "https://api.etrade.com/v1/market/quote/ADT:2023:11:17:PUT:11.000000",
      "strikePrice": 11.0,
      "symbol": "ADT",
      "timeStamp": 1688403574,
      "volume": 0
    },
    {
      "OptionGreeks": {
        "currentValue": "true",
        "delta": -1.0,
        "gamma": 0.0,
        "iv": 0.3923,
        "rho": 0.0,
        "theta": -0.00101,
        "vega": 0.0
      },
      "adjustedFlag": "false",
      "ask": 6.5,
      "askSize": 90,
      "bid": 5.3,
      "bidSize": 139,
      "displaySymbol": "ADT Nov 17 '23 $12 Put",
      "inTheMoney": "y",
      "lastPrice": 0.0,
      "netChange": 0.0,
      "openInterest": 0,
      "optionCategory": "STANDARD",
      "optionRootSymbol": "ADT",
      "optionType": "PUT",
      "osiKey": "ADT---231117P00012000",
      "quoteDetail": "https://api.etrade.com/v1/market/quote/ADT:2023:11:17:PUT:12.000000",
      "strikePrice": 12.0,
      "symbol": "ADT",
      "timeStamp": 1688403542,
      "volume": 0
    },
    {
      "OptionGreeks": {
        "currentValue": "true",
        "delta": -1.0,
        "gamma": 0.0,
        "iv": 0.3923,
        "rho": 0.0,
        "theta": -0.00101,
        "vega": 0.0
      },
      "adjustedFlag": "false",
      "ask": 7.4,
      "askSize": 101,
      "bid": 6.0,
      "bidSize": 140,
      "displaySymbol": "ADT Nov 17 '23 $13 Put",
      "inTheMoney": "y",
      "lastPrice": 0.0,
      "netChange": 0.0,
      "openInterest": 0,
      "optionCategory": "STANDARD",
      "optionRootSymbol": "ADT",
      "optionType": "PUT",
      "osiKey": "ADT---231117P00013000",
      "quoteDetail": "https://api.etrade.com/v1/market/quote/ADT:2023:11:17:PUT:13.000000",
      "strikePrice": 13.0,
      "symbol": "ADT",
      "timeStamp": 1688403534,
      "volume": 0
    },
    {
      "OptionGreeks": {
        "currentValue": "true",
        "delta": -1.0,
        "gamma": 1e-05,
        "iv": 0.3923,
        "rho": 0.0,
        "theta": -0.00101,
        "vega": 0.0
      },
      "adjustedFlag": "false",
      "ask": 8.7,
      "askSize": 73,
      "bid": 7.6,
      "bidSize": 127,
      "displaySymbol": "ADT Nov 17 '23 $14 Put",
      "inTheMoney": "y",
      "lastPrice": 0.0,
      "netChange": 0.0,
      "openInterest": 0,
      "optionCategory": "STANDARD",
      "optionRootSymbol": "ADT",
      "optionType": "PUT",
      "osiKey": "ADT---231117P00014000",
      "quoteDetail": "https://api.etrade.com/v1/market/quote/ADT:2023:11:17:PUT:14.000000",
      "strikePrice": 14.0,
      "symbol": "ADT",
      "timeStamp": 1688403574,
      "volume": 0
    },
    {
      "OptionGreeks": {
        "currentValue": "true",
        "delta": 1.0,
        "gamma": 0.0,
        "iv": 0.5153,
        "rho": 0.00201,
        "theta": 0.0,
        "vega": 0.0
      },
      "adjustedFlag": "false",
      "ask": 5.3,
      "askSize": 40,
      "bid": 5.1,
      "bidSize": 40,
      "displaySymbol": "ADT Nov 17 '23 $1 Call",
      "inTheMoney": "y",
      "lastPrice": 0.0,
      "netChange": 0.0,
      "openInterest": 0,
      "optionCategory": "STANDARD",
      "optionRootSymbol": "ADT",
      "optionType": "CALL",
      "osiKey": "ADT---231117C00001000",
      "quoteDetail": "https://api.etrade.com/v1/market/quote/ADT:2023:11:17:CALL:1.000000",
      "strikePrice": 1.0,
      "symbol": "ADT",
      "timeStamp": 1688403492,
      "volume": 0
    },
    {
      "OptionGreeks": {
        "currentValue": "true",
        "delta": 1.0,
        "gamma": 3e-05,
        "iv": 0.5153,
        "rho": 0.00393,
        "theta": 0.0,
        "vega": 0.0
      },
      "adjustedFlag": "false",
      "ask": 4.3,
      "askSize": 40,
      "bid": 3.7,
      "bidSize": 139,
      "displaySymbol": "ADT Nov 17 '23 $2 Call",
      "inTheMoney": "y",
      "lastPrice": 0.0,
      "netChange": 0.0,
      "openInterest": 0,
      "optionCategory": "STANDARD",
      "optionRootSymbol": "ADT",
      "optionType": "CALL",
      "osiKey": "ADT---231117C00002000",
      "quoteDetail": "https://api.etrade.com/v1/market/quote/ADT:2023:11:17:CALL:2.000000",
      "strikePrice": 2.0,
      "symbol": "ADT",
      "timeStamp": 1688403599,
      "volume": 0
    },
    {
      "OptionGreeks": {
        "currentValue": "true",
        "delta": 0.99539,
        "gamma": 0.01004,
        "iv": 0.5153,
        "rho": 0.01102,
        "theta": 0.0,
        "vega": 0.00074
      },
      "adjustedFlag": "false",
      "ask": 3.9,
      "askSize": 60,
      "bid": 2.85,
      "bidSize": 139,
      "displaySymbol": "ADT Nov 17 '23 $3 Call",
      "inTheMoney": "y",
      "lastPrice": 3.0,
      "netChange": 0.0,
      "openInterest": 0,
      "optionCategory": "STANDARD",
      "optionRootSymbol": "ADT",
      "optionType": "CALL",
      "osiKey": "ADT---231117C00003000",
      "quoteDetail": "https://api.etrade.com/v1/market/quote/ADT:2023:11:17:CALL:3.000000",
      "strikePrice": 3.0,
      "symbol": "ADT",
      "timeStamp": 1688403599,
      "volume": 0
    },
    {
      "OptionGreeks": {
        "currentValue": "true",
        "delta": 0.94162,
        "gamma": 0.06241,
        "iv": 0.5153,
        "rho": 0.01326,
        "theta": -0.00051,
        "vega": 0.00453
      },
      "adjustedFlag": "false",
      "ask": 2.4,
      "askSize": 37,
      "bid": 1.95,
      "bidSize": 139,
      "displaySymbol": "ADT Nov 17 '23 $4 Call",
      "inTheMoney": "y",
      "lastPrice": 2.02,
      "netChange": 0.0,
      "openInterest": 1,
      "optionCategory": "STANDARD",
      "optionRootSymbol": "ADT",
      "optionType": "CALL",
      "osiKey": "ADT---231117C00004000",
      "quoteDetail": "https://api.etrade.com/v1/market/quote/ADT:2023:11:17:CALL:4.000000",
      "strikePrice": 4.0,
      "symbol": "ADT",
      "timeStamp": 1688403599,
      "volume": 0
    },
    {
      "OptionGreeks": {
        "currentValue": "true",
        "delta": 0.80334,
        "gamma": 0.14493,
        "iv": 0.5153,
        "rho": 0.01302,
        "theta": -0.00175,
        "vega": 0.01045
      },
      "adjustedFlag": "false",
      "ask": 1.6,
      "askSize": 303,
      "bid": 1.3,
      "bidSize": 172,
      "displaySymbol": "ADT Nov 17 '23 $5 Call",
      "inTheMoney": "y",
      "lastPrice": 1.35,
      "netChange": 0.0,
      "openInterest": 7,
      "optionCategory": "STANDARD",
      "optionRootSymbol": "ADT",
      "optionType": "CALL",
      "osiKey": "ADT---231117C00005000",
      "quoteDetail": "https://api.etrade.com/v1/market/quote/ADT:2023:11:17:CALL:5.000000",
      "strikePrice": 5.0,
      "symbol": "ADT",
      "timeStamp": 1688403599,
      "volume": 0
    },
    {
      "OptionGreeks": {
        "currentValue": "true",
        "delta": 0.60866,
        "gamma": 0.27568,
        "iv": 0.37347,
        "rho": 0.01147,
        "theta": -0.00187,
        "vega": 0.01437
      },
      "adjustedFlag": "false",
      "ask": 0.8,
      "askSize": 2,
      "bid": 0.6,
      "bidSize": 425,
      "displaySymbol": "ADT Nov 17 '23 $6 Call",
      "inTheMoney": "y",
      "lastPrice": 0.55,
      "netChange": 0.0,
      "openInterest": 68,
      "optionCategory": "STANDARD",
      "optionRootSymbol": "ADT",
      "optionType": "CALL",
      "osiKey": "ADT---231117C00006000",
      "quoteDetail": "https://api.etrade.com/v1/market/quote/ADT:2023:11:17:CALL:6.000000",
      "strikePrice": 6.0,
      "symbol": "ADT",
      "timeStamp": 1688403599,
      "volume": 0
    },
    {
      "OptionGreeks": {
        "currentValue": "true",
        "delta": 0.31549,
        "gamma": 0.28984,
        "iv": 0.32784,
        "rho": 0.00636,
        "theta": -0.00155,
        "vega": 0.0133
      },
      "adjustedFlag": "false",
      "ask": 0.3,
      "askSize": 107,
      "bid": 0.15,
      "bidSize": 1262,
      "displaySymbol": "ADT Nov 17 '23 $7 Call",
      "inTheMoney": "n",
      "lastPrice": 0.18,
      "netChange": 0.0,
      "openInterest": 328,
      "optionCategory": "STANDARD",
      "optionRootSymbol": "ADT",
      "optionType": "CALL",
      "osiKey": "ADT---231117C00007000",
      "quoteDetail": "https://api.etrade.com/v1/market/quote/ADT:2023:11:17:CALL:7.000000",
      "strikePrice": 7.0,
      "symbol": "ADT",
      "timeStamp": 1688403599,
      "volume": 0
    },
    {
      "OptionGreeks": {
        "currentValue": "true",
        "delta": 0.12347,
        "gamma": 0.16798,
        "iv": 0.32408,
        "rho": 0.00254,
        "theta": -0.00088,
        "vega": 0.00772
      },
      "adjustedFlag": "false",
      "ask": 0.15,
      "askSize": 121,
      "bid": 0.0,
      "bidSize": 0,
      "displaySymbol": "ADT Nov 17 '23 $8 Call",
      "inTheMoney": "n",
      "lastPrice": 0.15,
      "netChange": 0.0,
      "openInterest": 114,
      "optionCategory": "STANDARD",
      "optionRootSymbol": "ADT",
      "optionType": "CALL",
      "osiKey": "ADT---231117C00008000",
      "quoteDetail": "https://api.etrade.com/v1/market/quote/ADT:2023:11:17:CALL:8.000000",
      "strikePrice": 8.0,
      "symbol": "ADT",
      "timeStamp": 1688403574,
      "volume": 0
    },
    {
      "OptionGreeks": {
        "currentValue": "true",
        "delta": 0.07995,
        "gamma": 0.10092,
        "iv": 0.3923,
        "rho": 0.00162,
        "theta": -0.00077,
        "vega": 0.00562
      },
      "adjustedFlag": "false",
      "ask": 0.1,
      "askSize": 4,
      "bid": 0.0,
      "bidSize": 0,
      "displaySymbol": "ADT Nov 17 '23 $9 Call",
      "inTheMoney": "n",
      "lastPrice": 0.05,
      "netChange": 0.0,
      "openInterest": 116,
      "optionCategory": "STANDARD",
      "optionRootSymbol": "ADT",
      "optionType": "CALL",
      "osiKey": "ADT---231117C00009000",
      "quoteDetail": "https://api.etrade.com/v1/market/quote/ADT:2023:11:17:CALL:9.000000",
      "strikePrice": 9.0,
      "symbol": "ADT",
      "timeStamp": 1688391903,
      "volume": 0
    },
    {
      "OptionGreeks": {
        "currentValue": "true",
        "delta": 0.03262,
        "gamma": 0.04944,
        "iv": 0.3923,
        "rho": 0.00067,
        "theta": -0.00037,
        "vega": 0.00279
      },
      "adjustedFlag": "false",
      "ask": 0.6,
      "askSize": 1259,
      "bid": 0.0,
      "bidSize": 0,
      "displaySymbol": "ADT Nov 17 '23 $10 Call",
      "inTheMoney": "n",
      "lastPrice": 0.2,
      "netChange": 0.0,
      "openInterest": 3,
      "optionCategory": "STANDARD",
      "optionRootSymbol": "ADT",
      "optionType": "CALL",
      "osiKey": "ADT---231117C00010000",
      "quoteDetail": "https://api.etrade.com/v1/market/quote/ADT:2023:11:17:CALL:10.000000",
      "strikePrice": 10.0,
      "symbol": "ADT",
      "timeStamp": 1688403587,
      "volume": 0
    },
    {
      "OptionGreeks": {
        "currentValue": "true",
        "delta": 0.01251,
        "gamma": 0.02191,
        "iv": 0.3923,
        "rho": 0.00026,
        "theta": -0.00016,
        "vega": 0.00125
      },
      "adjustedFlag": "false",
      "ask": 0.6,
      "askSize": 1302,
      "bid": 0.0,
      "bidSize": 0,
      "displaySymbol": "ADT Nov 17 '23 $11 Call",
      "inTheMoney": "n",
      "lastPrice": 0.07,
      "netChange": 0.0,
      "openInterest": 1,
      "optionCategory": "STANDARD",
      "optionRootSymbol": "ADT",
      "optionType": "CALL",
      "osiKey": "ADT---231117C00011000",
      "quoteDetail": "https://api.etrade.com/v1/market/quote/ADT:2023:11:17:CALL:11.000000",
      "strikePrice": 11.0,
      "symbol": "ADT",
      "timeStamp": 1688403587,
      "volume": 0
    },
    {
      "OptionGreeks": {
        "currentValue": "true",
        "delta": 0.00459,
        "gamma": 0.00905,
        "iv": 0.3923,
        "rho": 9e-05,
        "theta": -7e-05,
        "vega": 0.00052
      },
      "adjustedFlag": "false",
      "ask": 0.75,
      "askSize": 1330,
      "bid": 0.0,
      "bidSize": 0,
      "displaySymbol": "ADT Nov 17 '23 $12 Call",
      "inTheMoney": "n",
      "lastPrice": 0.0,
      "netChange": 0.0,
      "openInterest": 0,
      "optionCategory": "STANDARD",
      "optionRootSymbol": "ADT",
      "optionType": "CALL",
      "osiKey": "ADT---231117C00012000",
      "quoteDetail": "https://api.etrade.com/v1/market/quote/ADT:2023:11:17:CALL:12.000000",
      "strikePrice": 12.0,
      "symbol": "ADT",
      "timeStamp": 1688403587,
      "volume": 0
    },
    {
      "OptionGreeks": {
        "currentValue": "true",
        "delta": 0.00163,
        "gamma": 0.00355,
        "iv": 0.3923,
        "rho": 3e-05,
        "theta": -3e-05,
        "vega": 0.00021
      },
      "adjustedFlag": "false",
      "ask": 0.75,
      "askSize": 1361,
      "bid": 0.0,
      "bidSize": 0,
      "displaySymbol": "ADT Nov 17 '23 $13 Call",
      "inTheMoney": "n",
      "lastPrice": 0.0,
      "netChange": 0.0,
      "openInterest": 0,
      "optionCategory": "STANDARD",
      "optionRootSymbol": "ADT",
      "optionType": "CALL",
      "osiKey": "ADT---231117C00013000",
      "quoteDetail": "https://api.etrade.com/v1/market/quote/ADT:2023:11:17:CALL:13.000000",
      "strikePrice": 13.0,
      "symbol": "ADT",
      "timeStamp": 1688403587,
      "volume": 0
    },
    {
      "OptionGreeks": {
        "currentValue": "true",
        "delta": 0.00057,
        "gamma": 0.00135,
        "iv": 0.3923,
        "rho": 1e-05,
        "theta": -1e-05,
        "vega": 8e-05
      },
      "adjustedFlag": "false",
      "ask": 0.75,
      "askSize": 1405,
      "bid": 0.0,
      "bidSize": 0,
      "displaySymbol": "ADT Nov 17 '23 $14 Call",
      "inTheMoney": "n",
      "lastPrice": 0.0,
      "netChange": 0.0,
      "openInterest": 0,
      "optionCategory": "STANDARD",
      "optionRootSymbol": "ADT",
      "optionType": "CALL",
      "osiKey": "ADT---231117C00014000",
      "quoteDetail": "https://api.etrade.com/v1/market/quote/ADT:2023:11:17:CALL:14.000000",
      "strikePrice": 14.0,
      "symbol": "ADT",
      "timeStamp": 1688403587,
      "volume": 0
    }
  ],
  "2024-01-19": [
    {
      "OptionGreeks": {
        "currentValue": "true",
        "delta": -2e-05,
        "gamma": 3e-05,
        "iv": 0.6451,
        "rho": 0.0,
        "theta": 0.0,
        "vega": 0.0
      },
      "adjustedFlag": "false",
      "ask": 0.8,
      "askSize": 1664,
      "bid": 0.0,
      "bidSize": 0,
      "displaySymbol": "ADT Jan 19 '24 $1 Put",
      "inTheMoney": "n",
      "lastPrice": 0.0,
      "netChange": 0.0,
      "openInterest": 0,
      "optionCategory": "STANDARD",
      "optionRootSymbol": "ADT",
      "optionType": "PUT",
      "osiKey": "ADT---240119P00001000",
      "quoteDetail": "https://api.etrade.com/v1/market/quote/ADT:2024:1:19:PUT:1.000000",
      "strikePrice": 1.0,
      "symbol": "ADT",
      "timeStamp": 1688403587,
      "volume": 0
    },
    {
      "OptionGreeks": {
        "currentValue": "true",
        "delta": -0.0043,
        "gamma": 0.00437,
        "iv": 0.6451,
        "rho": -0.00016,
        "theta": -9e-05,
        "vega": 0.00057
      },
      "adjustedFlag": "false",
      "ask": 0.8,
      "askSize": 1508,
      "bid": 0.0,
      "bidSize": 0,
      "displaySymbol": "ADT Jan 19 '24 $2 Put",
      "inTheMoney": "n",
      "lastPrice": 0.0,
      "netChange": 0.0,
      "openInterest": 0,
      "optionCategory": "STANDARD",
      "optionRootSymbol": "ADT",
      "optionType": "PUT",
      "osiKey": "ADT---240119P00002000",
      "quoteDetail": "https://api.etrade.com/v1/market/quote/ADT:2024:1:19:PUT:2.000000",
      "strikePrice": 2.0,
      "symbol": "ADT",
      "timeStamp": 1688403587,
      "volume": 0
    },
    {
      "OptionGreeks": {
        "currentValue": "true",
        "delta": -0.03792,
        "gamma": 0.02863,
        "iv": 0.6451,
        "rho": -0.00145,
        "theta": -0.00058,
        "vega": 0.00373
      },
      "adjustedFlag": "false",
      "ask": 0.1,
      "askSize": 1,
      "bid": 0.0,
      "bidSize": 0,
      "displaySymbol": "ADT Jan 19 '24 $3 Put",
      "inTheMoney": "n",
      "lastPrice": 0.15,
      "netChange": 0.0,
      "openInterest": 4,
      "optionCategory": "STANDARD",
      "optionRootSymbol": "ADT",
      "optionType": "PUT",
      "osiKey": "ADT---240119P00003000",
      "quoteDetail": "https://api.etrade.com/v1/market/quote/ADT:2024:1:19:PUT:3.000000",
      "strikePrice": 3.0,
      "symbol": "ADT",
      "timeStamp": 1688391003,
      "volume": 0
    },
    {
      "OptionGreeks": {
        "currentValue": "true",
        "delta": -0.09398,
        "gamma": 0.06975,
        "iv": 0.53946,
        "rho": -0.00351,
        "theta": -0.001,
        "vega": 0.00756
      },
      "adjustedFlag": "false",
      "ask": 0.45,
      "askSize": 1131,
      "bid": 0.0,
      "bidSize": 0,
      "displaySymbol": "ADT Jan 19 '24 $4 Put",
      "inTheMoney": "n",
      "lastPrice": 0.1,
      "netChange": 0.0,
      "openInterest": 15,
      "optionCategory": "STANDARD",
      "optionRootSymbol": "ADT",
      "optionType": "PUT",
      "osiKey": "ADT---240119P00004000",
      "quoteDetail": "https://api.etrade.com/v1/market/quote/ADT:2024:1:19:PUT:4.000000",
      "strikePrice": 4.0,
      "symbol": "ADT",
      "timeStamp": 1688403587,
      "volume": 0
    },
    {
      "OptionGreeks": {
        "currentValue": "true",
        "delta": -0.20471,
        "gamma": 0.14038,
        "iv": 0.45752,
        "rho": -0.00736,
        "theta": -0.00144,
        "vega": 0.01277
      },
      "adjustedFlag": "false",
      "ask": 0.45,
      "askSize": 1026,
      "bid": 0.1,
      "bidSize": 2,
      "displaySymbol": "ADT Jan 19 '24 $5 Put",
      "inTheMoney": "n",
      "lastPrice": 0.3,
      "netChange": 0.0,
      "openInterest": 182,
      "optionCategory": "STANDARD",
      "optionRootSymbol": "ADT",
      "optionType": "PUT",
      "osiKey": "ADT---240119P00005000",
      "quoteDetail": "https://api.etrade.com/v1/market/quote/ADT:2024:1:19:PUT:5.000000",
      "strikePrice": 5.0,
      "symbol": "ADT",
      "timeStamp": 1688403587,
      "volume": 0
    },
    {
      "OptionGreeks": {
        "currentValue": "true",
        "delta": -0.39414,
        "gamma": 0.22228,
        "iv": 0.40291,
        "rho": -0.01301,
        "theta": -0.00174,
        "vega": 0.01722
      },
      "adjustedFlag": "false",
      "ask": 0.65,
      "askSize": 711,
      "bid": 0.5,
      "bidSize": 170,
      "displaySymbol": "ADT Jan 19 '24 $6 Put",
      "inTheMoney": "n",
      "lastPrice": 0.55,
      "netChange": 0.0,
      "openInterest": 87,
      "optionCategory": "STANDARD",
      "optionRootSymbol": "ADT",
      "optionType": "PUT",
      "osiKey": "ADT---240119P00006000",
      "quoteDetail": "https://api.etrade.com/v1/market/quote/ADT:2024:1:19:PUT:6.000000",
      "strikePrice": 6.0,
      "symbol": "ADT",
      "timeStamp": 1688403587,
      "volume": 0
    },
    {
      "OptionGreeks": {
        "currentValue": "true",
        "delta": -0.66069,
        "gamma": 0.28395,
        "iv": 0.33529,
        "rho": -0.01693,
        "theta": -0.00145,
        "vega": 0.01616
      },
      "adjustedFlag": "false",
      "ask": 1.1,
      "askSize": 5,
      "bid": 0.95,
      "bidSize": 904,
      "displaySymbol": "ADT Jan 19 '24 $7 Put",
      "inTheMoney": "y",
      "lastPrice": 1.2,
      "netChange": 0.0,
      "openInterest": 9493,
      "optionCategory": "STANDARD",
      "optionRootSymbol": "ADT",
      "optionType": "PUT",
      "osiKey": "ADT---240119P00007000",
      "quoteDetail": "https://api.etrade.com/v1/market/quote/ADT:2024:1:19:PUT:7.000000",
      "strikePrice": 7.0,
      "symbol": "ADT",
      "timeStamp": 1688403587,
      "volume": 0
    },
    {
      "OptionGreeks": {
        "currentValue": "true",
        "delta": -0.97484,
        "gamma": 0.21463,
        "iv": 0.28724,
        "rho": 0.0,
        "theta": -0.00122,
        "vega": 0.0017
      },
      "adjustedFlag": "false",
      "ask": 2.55,
      "askSize": 265,
      "bid": 1.5,
      "bidSize": 310,
      "displaySymbol": "ADT Jan 19 '24 $8 Put",
      "inTheMoney": "y",
      "lastPrice": 1.75,
      "netChange": 0.0,
      "openInterest": 1,
      "optionCategory": "STANDARD",
      "optionRootSymbol": "ADT",
      "optionType": "PUT",
      "osiKey": "ADT---240119P00008000",
      "quoteDetail": "https://api.etrade.com/v1/market/quote/ADT:2024:1:19:PUT:8.000000",
      "strikePrice": 8.0,
      "symbol": "ADT",
      "timeStamp": 1688403585,
      "volume": 0
    },
    {
      "OptionGreeks": {
        "currentValue": "true",
        "delta": -1.0,
        "gamma": 1e-05,
        "iv": 0.34816,
        "rho": 0.0,
        "theta": -0.00122,
        "vega": 0.0
      },
      "adjustedFlag": "false",
      "ask": 3.3,
      "askSize": 80,
      "bid": 2.4,
      "bidSize": 124,
      "displaySymbol": "ADT Jan 19 '24 $9 Put",
      "inTheMoney": "y",
      "lastPrice": 0.0,
      "netChange": 0.0,
      "openInterest": 0,
      "optionCategory": "STANDARD",
      "optionRootSymbol": "ADT",
      "optionType": "PUT",
      "osiKey": "ADT---240119P00009000",
      "quoteDetail": "https://api.etrade.com/v1/market/quote/ADT:2024:1:19:PUT:9.000000",
      "strikePrice": 9.0,
      "symbol": "ADT",
      "timeStamp": 1688403599,
      "volume": 0
    },
    {
      "OptionGreeks": {
        "currentValue": "true",
        "delta": -1.0,
        "gamma": 0.0,
        "iv": 0.33711,
        "rho": 0.0,
        "theta": -0.00122,
        "vega": 0.0
      },
      "adjustedFlag": "false",
      "ask": 4.0,
      "askSize": 40,
      "bid": 3.7,
      "bidSize": 40,
      "displaySymbol": "ADT Jan 19 '24 $10 Put",
      "inTheMoney": "y",
      "lastPrice": 4.0,
      "netChange": 0.0,
      "openInterest": 403,
      "optionCategory": "STANDARD",
      "optionRootSymbol": "ADT",
      "optionType": "PUT",
      "osiKey": "ADT---240119P00010000",
      "quoteDetail": "https://api.etrade.com/v1/market/quote/ADT:2024:1:19:PUT:10.000000",
      "strikePrice": 10.0,
      "symbol": "ADT",
      "timeStamp": 1688403588,
      "volume": 0
    },
    {
      "OptionGreeks": {
        "currentValue": "true",
        "delta": -0.96925,
        "gamma": 0.11308,
        "iv": 0.54694,
        "rho": -0.00532,
        "theta": -0.00131,
        "vega": 0.00253
      },
      "adjustedFlag": "false",
      "ask": 5.3,
      "askSize": 80,
      "bid": 4.6,
      "bidSize": 120,
      "displaySymbol": "ADT Jan 19 '24 $11 Put",
      "inTheMoney": "y",
      "lastPrice": 0.0,
      "netChange": 0.0,
      "openInterest": 0,
      "optionCategory": "STANDARD",
      "optionRootSymbol": "ADT",
      "optionType": "PUT",
      "osiKey": "ADT---240119P00011000",
      "quoteDetail": "https://api.etrade.com/v1/market/quote/ADT:2024:1:19:PUT:11.000000",
      "strikePrice": 11.0,
      "symbol": "ADT",
      "timeStamp": 1688403599,
      "volume": 0
    },
    {
      "OptionGreeks": {
        "currentValue": "true",
        "delta": -0.97619,
        "gamma": 0.09112,
        "iv": 0.60357,
        "rho": -0.00383,
        "theta": -0.0013,
        "vega": 0.00215
      },
      "adjustedFlag": "false",
      "ask": 6.4,
      "askSize": 90,
      "bid": 5.5,
      "bidSize": 120,
      "displaySymbol": "ADT Jan 19 '24 $12 Put",
      "inTheMoney": "y",
      "lastPrice": 5.6,
      "netChange": 0.0,
      "openInterest": 0,
      "optionCategory": "STANDARD",
      "optionRootSymbol": "ADT",
      "optionType": "PUT",
      "osiKey": "ADT---240119P00012000",
      "quoteDetail": "https://api.etrade.com/v1/market/quote/ADT:2024:1:19:PUT:12.000000",
      "strikePrice": 12.0,
      "symbol": "ADT",
      "timeStamp": 1688403480,
      "volume": 0
    },
    {
      "OptionGreeks": {
        "currentValue": "true",
        "delta": -0.98093,
        "gamma": 0.06967,
        "iv": 0.65437,
        "rho": 0.0,
        "theta": -0.00122,
        "vega": 0.00079
      },
      "adjustedFlag": "false",
      "ask": 7.5,
      "askSize": 91,
      "bid": 6.4,
      "bidSize": 124,
      "displaySymbol": "ADT Jan 19 '24 $13 Put",
      "inTheMoney": "y",
      "lastPrice": 0.0,
      "netChange": 0.0,
      "openInterest": 0,
      "optionCategory": "STANDARD",
      "optionRootSymbol": "ADT",
      "optionType": "PUT",
      "osiKey": "ADT---240119P00013000",
      "quoteDetail": "https://api.etrade.com/v1/market/quote/ADT:2024:1:19:PUT:13.000000",
      "strikePrice": 13.0,
      "symbol": "ADT",
      "timeStamp": 1688403480,
      "volume": 0
    },
    {
      "OptionGreeks": {
        "currentValue": "true",
        "delta": -0.99447,
        "gamma": 0.01956,
        "iv": 0.67502,
        "rho": 0.0,
        "theta": -0.00122,
        "vega": 0.0
      },
      "adjustedFlag": "false",
      "ask": 8.9,
      "askSize": 71,
      "bid": 7.0,
      "bidSize": 96,
      "displaySymbol": "ADT Jan 19 '24 $14 Put",
      "inTheMoney": "y",
      "lastPrice": 0.0,
      "netChange": 0.0,
      "openInterest": 0,
      "optionCategory": "STANDARD",
      "optionRootSymbol": "ADT",
      "optionType": "PUT",
      "osiKey": "ADT---240119P00014000",
      "quoteDetail": "https://api.etrade.com/v1/market/quote/ADT:2024:1:19:PUT:14.000000",
      "strikePrice": 14.0,
      "symbol": "ADT",
      "timeStamp": 1688403013,
      "volume": 0
    },
    {
      "OptionGreeks": {
        "currentValue": "true",
        "delta": -1.0,
        "gamma": 0.0,
        "iv": 0.69425,
        "rho": 0.0,
        "theta": -0.00122,
        "vega": 0.0
      },
      "adjustedFlag": "false",
      "ask": 9.4,
      "askSize": 90,
      "bid": 8.5,
      "bidSize": 120,
      "displaySymbol": "ADT Jan 19 '24 $15 Put",
      "inTheMoney": "y",
      "lastPrice": 8.8,
      "netChange": 0.0,
      "openInterest": 1,
      "optionCategory": "STANDARD",
      "optionRootSymbol": "ADT",
      "optionType": "PUT",
      "osiKey": "ADT---240119P00015000",
      "quoteDetail": "https://api.etrade.com/v1/market/quote/ADT:2024:1:19:PUT:15.000000",
      "strikePrice": 15.0,
      "symbol": "ADT",
      "timeStamp": 1688403480,
      "volume": 0
    },
    {
      "OptionGreeks": {
        "currentValue": "true",
        "delta": -1.0,
        "gamma": 0.0,
        "iv": 0.77442,
        "rho": 0.0,
        "theta": -0.00122,
        "vega": 0.0
      },
      "adjustedFlag": "false",
      "ask": 14.8,
      "askSize": 91,
      "bid": 13.1,
      "bidSize": 138,
      "displaySymbol": "ADT Jan 19 '24 $20 Put",
      "inTheMoney": "y",
      "lastPrice": 12.8,
      "netChange": 0.0,
      "openInterest": 1,
      "optionCategory": "STANDARD",
      "optionRootSymbol": "ADT",
      "optionType": "PUT",
      "osiKey": "ADT---240119P00020000",
      "quoteDetail": "https://api.etrade.com/v1/market/quote/ADT:2024:1:19:PUT:20.000000",
      "strikePrice": 20.0,
      "symbol": "ADT",
      "timeStamp": 1688403480,
      "volume": 0
    },
    {
      "OptionGreeks": {
        "currentValue": "true",
        "delta": 1.0,
        "gamma": 0.00061,
        "iv": 0.6451,
        "rho": 0.00381,
        "theta": 0.0,
        "vega": 3e-05
      },
      "adjustedFlag": "false",
      "ask": 5.9,
      "askSize": 60,
      "bid": 4.3,
      "bidSize": 138,
      "displaySymbol": "ADT Jan 19 '24 $1 Call",
      "inTheMoney": "y",
      "lastPrice": 0.0,
      "netChange": 0.0,
      "openInterest": 0,
      "optionCategory": "STANDARD",
      "optionRootSymbol": "ADT",
      "optionType": "CALL",
      "osiKey": "ADT---240119C00001000",
      "quoteDetail": "https://api.etrade.com/v1/market/quote/ADT:2024:1:19:CALL:1.000000",
      "strikePrice": 1.0,
      "symbol": "ADT",
      "timeStamp": 1688403480,
      "volume": 0
    },
    {
      "OptionGreeks": {
        "currentValue": "true",
        "delta": 1.0,
        "gamma": 0.00378,
        "iv": 0.6451,
        "rho": 0.00859,
        "theta": 0.0,
        "vega": 0.00047
      },
      "adjustedFlag": "false",
      "ask": 4.4,
      "askSize": 50,
      "bid": 3.7,
      "bidSize": 135,
      "displaySymbol": "ADT Jan 19 '24 $2 Call",
      "inTheMoney": "y",
      "lastPrice": 0.0,
      "netChange": 0.0,
      "openInterest": 0,
      "optionCategory": "STANDARD",
      "optionRootSymbol": "ADT",
      "optionType": "CALL",
      "osiKey": "ADT---240119C00002000",
      "quoteDetail": "https://api.etrade.com/v1/market/quote/ADT:2024:1:19:CALL:2.000000",
      "strikePrice": 2.0,
      "symbol": "ADT",
      "timeStamp": 1688403590,
      "volume": 0
    },
    {
      "OptionGreeks": {
        "currentValue": "true",
        "delta": 0.9726,
        "gamma": 0.02788,
        "iv": 0.6451,
        "rho": 0.01269,
        "theta": -0.00011,
        "vega": 0.00361
      },
      "adjustedFlag": "false",
      "ask": 3.4,
      "askSize": 39,
      "bid": 2.8,
      "bidSize": 135,
      "displaySymbol": "ADT Jan 19 '24 $3 Call",
      "inTheMoney": "y",
      "lastPrice": 3.1,
      "netChange": 0.0,
      "openInterest": 10,
      "optionCategory": "STANDARD",
      "optionRootSymbol": "ADT",
      "optionType": "CALL",
      "osiKey": "ADT---240119C00003000",
      "quoteDetail": "https://api.etrade.com/v1/market/quote/ADT:2024:1:19:CALL:3.000000",
      "strikePrice": 3.0,
      "symbol": "ADT",
      "timeStamp": 1688403480,
      "volume": 0
    },
    {
      "OptionGreeks": {
        "currentValue": "true",
        "delta": 0.91733,
        "gamma": 0.06864,
        "iv": 0.53946,
        "rho": 0.01766,
        "theta": -0.00066,
        "vega": 0.00749
      },
      "adjustedFlag": "false",
      "ask": 2.5,
      "askSize": 55,
      "bid": 2.15,
      "bidSize": 40,
      "displaySymbol": "ADT Jan 19 '24 $4 Call",
      "inTheMoney": "y",
      "lastPrice": 2.4,
      "netChange": 0.0,
      "openInterest": 10,
      "optionCategory": "STANDARD",
      "optionRootSymbol": "ADT",
      "optionType": "CALL",
      "osiKey": "ADT---240119C00004000",
      "quoteDetail": "https://api.etrade.com/v1/market/quote/ADT:2024:1:19:CALL:4.000000",
      "strikePrice": 4.0,
      "symbol": "ADT",
      "timeStamp": 1688403590,
      "volume": 0
    },
    {
      "OptionGreeks": {
        "currentValue": "true",
        "delta": 0.8093,
        "gamma": 0.13697,
        "iv": 0.45752,
        "rho": 0.01858,
        "theta": -0.00123,
        "vega": 0.01266
      },
      "adjustedFlag": "false",
      "ask": 1.7,
      "askSize": 745,
      "bid": 1.1,
      "bidSize": 985,
      "displaySymbol": "ADT Jan 19 '24 $5 Call",
      "inTheMoney": "y",
      "lastPrice": 1.35,
      "netChange": 0.0,
      "openInterest": 191,
      "optionCategory": "STANDARD",
      "optionRootSymbol": "ADT",
      "optionType": "CALL",
      "osiKey": "ADT---240119C00005000",
      "quoteDetail": "https://api.etrade.com/v1/market/quote/ADT:2024:1:19:CALL:5.000000",
      "strikePrice": 5.0,
      "symbol": "ADT",
      "timeStamp": 1688403589,
      "volume": 0
    },
    {
      "OptionGreeks": {
        "currentValue": "true",
        "delta": 0.62794,
        "gamma": 0.21196,
        "iv": 0.40291,
        "rho": 0.01619,
        "theta": -0.00161,
        "vega": 0.01721
      },
      "adjustedFlag": "false",
      "ask": 1.05,
      "askSize": 819,
      "bid": 0.65,
      "bidSize": 948,
      "displaySymbol": "ADT Jan 19 '24 $6 Call",
      "inTheMoney": "y",
      "lastPrice": 0.69,
      "netChange": 0.0,
      "openInterest": 406,
      "optionCategory": "STANDARD",
      "optionRootSymbol": "ADT",
      "optionType": "CALL",
      "osiKey": "ADT---240119C00006000",
      "quoteDetail": "https://api.etrade.com/v1/market/quote/ADT:2024:1:19:CALL:6.000000",
      "strikePrice": 6.0,
      "symbol": "ADT",
      "timeStamp": 1688403587,
      "volume": 0
    },
    {
      "OptionGreeks": {
        "currentValue": "true",
        "delta": 0.38585,
        "gamma": 0.25529,
        "iv": 0.33529,
        "rho": 0.01088,
        "theta": -0.0014,
        "vega": 0.01727
      },
      "adjustedFlag": "false",
      "ask": 0.5,
      "askSize": 838,
      "bid": 0.3,
      "bidSize": 1,
      "displaySymbol": "ADT Jan 19 '24 $7 Call",
      "inTheMoney": "n",
      "lastPrice": 0.35,
      "netChange": 0.0,
      "openInterest": 6926,
      "optionCategory": "STANDARD",
      "optionRootSymbol": "ADT",
      "optionType": "CALL",
      "osiKey": "ADT---240119C00007000",
      "quoteDetail": "https://api.etrade.com/v1/market/quote/ADT:2024:1:19:CALL:7.000000",
      "strikePrice": 7.0,
      "symbol": "ADT",
      "timeStamp": 1688403587,
      "volume": 0
    },
    {
      "OptionGreeks": {
        "currentValue": "true",
        "delta": 0.15685,
        "gamma": 0.18619,
        "iv": 0.28724,
        "rho": 0.00465,
        "theta": -0.00075,
        "vega": 0.01093
      },
      "adjustedFlag": "false",
      "ask": 0.15,
      "askSize": 1,
      "bid": 0.05,
      "bidSize": 1,
      "displaySymbol": "ADT Jan 19 '24 $8 Call",
      "inTheMoney": "n",
      "lastPrice": 0.2,
      "netChange": 0.0,
      "openInterest": 95,
      "optionCategory": "STANDARD",
      "optionRootSymbol": "ADT",
      "optionType": "CALL",
      "osiKey": "ADT---240119C00008000",
      "quoteDetail": "https://api.etrade.com/v1/market/quote/ADT:2024:1:19:CALL:8.000000",
      "strikePrice": 8.0,
      "symbol": "ADT",
      "timeStamp": 1688396589,
      "volume": 0
    },
    {
      "OptionGreeks": {
        "currentValue": "true",
        "delta": 0.1068,
        "gamma": 0.11754,
        "iv": 0.34816,
        "rho": 0.00313,
        "theta": -0.0007,
        "vega": 0.00839
      },
      "adjustedFlag": "false",
      "ask": 0.15,
      "askSize": 430,
      "bid": 0.0,
      "bidSize": 0,
      "displaySymbol": "ADT Jan 19 '24 $9 Call",
      "inTheMoney": "n",
      "lastPrice": 0.1,
      "netChange": 0.0,
      "openInterest": 95,
      "optionCategory": "STANDARD",
      "optionRootSymbol": "ADT",
      "optionType": "CALL",
      "osiKey": "ADT---240119C00009000",
      "quoteDetail": "https://api.etrade.com/v1/market/quote/ADT:2024:1:19:CALL:9.000000",
      "strikePrice": 9.0,
      "symbol": "ADT",
      "timeStamp": 1688403587,
      "volume": 0
    },
    {
      "OptionGreeks": {
        "currentValue": "true",
        "delta": 0.04309,
        "gamma": 0.06023,
        "iv": 0.33711,
        "rho": 0.00127,
        "theta": -0.00033,
        "vega": 0.00422
      },
      "adjustedFlag": "false",
      "ask": 0.05,
      "askSize": 1,
      "bid": 0.0,
      "bidSize": 0,
      "displaySymbol": "ADT Jan 19 '24 $10 Call",
      "inTheMoney": "n",
      "lastPrice": 0.05,
      "netChange": 0.0,
      "openInterest": 850,
      "optionCategory": "STANDARD",
      "optionRootSymbol": "ADT",
      "optionType": "CALL",
      "osiKey": "ADT---240119C00010000",
      "quoteDetail": "https://api.etrade.com/v1/market/quote/ADT:2024:1:19:CALL:10.000000",
      "strikePrice": 10.0,
      "symbol": "ADT",
      "timeStamp": 1688391003,
      "volume": 0
    },
    {
      "OptionGreeks": {
        "currentValue": "true",
        "delta": 0.12306,
        "gamma": 0.08269,
        "iv": 0.54694,
        "rho": 0.00336,
        "theta": -0.00121,
        "vega": 0.00918
      },
      "adjustedFlag": "false",
      "ask": 0.25,
      "askSize": 895,
      "bid": 0.0,
      "bidSize": 0,
      "displaySymbol": "ADT Jan 19 '24 $11 Call",
      "inTheMoney": "n",
      "lastPrice": 0.0,
      "netChange": 0.0,
      "openInterest": 0,
      "optionCategory": "STANDARD",
      "optionRootSymbol": "ADT",
      "optionType": "CALL",
      "osiKey": "ADT---240119C00011000",
      "quoteDetail": "https://api.etrade.com/v1/market/quote/ADT:2024:1:19:CALL:11.000000",
      "strikePrice": 11.0,
      "symbol": "ADT",
      "timeStamp": 1688403587,
      "volume": 0
    },
    {
      "OptionGreeks": {
        "currentValue": "true",
        "delta": 0.11433,
        "gamma": 0.07109,
        "iv": 0.60357,
        "rho": 0.00307,
        "theta": -0.00127,
        "vega": 0.0087
      },
      "adjustedFlag": "false",
      "ask": 0.25,
      "askSize": 953,
      "bid": 0.0,
      "bidSize": 0,
      "displaySymbol": "ADT Jan 19 '24 $12 Call",
      "inTheMoney": "n",
      "lastPrice": 0.05,
      "netChange": 0.0,
      "openInterest": 209,
      "optionCategory": "STANDARD",
      "optionRootSymbol": "ADT",
      "optionType": "CALL",
      "osiKey": "ADT---240119C00012000",
      "quoteDetail": "https://api.etrade.com/v1/market/quote/ADT:2024:1:19:CALL:12.000000",
      "strikePrice": 12.0,
      "symbol": "ADT",
      "timeStamp": 1688403587,
      "volume": 0
    },
    {
      "OptionGreeks": {
        "currentValue": "true",
        "delta": 0.1079,
        "gamma": 0.06287,
        "iv": 0.65437,
        "rho": 0.00285,
        "theta": -0.00132,
        "vega": 0.00833
      },
      "adjustedFlag": "false",
      "ask": 0.25,
      "askSize": 933,
      "bid": 0.0,
      "bidSize": 0,
      "displaySymbol": "ADT Jan 19 '24 $13 Call",
      "inTheMoney": "n",
      "lastPrice": 0.0,
      "netChange": 0.0,
      "openInterest": 0,
      "optionCategory": "STANDARD",
      "optionRootSymbol": "ADT",
      "optionType": "CALL",
      "osiKey": "ADT---240119C00013000",
      "quoteDetail": "https://api.etrade.com/v1/market/quote/ADT:2024:1:19:CALL:13.000000",
      "strikePrice": 13.0,
      "symbol": "ADT",
      "timeStamp": 1688403587,
      "volume": 0
    },
    {
      "OptionGreeks": {
        "currentValue": "true",
        "delta": 0.09134,
        "gamma": 0.05391,
        "iv": 0.67502,
        "rho": 0.00242,
        "theta": -0.0012,
        "vega": 0.00738
      },
      "adjustedFlag": "false",
      "ask": 0.6,
      "askSize": 808,
      "bid": 0.0,
      "bidSize": 0,
      "displaySymbol": "ADT Jan 19 '24 $14 Call",
      "inTheMoney": "n",
      "lastPrice": 0.0,
      "netChange": 0.0,
      "openInterest": 0,
      "optionCategory": "STANDARD",
      "optionRootSymbol": "ADT",
      "optionType": "CALL",
      "osiKey": "ADT---240119C00014000",
      "quoteDetail": "https://api.etrade.com/v1/market/quote/ADT:2024:1:19:CALL:14.000000",
      "strikePrice": 14.0,
      "symbol": "ADT",
      "timeStamp": 1688403574,
      "volume": 0
    },
    {
      "OptionGreeks": {
        "currentValue": "true",
        "delta": 0.07849,
        "gamma": 0.04675,
        "iv": 0.69425,
        "rho": 0.00207,
        "theta": -0.0011,
        "vega": 0.00657
      },
      "adjustedFlag": "false",
      "ask": 0.3,
      "askSize": 1152,
      "bid": 0.0,
      "bidSize": 0,
      "displaySymbol": "ADT Jan 19 '24 $15 Call",
      "inTheMoney": "n",
      "lastPrice": 0.05,
      "netChange": 0.0,
      "openInterest": 2114,
      "optionCategory": "STANDARD",
      "optionRootSymbol": "ADT",
      "optionType": "CALL",
      "osiKey": "ADT---240119C00015000",
      "quoteDetail": "https://api.etrade.com/v1/market/quote/ADT:2024:1:19:CALL:15.000000",
      "strikePrice": 15.0,
      "symbol": "ADT",
      "timeStamp": 1688403587,
      "volume": 0
    },
    {
      "OptionGreeks": {
        "currentValue": "true",
        "delta": 0.04337,
        "gamma": 0.02625,
        "iv": 0.77442,
        "rho": 0.00113,
        "theta": -0.00076,
        "vega": 0.00412
      },
      "adjustedFlag": "false",
      "ask": 0.1,
      "askSize": 504,
      "bid": 0.0,
      "bidSize": 0,
      "displaySymbol": "ADT Jan 19 '24 $20 Call",
      "inTheMoney": "n",
      "lastPrice": 0.05,
      "netChange": 0.0,
      "openInterest": 185,
      "optionCategory": "STANDARD",
      "optionRootSymbol": "ADT",
      "optionType": "CALL",
      "osiKey": "ADT---240119C00020000",
      "quoteDetail": "https://api.etrade.com/v1/market/quote/ADT:2024:1:19:CALL:20.000000",
      "strikePrice": 20.0,
      "symbol": "ADT",
      "timeStamp": 1688403585,
      "volume": 0
    }
  ],
  "2024-02-16": [
    {
      "OptionGreeks": {
        "currentValue": "true",
        "delta": -0.00153,
        "gamma": 0.0025,
        "iv": 0.41395,
        "rho": -6e-05,
        "theta": -2e-05,
        "vega": 0.00025
      },
      "adjustedFlag": "false",
      "ask": 0.8,
      "askSize": 772,
      "bid": 0.0,
      "bidSize": 0,
      "displaySymbol": "ADT Feb 16 '24 $2.50 Put",
      "inTheMoney": "n",
      "lastPrice": 0.0,
      "netChange": 0.0,
      "openInterest": 0,
      "optionCategory": "STANDARD",
      "optionRootSymbol": "ADT",
      "optionType": "PUT",
      "osiKey": "ADT---240216P00002500",
      "quoteDetail": "https://api.etrade.com/v1/market/quote/ADT:2024:2:16:PUT:2.500000",
      "strikePrice": 2.5,
      "symbol": "ADT",
      "timeStamp": 1688403587,
      "volume": 0
    },
    {
      "OptionGreeks": {
        "currentValue": "true",
        "delta": -0.20269,
        "gamma": 0.14416,
        "iv": 0.41395,
        "rho": -0.00816,
        "theta": -0.00121,
        "vega": 0.01352
      },
      "adjustedFlag": "false",
      "ask": 0.45,
      "askSize": 1,
      "bid": 0.05,
      "bidSize": 1089,
      "displaySymbol": "ADT Feb 16 '24 $5 Put",
      "inTheMoney": "n",
      "lastPrice": 0.73,
      "netChange": 0.0,
      "openInterest": 20,
      "optionCategory": "STANDARD",
      "optionRootSymbol": "ADT",
      "optionType": "PUT",
      "osiKey": "ADT---240216P00005000",
      "quoteDetail": "https://api.etrade.com/v1/market/quote/ADT:2024:2:16:PUT:5.000000",
      "strikePrice": 5.0,
      "symbol": "ADT",
      "timeStamp": 1688403599,
      "volume": 0
    },
    {
      "OptionGreeks": {
        "currentValue": "true",
        "delta": -0.72844,
        "gamma": 0.22929,
        "iv": 0.35474,
        "rho": -0.02099,
        "theta": -0.00123,
        "vega": 0.01547
      },
      "adjustedFlag": "false",
      "ask": 1.7,
      "askSize": 286,
      "bid": 1.35,
      "bidSize": 910,
      "displaySymbol": "ADT Feb 16 '24 $7.50 Put",
      "inTheMoney": "y",
      "lastPrice": 2.03,
      "netChange": 0.0,
      "openInterest": 20,
      "optionCategory": "STANDARD",
      "optionRootSymbol": "ADT",
      "optionType": "PUT",
      "osiKey": "ADT---240216P00007500",
      "quoteDetail": "https://api.etrade.com/v1/market/quote/ADT:2024:2:16:PUT:7.500000",
      "strikePrice": 7.5,
      "symbol": "ADT",
      "timeStamp": 1688403589,
      "volume": 0
    },
    {
      "OptionGreeks": {
        "currentValue": "true",
        "delta": -1.0,
        "gamma": 0.0,
        "iv": 0.36443,
        "rho": 0.0,
        "theta": -0.00093,
        "vega": 0.0
      },
      "adjustedFlag": "false",
      "ask": 4.4,
      "askSize": 90,
      "bid": 3.5,
      "bidSize": 125,
      "displaySymbol": "ADT Feb 16 '24 $10 Put",
      "inTheMoney": "y",
      "lastPrice": 0.0,
      "netChange": 0.0,
      "openInterest": 0,
      "optionCategory": "STANDARD",
      "optionRootSymbol": "ADT",
      "optionType": "PUT",
      "osiKey": "ADT---240216P00010000",
      "quoteDetail": "https://api.etrade.com/v1/market/quote/ADT:2024:2:16:PUT:10.000000",
      "strikePrice": 10.0,
      "symbol": "ADT",
      "timeStamp": 1688403480,
      "volume": 0
    },
    {
      "OptionGreeks": {
        "currentValue": "true",
        "delta": -1.0,
        "gamma": 0.0,
        "iv": 0.36443,
        "rho": 0.0,
        "theta": -0.00093,
        "vega": 0.0
      },
      "adjustedFlag": "false",
      "ask": 6.9,
      "askSize": 90,
      "bid": 6.0,
      "bidSize": 125,
      "displaySymbol": "ADT Feb 16 '24 $12.50 Put",
      "inTheMoney": "y",
      "lastPrice": 0.0,
      "netChange": 0.0,
      "openInterest": 0,
      "optionCategory": "STANDARD",
      "optionRootSymbol": "ADT",
      "optionType": "PUT",
      "osiKey": "ADT---240216P00012500",
      "quoteDetail": "https://api.etrade.com/v1/market/quote/ADT:2024:2:16:PUT:12.500000",
      "strikePrice": 12.5,
      "symbol": "ADT",
      "timeStamp": 1688403480,
      "volume": 0
    },
    {
      "OptionGreeks": {
        "currentValue": "true",
        "delta": 0.99963,
        "gamma": 0.00195,
        "iv": 0.41395,
        "rho": 0.01091,
        "theta": 0.0,
        "vega": 0.00018
      },
      "adjustedFlag": "false",
      "ask": 4.1,
      "askSize": 60,
      "bid": 3.0,
      "bidSize": 138,
      "displaySymbol": "ADT Feb 16 '24 $2.50 Call",
      "inTheMoney": "y",
      "lastPrice": 0.0,
      "netChange": 0.0,
      "openInterest": 0,
      "optionCategory": "STANDARD",
      "optionRootSymbol": "ADT",
      "optionType": "CALL",
      "osiKey": "ADT---240216C00002500",
      "quoteDetail": "https://api.etrade.com/v1/market/quote/ADT:2024:2:16:CALL:2.500000",
      "strikePrice": 2.5,
      "symbol": "ADT",
      "timeStamp": 1688403480,
      "volume": 0
    },
    {
      "OptionGreeks": {
        "currentValue": "true",
        "delta": 0.80244,
        "gamma": 0.14018,
        "iv": 0.41395,
        "rho": 0.02126,
        "theta": -0.001,
        "vega": 0.01337
      },
      "adjustedFlag": "false",
      "ask": 1.75,
      "askSize": 258,
      "bid": 1.3,
      "bidSize": 162,
      "displaySymbol": "ADT Feb 16 '24 $5 Call",
      "inTheMoney": "y",
      "lastPrice": 1.48,
      "netChange": 0.0,
      "openInterest": 1,
      "optionCategory": "STANDARD",
      "optionRootSymbol": "ADT",
      "optionType": "CALL",
      "osiKey": "ADT---240216C00005000",
      "quoteDetail": "https://api.etrade.com/v1/market/quote/ADT:2024:2:16:CALL:5.000000",
      "strikePrice": 5.0,
      "symbol": "ADT",
      "timeStamp": 1688403587,
      "volume": 0
    },
    {
      "OptionGreeks": {
        "currentValue": "true",
        "delta": 0.30966,
        "gamma": 0.20687,
        "iv": 0.35474,
        "rho": 0.00989,
        "theta": -0.00127,
        "vega": 0.01691
      },
      "adjustedFlag": "false",
      "ask": 0.45,
      "askSize": 1,
      "bid": 0.15,
      "bidSize": 1509,
      "displaySymbol": "ADT Feb 16 '24 $7.50 Call",
      "inTheMoney": "n",
      "lastPrice": 0.3,
      "netChange": 0.0,
      "openInterest": 21,
      "optionCategory": "STANDARD",
      "optionRootSymbol": "ADT",
      "optionType": "CALL",
      "osiKey": "ADT---240216C00007500",
      "quoteDetail": "https://api.etrade.com/v1/market/quote/ADT:2024:2:16:CALL:7.500000",
      "strikePrice": 7.5,
      "symbol": "ADT",
      "timeStamp": 1688403599,
      "volume": 0
    },
    {
      "OptionGreeks": {
        "currentValue": "true",
        "delta": 0.0707,
        "gamma": 0.07703,
        "iv": 0.36443,
        "rho": 0.00234,
        "theta": -0.0005,
        "vega": 0.00659
      },
      "adjustedFlag": "false",
      "ask": 0.1,
      "askSize": 3,
      "bid": 0.0,
      "bidSize": 0,
      "displaySymbol": "ADT Feb 16 '24 $10 Call",
      "inTheMoney": "n",
      "lastPrice": 0.05,
      "netChange": 0.0,
      "openInterest": 7,
      "optionCategory": "STANDARD",
      "optionRootSymbol": "ADT",
      "optionType": "CALL",
      "osiKey": "ADT---240216C00010000",
      "quoteDetail": "https://api.etrade.com/v1/market/quote/ADT:2024:2:16:CALL:10.000000",
      "strikePrice": 10.0,
      "symbol": "ADT",
      "timeStamp": 1688399696,
      "volume": 0
    },
    {
      "OptionGreeks": {
        "currentValue": "true",
        "delta": 0.01234,
        "gamma": 0.01816,
        "iv": 0.36443,
        "rho": 0.00041,
        "theta": -0.00012,
        "vega": 0.00159
      },
      "adjustedFlag": "false",
      "ask": 0.45,
      "askSize": 691,
      "bid": 0.0,
      "bidSize": 0,
      "displaySymbol": "ADT Feb 16 '24 $12.50 Call",
      "inTheMoney": "n",
      "lastPrice": 0.0,
      "netChange": 0.0,
      "openInterest": 0,
      "optionCategory": "STANDARD",
      "optionRootSymbol": "ADT",
      "optionType": "CALL",
      "osiKey": "ADT---240216C00012500",
      "quoteDetail": "https://api.etrade.com/v1/market/quote/ADT:2024:2:16:CALL:12.500000",
      "strikePrice": 12.5,
      "symbol": "ADT",
      "timeStamp": 1688403587,
      "volume": 0
    }
  ],
  "quote": {
    "ExtendedHourQuoteDetail": {
      "ask": 6.15,
      "askSize": 1800,
      "bid": 6.08,
      "bidSize": 800,
      "change": 0.11,
      "lastPrice": 6.14,
      "percentChange": 1.82,
      "quoteStatus": "EH_REALTIME",
      "timeOfLastTrade": 1688408675,
      "timeZone": "EST",
      "volume": 1639201
    },
    "adjustedFlag": "false",
    "ahFlag": "true",
    "ask": 6.15,
    "askSize": 1800,
    "askTime": "14:24:35 EDT 07-03-2023",
    "averageVolume": 4515736,
    "beta": 1.52,
    "bid": 6.08,
    "bidExchange": null,
    "bidSize": 800,
    "bidTime": "14:24:35 EDT 07-03-2023",
    "cashDeliverable": 0,
    "changeClose": 0.12,
    "changeClosePercentage": 1.99,
    "companyName": "ADT INC DEL COM",
    "contractSize": 0.0,
    "dateTime": "14:24:35 EDT 07-03-2023",
    "dateTimeUTC": 1688408675,
    "daysToExpiration": 0,
    "declaredDividend": 0.035,
    "dirLast": 0,
    "dividend": 0.035,
    "dividendPayableDate": 1688668177,
    "eps": 0.04,
    "estEarnings": 0.34,
    "exDividendDate": 1686767377,
    "expirationDate": 0,
    "hasMiniOptions": "false",
    "high": 6.185,
    "high52": 10.095,
    "intrinsicValue": 0.0,
    "lastTrade": 6.15,
    "low": 5.955,
    "low52": 4.89,
    "marketCap": 5667735450.0,
    "nextEarningDate": "08/02/2023",
    "open": 6.04,
    "openInterest": 0,
    "optionMultiplier": 0.0,
    "optionStyle": null,
    "optionUnderlier": null,
    "pe": 239.2857,
    "previousClose": 6.03,
    "previousDayVolume": 1936025,
    "primaryExchange": "NYSE",
    "quoteStatus": "CLOSING",
    "securityType": "EQ",
    "sharesOutstanding": 921583000,
    "symbol": "ADT",
    "symbolDescription": "ADT INC DEL COM",
    "timeOfLastTrade": 1688404200,
    "timePremium": 0.0,
    "totalVolume": 1639201,
    "upc": 0,
    "week52HiDate": 1670959777,
    "week52LowDate": 1683224977,
    "yield": 2.3217
  }
}