{
  "2023-07-21": [
    {
      "OptionGreeks": {
        "currentValue": "true",
        "delta": 0.0,
        "gamma": 0.0,
        "iv": 0.37598,
        "rho": 0.0,
        "theta": 0.0,
        "vega": 0.0
      },
      "adjustedFlag": "false",
      "ask": 0.75,
      "askSize": 1132,
      "bid": 0.0,
      "bidSize": 0,
      "displaySymbol": "AQN Jul 21 '23 $2.50 Put",
      "inTheMoney": "n",
      "lastPrice": 0.0,
      "netChange": 0.0,
      "openInterest": 0,
      "optionCategory": "STANDARD",
      "optionRootSymbol": "AQN",
      "optionType": "PUT",
      "osiKey": "AQN---230721P00002500",
      "quoteDetail": "https://api.etrade.com/v1/market/quote/AQN:2023:7:21:PUT:2.500000",
      "strikePrice": 2.5,
      "symbol": "AQN",
      "timeStamp": 1688403591,
      "volume": 0
    },
    {
      "OptionGreeks": {
        "currentValue": "true",
        "delta": 0.0,
        "gamma": 0.0,
        "iv": 0.37598,
        "rho": 0.0,
        "theta": 0.0,
        "vega": 0.0
      },
      "adjustedFlag": "false",
      "ask": 0.35,
      "askSize": 1118,
      "bid": 0.0,
      "bidSize": 0,
      "displaySymbol": "AQN Jul 21 '23 $5 Put",
      "inTheMoney": "n",
      "lastPrice": 0.05,
      "netChange": 0.0,
      "openInterest": 975,
      "optionCategory": "STANDARD",
      "optionRootSymbol": "AQN",
      "optionType": "PUT",
      "osiKey": "AQN---230721P00005000",
      "quoteDetail": "https://api.etrade.com/v1/market/quote/AQN:2023:7:21:PUT:5.000000",
      "strikePrice": 5.0,
      "symbol": "AQN",
      "timeStamp": 1688403595,
      "volume": 0
    },
    {
      "OptionGreeks": {
        "currentValue": "true",
        "delta": -0.07904,
        "gamma": 0.20617,
        "iv": 0.37598,
        "rho": -0.00034,
        "theta": -0.00282,
        "vega": 0.00281
      },
      "adjustedFlag": "false",
      "ask": 0.05,
      "askSize": 286,
      "bid": 0.0,
      "bidSize": 0,
      "displaySymbol": "AQN Jul 21 '23 $7.50 Put",
      "inTheMoney": "n",
      "lastPrice": 0.05,
      "netChange": 0.0,
      "openInterest": 48721,
      "optionCategory": "STANDARD",
      "optionRootSymbol": "AQN",
      "optionType": "PUT",
      "osiKey": "AQN---230721P00007500",
      "quoteDetail": "https://api.etrade.com/v1/market/quote/AQN:2023:7:21:PUT:7.500000",
      "strikePrice": 7.5,
      "symbol": "AQN",
      "timeStamp": 1688403532,
      "volume": 22
    },
    {
      "OptionGreeks": {
        "currentValue": "true",
        "delta": -0.9277,
        "gamma": 0.13224,
        "iv": 0.48746,
        "rho": -0.00474,
        "theta": -0.00278,
        "vega": 0.00233
      },
      "adjustedFlag": "false",
      "ask": 1.7,
      "askSize": 54,
      "bid": 1.45,
      "bidSize": 54,
      "displaySymbol": "AQN Jul 21 '23 $10 Put",
      "inTheMoney": "y",
      "lastPrice": 1.8,
      "netChange": 0.0,
      "openInterest": 36,
      "optionCategory": "STANDARD",
      "optionRootSymbol": "AQN",
      "optionType": "PUT",
      "osiKey": "AQN---230721P00010000",
      "quoteDetail": "https://api.etrade.com/v1/market/quote/AQN:2023:7:21:PUT:10.000000",
      "strikePrice": 10.0,
      "symbol": "AQN",
      "timeStamp": 1688403569,
      "volume": 0
    },
    {
      "OptionGreeks": {
        "currentValue": "true",
        "delta": -0.95252,
        "gamma": 0.04557,
        "iv": 0.9412,
        "rho": -0.00614,
        "theta": -0.00322,
        "vega": 0.00153
      },
      "adjustedFlag": "false",
      "ask": 4.1,
      "askSize": 54,
      "bid": 3.9,
      "bidSize": 57,
      "displaySymbol": "AQN Jul 21 '23 $12.50 Put",
      "inTheMoney": "y",
      "lastPrice": 4.31,
      "netChange": 0.0,
      "openInterest": 160,
      "optionCategory": "STANDARD",
      "optionRootSymbol": "AQN",
      "optionType": "PUT",
      "osiKey": "AQN---230721P00012500",
      "quoteDetail": "https://api.etrade.com/v1/market/quote/AQN:2023:7:21:PUT:12.500000",
      "strikePrice": 12.5,
      "symbol": "AQN",
      "timeStamp": 1688399670,
      "volume": 0
    },
    {
      "OptionGreeks": {
        "currentValue": "true",
        "delta": -0.98603,
        "gamma": 0.00656,
        "iv": 0.9412,
        "rho": -0.00757,
        "theta": 0.0,
        "vega": 0.00022
      },
      "adjustedFlag": "false",
      "ask": 6.6,
      "askSize": 54,
      "bid": 6.4,
      "bidSize": 54,
      "displaySymbol": "AQN Jul 21 '23 $15 Put",
      "inTheMoney": "y",
      "lastPrice": 6.5,
      "netChange": 0.0,
      "openInterest": 20,
      "optionCategory": "STANDARD",
      "optionRootSymbol": "AQN",
      "optionType": "PUT",
      "osiKey": "AQN---230721P00015000",
      "quoteDetail": "https://api.etrade.com/v1/market/quote/AQN:2023:7:21:PUT:15.000000",
      "strikePrice": 15.0,
      "symbol": "AQN",
      "timeStamp": 1688399698,
      "volume": 0
    },
    {
      "OptionGreeks": {
        "currentValue": "true",
        "delta": -0.98968,
        "gamma": 0.00068,
        "iv": 0.9412,
        "rho": -0.00888,
        "theta": 0.0,
        "vega": 2e-05
      },
      "adjustedFlag": "false",
      "ask": 9.1,
      "askSize": 54,
      "bid": 8.9,
      "bidSize": 54,
      "displaySymbol": "AQN Jul 21 '23 $17.50 Put",
      "inTheMoney": "y",
      "lastPrice": 0.0,
      "netChange": 0.0,
      "openInterest": 0,
      "optionCategory": "STANDARD",
      "optionRootSymbol": "AQN",
      "optionType": "PUT",
      "osiKey": "AQN---230721P00017500",
      "quoteDetail": "https://api.etrade.com/v1/market/quote/AQN:2023:7:21:PUT:17.500000",
      "strikePrice": 17.5,
      "symbol": "AQN",
      "timeStamp": 1688399346,
      "volume": 0
    },
    {
      "OptionGreeks": {
        "currentValue": "true",
        "delta": 1.0,
        "gamma": 6e-05,
        "iv": 0.37598,
        "rho": 0.0,
        "theta": -0.00349,
        "vega": 0.0
      },
      "adjustedFlag": "false",
      "ask": 6.3,
      "askSize": 58,
      "bid": 5.7,
      "bidSize": 120,
      "displaySymbol": "AQN Jul 21 '23 $2.50 Call",
      "inTheMoney": "y",
      "lastPrice": 6.4,
      "netChange": 0.0,
      "openInterest": 2,
      "optionCategory": "STANDARD",
      "optionRootSymbol": "AQN",
      "optionType": "CALL",
      "osiKey": "AQN---230721C00002500",
      "quoteDetail": "https://api.etrade.com/v1/market/quote/AQN:2023:7:21:CALL:2.500000",
      "strikePrice": 2.5,
      "symbol": "AQN",
      "timeStamp": 1688403599,
      "volume": 0
    },
    {
      "OptionGreeks": {
        "currentValue": "true",
        "delta": 1.0,
        "gamma": 4e-05,
        "iv": 0.37598,
        "rho": 0.0,
        "theta": -0.00349,
        "vega": 0.0
      },
      "adjustedFlag": "false",
      "ask": 3.8,
      "askSize": 80,
      "bid": 3.3,
      "bidSize": 166,
      "displaySymbol": "AQN Jul 21 '23 $5 Call",
      "inTheMoney": "y",
      "lastPrice": 3.3,
      "netChange": 0.0,
      "openInterest": 41,
      "optionCategory": "STANDARD",
      "optionRootSymbol": "AQN",
      "optionType": "CALL",
      "osiKey": "AQN---230721C00005000",
      "quoteDetail": "https://api.etrade.com/v1/market/quote/AQN:2023:7:21:CALL:5.000000",
      "strikePrice": 5.0,
      "symbol": "AQN",
      "timeStamp": 1688403547,
      "volume": 0
    },
    {
      "OptionGreeks": {
        "currentValue": "true",
        "delta": 0.97784,
        "gamma": 0.26424,
        "iv": 0.37598,
        "rho": 0.00034,
        "theta": -0.00383,
        "vega": 0.00083
      },
      "adjustedFlag": "false",
      "ask": 1.1,
      "askSize": 48,
      "bid": 0.9,
      "bidSize": 48,
      "displaySymbol": "AQN Jul 21 '23 $7.50 Call",
      "inTheMoney": "y",
      "lastPrice": 1.0,
      "netChange": 0.25,
      "openInterest": 853,
      "optionCategory": "STANDARD",
      "optionRootSymbol": "AQN",
      "optionType": "CALL",
      "osiKey": "AQN---230721C00007500",
      "quoteDetail": "https://api.etrade.com/v1/market/quote/AQN:2023:7:21:CALL:7.500000",
      "strikePrice": 7.5,
      "symbol": "AQN",
      "timeStamp": 1688403592,
      "volume": 44
    },
    {
      "OptionGreeks": {
        "currentValue": "true",
        "delta": 0.06289,
        "gamma": 0.13375,
        "iv": 0.48746,
        "rho": 0.00023,
        "theta": -0.00304,
        "vega": 0.00235
      },
      "adjustedFlag": "false",
      "ask": 0.05,
      "askSize": 8,
      "bid": 0.0,
      "bidSize": 0,
      "displaySymbol": "AQN Jul 21 '23 $10 Call",
      "inTheMoney": "n",
      "lastPrice": 0.05,
      "netChange": 0.0,
      "openInterest": 14126,
      "optionCategory": "STANDARD",
      "optionRootSymbol": "AQN",
      "optionType": "CALL",
      "osiKey": "AQN---230721C00010000",
      "quoteDetail": "https://api.etrade.com/v1/market/quote/AQN:2023:7:21:CALL:10.000000",
      "strikePrice": 10.0,
      "symbol": "AQN",
      "timeStamp": 1688391899,
      "volume": 0
    },
    {
      "OptionGreeks": {
        "currentValue": "true",
        "delta": 0.03764,
        "gamma": 0.04578,
        "iv": 0.9412,
        "rho": 0.00014,
        "theta": -0.00382,
        "vega": 0.00154
      },
      "adjustedFlag": "false",
      "ask": 0.05,
      "askSize": 46,
      "bid": 0.0,
      "bidSize": 0,
      "displaySymbol": "AQN Jul 21 '23 $12.50 Call",
      "inTheMoney": "n",
      "lastPrice": 0.03,
      "netChange": 0.0,
      "openInterest": 134,
      "optionCategory": "STANDARD",
      "optionRootSymbol": "AQN",
      "optionType": "CALL",
      "osiKey": "AQN---230721C00012500",
      "quoteDetail": "https://api.etrade.com/v1/market/quote/AQN:2023:7:21:CALL:12.500000",
      "strikePrice": 12.5,
      "symbol": "AQN",
      "timeStamp": 1688391899,
      "volume": 0
    },
    {
      "OptionGreeks": {
        "currentValue": "true",
        "delta": 0.004,
        "gamma": 0.00658,
        "iv": 0.9412,
        "rho": 1e-05,
        "theta": -0.00051,
        "vega": 0.00022
      },
      "adjustedFlag": "false",
      "ask": 1.35,
      "askSize": 1024,
      "bid": 0.0,
      "bidSize": 0,
      "displaySymbol": "AQN Jul 21 '23 $15 Call",
      "inTheMoney": "n",
      "lastPrice": 0.0,
      "netChange": 0.0,
      "openInterest": 0,
      "optionCategory": "STANDARD",
      "optionRootSymbol": "AQN",
      "optionType": "CALL",
      "osiKey": "AQN---230721C00015000",
      "quoteDetail": "https://api.etrade.com/v1/market/quote/AQN:2023:7:21:CALL:15.000000",
      "strikePrice": 15.0,
      "symbol": "AQN",
      "timeStamp": 1688403565,
      "volume": 0
    },
    {
      "OptionGreeks": {
        "currentValue": "true",
        "delta": 0.00034,
        "gamma": 0.00069,
        "iv": 0.9412,
        "rho": 0.0,
        "theta": -5e-05,
        "vega": 2e-05
      },
      "adjustedFlag": "false",
      "ask": 1.35,
      "askSize": 1023,
      "bid": 0.0,
      "bidSize": 0,
      "displaySymbol": "AQN Jul 21 '23 $17.50 Call",
      "inTheMoney": "n",
      "lastPrice": 0.0,
      "netChange": 0.0,
      "openInterest": 0,
      "optionCategory": "STANDARD",
      "optionRootSymbol": "AQN",
      "optionType": "CALL",
      "osiKey": "AQN---230721C00017500",
      "quoteDetail": "https://api.etrade.com/v1/market/quote/AQN:2023:7:21:CALL:17.500000",
      "strikePrice": 17.5,
      "symbol": "AQN",
      "timeStamp": 1688403570,
      "volume": 0
    }
  ],
  "2023-08-18": [
    {
      "OptionGreeks": {
        "currentValue": "true",
        "delta": 0.0,
        "gamma": 0.0,
        "iv": 0.41206,
        "rho": 0.0,
        "theta": 0.0,
        "vega": 0.0
      },
      "adjustedFlag": "false",
      "ask": 1.4,
      "askSize": 742,
      "bid": 0.0,
      "bidSize": 0,
      "displaySymbol": "AQN Aug 18 '23 $2.50 Put",
      "inTheMoney": "n",
      "lastPrice": 0.0,
      "netChange": 0.0,
      "openInterest": 0,
      "optionCategory": "STANDARD",
      "optionRootSymbol": "AQN",
      "optionType": "PUT",
      "osiKey": "AQN---230818P00002500",
      "quoteDetail": "https://api.etrade.com/v1/market/quote/AQN:2023:8:18:PUT:2.500000",
      "strikePrice": 2.5,
      "symbol": "AQN",
      "timeStamp": 1688399298,
      "volume": 0
    },
    {
      "OptionGreeks": {
        "currentValue": "true",
        "delta": -0.0001,
        "gamma": 0.00031,
        "iv": 0.41206,
        "rho": 0.0,
        "theta": 0.0,
        "vega": 1e-05
      },
      "adjustedFlag": "false",
      "ask": 0.2,
      "askSize": 122,
      "bid": 0.0,
      "bidSize": 0,
      "displaySymbol": "AQN Aug 18 '23 $5 Put",
      "inTheMoney": "n",
      "lastPrice": 0.0,
      "netChange": 0.0,
      "openInterest": 0,
      "optionCategory": "STANDARD",
      "optionRootSymbol": "AQN",
      "optionType": "PUT",
      "osiKey": "AQN---230818P00005000",
      "quoteDetail": "https://api.etrade.com/v1/market/quote/AQN:2023:8:18:PUT:5.000000",
      "strikePrice": 5.0,
      "symbol": "AQN",
      "timeStamp": 1688403540,
      "volume": 0
    },
    {
      "OptionGreeks": {
        "currentValue": "true",
        "delta": -0.17297,
        "gamma": 0.20636,
        "iv": 0.41206,
        "rho": -0.00182,
        "theta": -0.00343,
        "vega": 0.00774
      },
      "adjustedFlag": "false",
      "ask": 0.2,
      "askSize": 342,
      "bid": 0.05,
      "bidSize": 64,
      "displaySymbol": "AQN Aug 18 '23 $7.50 Put",
      "inTheMoney": "n",
      "lastPrice": 0.1,
      "netChange": 0.0,
      "openInterest": 250,
      "optionCategory": "STANDARD",
      "optionRootSymbol": "AQN",
      "optionType": "PUT",
      "osiKey": "AQN---230818P00007500",
      "quoteDetail": "https://api.etrade.com/v1/market/quote/AQN:2023:8:18:PUT:7.500000",
      "strikePrice": 7.5,
      "symbol": "AQN",
      "timeStamp": 1688403599,
      "volume": 5
    },
    {
      "OptionGreeks": {
        "currentValue": "true",
        "delta": -0.92759,
        "gamma": 0.20532,
        "iv": 0.33811,
        "rho": -0.00369,
        "theta": -0.00207,
        "vega": 0.00405
      },
      "adjustedFlag": "false",
      "ask": 1.6,
      "askSize": 54,
      "bid": 1.45,
      "bidSize": 51,
      "displaySymbol": "AQN Aug 18 '23 $10 Put",
      "inTheMoney": "y",
      "lastPrice": 1.65,
      "netChange": 0.0,
      "openInterest": 1,
      "optionCategory": "STANDARD",
      "optionRootSymbol": "AQN",
      "optionType": "PUT",
      "osiKey": "AQN---230818P00010000",
      "quoteDetail": "https://api.etrade.com/v1/market/quote/AQN:2023:8:18:PUT:10.000000",
      "strikePrice": 10.0,
      "symbol": "AQN",
      "timeStamp": 1688403501,
      "volume": 0
    },
    {
      "OptionGreeks": {
        "currentValue": "true",
        "delta": -1.0,
        "gamma": 0.0,
        "iv": 0.33811,
        "rho": 0.0,
        "theta": -0.00118,
        "vega": 0.0
      },
      "adjustedFlag": "false",
      "ask": 4.1,
      "askSize": 54,
      "bid": 3.9,
      "bidSize": 54,
      "displaySymbol": "AQN Aug 18 '23 $12.50 Put",
      "inTheMoney": "y",
      "lastPrice": 0.0,
      "netChange": 0.0,
      "openInterest": 0,
      "optionCategory": "STANDARD",
      "optionRootSymbol": "AQN",
      "optionType": "PUT",
      "osiKey": "AQN---230818P00012500",
      "quoteDetail": "https://api.etrade.com/v1/market/quote/AQN:2023:8:18:PUT:12.500000",
      "strikePrice": 12.5,
      "symbol": "AQN",
      "timeStamp": 1688399235,
      "volume": 0
    },
    {
      "OptionGreeks": {
        "currentValue": "true",
        "delta": -1.0,
        "gamma": 0.0,
        "iv": 0.33811,
        "rho": 0.0,
        "theta": -0.00118,
        "vega": 0.0
      },
      "adjustedFlag": "false",
      "ask": 6.6,
      "askSize": 54,
      "bid": 6.4,
      "bidSize": 54,
      "displaySymbol": "AQN Aug 18 '23 $15 Put",
      "inTheMoney": "y",
      "lastPrice": 0.0,
      "netChange": 0.0,
      "openInterest": 0,
      "optionCategory": "STANDARD",
      "optionRootSymbol": "AQN",
      "optionType": "PUT",
      "osiKey": "AQN---230818P00015000",
      "quoteDetail": "https://api.etrade.com/v1/market/quote/AQN:2023:8:18:PUT:15.000000",
      "strikePrice": 15.0,
      "symbol": "AQN",
      "timeStamp": 1688399591,
      "volume": 0
    },
    {
      "OptionGreeks": {
        "currentValue": "true",
        "delta": 0.99975,
        "gamma": 2e-05,
        "iv": 0.41206,
        "rho": 0.0031,
        "theta": 0.0,
        "vega": 0.0
      },
      "adjustedFlag": "false",
      "ask": 6.1,
      "askSize": 54,
      "bid": 5.9,
      "bidSize": 54,
      "displaySymbol": "AQN Aug 18 '23 $2.50 Call",
      "inTheMoney": "y",
      "lastPrice": 0.0,
      "netChange": 0.0,
      "openInterest": 0,
      "optionCategory": "STANDARD",
      "optionRootSymbol": "AQN",
      "optionType": "CALL",
      "osiKey": "AQN---230818C00002500",
      "quoteDetail": "https://api.etrade.com/v1/market/quote/AQN:2023:8:18:CALL:2.500000",
      "strikePrice": 2.5,
      "symbol": "AQN",
      "timeStamp": 1688400672,
      "volume": 0
    },
    {
      "OptionGreeks": {
        "currentValue": "true",
        "delta": 0.99965,
        "gamma": 0.00032,
        "iv": 0.41206,
        "rho": 0.00625,
        "theta": 0.0,
        "vega": 1e-05
      },
      "adjustedFlag": "false",
      "ask": 4.3,
      "askSize": 64,
      "bid": 3.4,
      "bidSize": 54,
      "displaySymbol": "AQN Aug 18 '23 $5 Call",
      "inTheMoney": "y",
      "lastPrice": 0.0,
      "netChange": 0.0,
      "openInterest": 0,
      "optionCategory": "STANDARD",
      "optionRootSymbol": "AQN",
      "optionType": "CALL",
      "osiKey": "AQN---230818C00005000",
      "quoteDetail": "https://api.etrade.com/v1/market/quote/AQN:2023:8:18:CALL:5.000000",
      "strikePrice": 5.0,
      "symbol": "AQN",
      "timeStamp": 1688403581,
      "volume": 0
    },
    {
      "OptionGreeks": {
        "currentValue": "true",
        "delta": 0.82804,
        "gamma": 0.20438,
        "iv": 0.41206,
        "rho": 0.00741,
        "theta": -0.00326,
        "vega": 0.00771
      },
      "adjustedFlag": "false",
      "ask": 1.2,
      "askSize": 116,
      "bid": 1.1,
      "bidSize": 20,
      "displaySymbol": "AQN Aug 18 '23 $7.50 Call",
      "inTheMoney": "y",
      "lastPrice": 1.06,
      "netChange": 0.21,
      "openInterest": 143,
      "optionCategory": "STANDARD",
      "optionRootSymbol": "AQN",
      "optionType": "CALL",
      "osiKey": "AQN---230818C00007500",
      "quoteDetail": "https://api.etrade.com/v1/market/quote/AQN:2023:8:18:CALL:7.500000",
      "strikePrice": 7.5,
      "symbol": "AQN",
      "timeStamp": 1688403599,
      "volume": 20
    },
    {
      "OptionGreeks": {
        "currentValue": "true",
        "delta": 0.10464,
        "gamma": 0.17703,
        "iv": 0.33811,
        "rho": 0.00104,
        "theta": -0.00197,
        "vega": 0.00554
      },
      "adjustedFlag": "false",
      "ask": 0.1,
      "askSize": 9,
      "bid": 0.0,
      "bidSize": 0,
      "displaySymbol": "AQN Aug 18 '23 $10 Call",
      "inTheMoney": "n",
      "lastPrice": 0.01,
      "netChange": 0.0,
      "openInterest": 231,
      "optionCategory": "STANDARD",
      "optionRootSymbol": "AQN",
      "optionType": "CALL",
      "osiKey": "AQN---230818C00010000",
      "quoteDetail": "https://api.etrade.com/v1/market/quote/AQN:2023:8:18:CALL:10.000000",
      "strikePrice": 10.0,
      "symbol": "AQN",
      "timeStamp": 1688395290,
      "volume": 0
    },
    {
      "OptionGreeks": {
        "currentValue": "true",
        "delta": 0.0009,
        "gamma": 0.00298,
        "iv": 0.33811,
        "rho": 1e-05,
        "theta": -3e-05,
        "vega": 0.0001
      },
      "adjustedFlag": "false",
      "ask": 0.2,
      "askSize": 358,
      "bid": 0.0,
      "bidSize": 0,
      "displaySymbol": "AQN Aug 18 '23 $12.50 Call",
      "inTheMoney": "n",
      "lastPrice": 0.0,
      "netChange": 0.0,
      "openInterest": 0,
      "optionCategory": "STANDARD",
      "optionRootSymbol": "AQN",
      "optionType": "CALL",
      "osiKey": "AQN---230818C00012500",
      "quoteDetail": "https://api.etrade.com/v1/market/quote/AQN:2023:8:18:CALL:12.500000",
      "strikePrice": 12.5,
      "symbol": "AQN",
      "timeStamp": 1688403532,
      "volume": 0
    },
    {
      "OptionGreeks": {
        "currentValue": "true",
        "delta": 0.0,
        "gamma": 1e-05,
        "iv": 0.33811,
        "rho": 0.0,
        "theta": 0.0,
        "vega": 0.0
      },
      "adjustedFlag": "false",
      "ask": 1.4,
      "askSize": 833,
      "bid": 0.0,
      "bidSize": 0,
      "displaySymbol": "AQN Aug 18 '23 $15 Call",
      "inTheMoney": "n",
      "lastPrice": 0.0,
      "netChange": 0.0,
      "openInterest": 0,
      "optionCategory": "STANDARD",
      "optionRootSymbol": "AQN",
      "optionType": "CALL",
      "osiKey": "AQN---230818C00015000",
      "quoteDetail": "https://api.etrade.com/v1/market/quote/AQN:2023:8:18:CALL:15.000000",
      "strikePrice": 15.0,
      "symbol": "AQN",
      "timeStamp": 1688403532,
      "volume": 0
    }
  ],
  "2023-10-20": [
    {
      "OptionGreeks": {
        "currentValue": "true",
        "delta": -1e-05,
        "gamma": 1e-05,
        "iv": 0.53307,
        "rho": 0.0,
        "theta": 0.0,
        "vega": 0.0
      },
      "adjustedFlag": "false",
      "ask": 1.5,
      "askSize": 807,
      "bid": 0.0,
      "bidSize": 0,
      "displaySymbol": "AQN Oct 20 '23 $2.50 Put",
      "inTheMoney": "n",
      "lastPrice": 0.01,
      "netChange": 0.0,
      "openInterest": 5,
      "optionCategory": "STANDARD",
      "optionRootSymbol": "AQN",
      "optionType": "PUT",
      "osiKey": "AQN---231020P00002500",
      "quoteDetail": "https://api.etrade.com/v1/market/quote/AQN:2023:10:20:PUT:2.500000",
      "strikePrice": 2.5,
      "symbol": "AQN",
      "timeStamp": 1688403553,
      "volume": 0
    },
    {
      "OptionGreeks": {
        "currentValue": "true",
        "delta": -0.02533,
        "gamma": 0.02417,
        "iv": 0.53307,
        "rho": -0.00067,
        "theta": -0.00064,
        "vega": 0.00274
      },
      "adjustedFlag": "false",
      "ask": 0.05,
      "askSize": 21,
      "bid": 0.0,
      "bidSize": 0,
      "displaySymbol": "AQN Oct 20 '23 $5 Put",
      "inTheMoney": "n",
      "lastPrice": 0.01,
      "netChange": 0.0,
      "openInterest": 30,
      "optionCategory": "STANDARD",
      "optionRootSymbol": "AQN",
      "optionType": "PUT",
      "osiKey": "AQN---231020P00005000",
      "quoteDetail": "https://api.etrade.com/v1/market/quote/AQN:2023:10:20:PUT:5.000000",
      "strikePrice": 5.0,
      "symbol": "AQN",
      "timeStamp": 1688400847,
      "volume": 0
    },
    {
      "OptionGreeks": {
        "currentValue": "true",
        "delta": -0.22291,
        "gamma": 0.19678,
        "iv": 0.33213,
        "rho": -0.00566,
        "theta": -0.00206,
        "vega": 0.01369
      },
      "adjustedFlag": "false",
      "ask": 0.3,
      "askSize": 440,
      "bid": 0.1,
      "bidSize": 830,
      "displaySymbol": "AQN Oct 20 '23 $7.50 Put",
      "inTheMoney": "n",
      "lastPrice": 0.2,
      "netChange": 0.0,
      "openInterest": 3362,
      "optionCategory": "STANDARD",
      "optionRootSymbol": "AQN",
      "optionType": "PUT",
      "osiKey": "AQN---231020P00007500",
      "quoteDetail": "https://api.etrade.com/v1/market/quote/AQN:2023:10:20:PUT:7.500000",
      "strikePrice": 7.5,
      "symbol": "AQN",
      "timeStamp": 1688403598,
      "volume": 0
    },
    {
      "OptionGreeks": {
        "currentValue": "true",
        "delta": -0.82933,
        "gamma": 0.18913,
        "iv": 0.29626,
        "rho": -0.02112,
        "theta": -0.00136,
        "vega": 0.01164
      },
      "adjustedFlag": "false",
      "ask": 1.7,
      "askSize": 17,
      "bid": 1.55,
      "bidSize": 105,
      "displaySymbol": "AQN Oct 20 '23 $10 Put",
      "inTheMoney": "y",
      "lastPrice": 1.95,
      "netChange": 0.0,
      "openInterest": 355,
      "optionCategory": "STANDARD",
      "optionRootSymbol": "AQN",
      "optionType": "PUT",
      "osiKey": "AQN---231020P00010000",
      "quoteDetail": "https://api.etrade.com/v1/market/quote/AQN:2023:10:20:PUT:10.000000",
      "strikePrice": 10.0,
      "symbol": "AQN",
      "timeStamp": 1688403599,
      "volume": 0
    },
    {
      "OptionGreeks": {
        "currentValue": "true",
        "delta": -0.95482,
        "gamma": 0.09405,
        "iv": 0.4289,
        "rho": -0.01486,
        "theta": -0.00104,
        "vega": 0.00434
      },
      "adjustedFlag": "false",
      "ask": 4.1,
      "askSize": 19,
      "bid": 3.9,
      "bidSize": 54,
      "displaySymbol": "AQN Oct 20 '23 $12.50 Put",
      "inTheMoney": "y",
      "lastPrice": 4.26,
      "netChange": 0.0,
      "openInterest": 2,
      "optionCategory": "STANDARD",
      "optionRootSymbol": "AQN",
      "optionType": "PUT",
      "osiKey": "AQN---231020P00012500",
      "quoteDetail": "https://api.etrade.com/v1/market/quote/AQN:2023:10:20:PUT:12.500000",
      "strikePrice": 12.5,
      "symbol": "AQN",
      "timeStamp": 1688399672,
      "volume": 0
    },
    {
      "OptionGreeks": {
        "currentValue": "true",
        "delta": -0.9547,
        "gamma": 0.06585,
        "iv": 0.62403,
        "rho": -0.01339,
        "theta": -0.0015,
        "vega": 0.00435
      },
      "adjustedFlag": "false",
      "ask": 6.6,
      "askSize": 20,
      "bid": 6.4,
      "bidSize": 54,
      "displaySymbol": "AQN Oct 20 '23 $15 Put",
      "inTheMoney": "y",
      "lastPrice": 0.0,
      "netChange": 0.0,
      "openInterest": 0,
      "optionCategory": "STANDARD",
      "optionRootSymbol": "AQN",
      "optionType": "PUT",
      "osiKey": "AQN---231020P00015000",
      "quoteDetail": "https://api.etrade.com/v1/market/quote/AQN:2023:10:20:PUT:15.000000",
      "strikePrice": 15.0,
      "symbol": "AQN",
      "timeStamp": 1688398599,
      "volume": 0
    },
    {
      "OptionGreeks": {
        "currentValue": "true",
        "delta": -1.0,
        "gamma": 0.0,
        "iv": 0.62403,
        "rho": 0.0,
        "theta": -0.00113,
        "vega": 0.0
      },
      "adjustedFlag": "false",
      "ask": 9.1,
      "askSize": 20,
      "bid": 8.9,
      "bidSize": 54,
      "displaySymbol": "AQN Oct 20 '23 $17.50 Put",
      "inTheMoney": "y",
      "lastPrice": 0.0,
      "netChange": 0.0,
      "openInterest": 0,
      "optionCategory": "STANDARD",
      "optionRootSymbol": "AQN",
      "optionType": "PUT",
      "osiKey": "AQN---231020P00017500",
      "quoteDetail": "https://api.etrade.com/v1/market/quote/AQN:2023:10:20:PUT:17.500000",
      "strikePrice": 17.5,
      "symbol": "AQN",
      "timeStamp": 1688398613,
      "volume": 0
    },
    {
      "OptionGreeks": {
        "currentValue": "true",
        "delta": 0.9989,
        "gamma": 1e-05,
        "iv": 0.53307,
        "rho": 0.00575,
        "theta": 0.0,
        "vega": 0.0
      },
      "adjustedFlag": "false",
      "ask": 6.1,
      "askSize": 54,
      "bid": 5.9,
      "bidSize": 51,
      "displaySymbol": "AQN Oct 20 '23 $2.50 Call",
      "inTheMoney": "y",
      "lastPrice": 0.0,
      "netChange": 0.0,
      "openInterest": 0,
      "optionCategory": "STANDARD",
      "optionRootSymbol": "AQN",
      "optionType": "CALL",
      "osiKey": "AQN---231020C00002500",
      "quoteDetail": "https://api.etrade.com/v1/market/quote/AQN:2023:10:20:CALL:2.500000",
      "strikePrice": 2.5,
      "symbol": "AQN",
      "timeStamp": 1688403340,
      "volume": 0
    },
    {
      "OptionGreeks": {
        "currentValue": "true",
        "delta": 0.98147,
        "gamma": 0.01883,
        "iv": 0.53307,
        "rho": 0.01119,
        "theta": 0.0,
        "vega": 0.00196
      },
      "adjustedFlag": "false",
      "ask": 3.7,
      "askSize": 116,
      "bid": 2.5,
      "bidSize": 635,
      "displaySymbol": "AQN Oct 20 '23 $5 Call",
      "inTheMoney": "y",
      "lastPrice": 3.5,
      "netChange": 0.29,
      "openInterest": 290,
      "optionCategory": "STANDARD",
      "optionRootSymbol": "AQN",
      "optionType": "CALL",
      "osiKey": "AQN---231020C00005000",
      "quoteDetail": "https://api.etrade.com/v1/market/quote/AQN:2023:10:20:CALL:5.000000",
      "strikePrice": 5.0,
      "symbol": "AQN",
      "timeStamp": 1688403599,
      "volume": 200
    },
    {
      "OptionGreeks": {
        "currentValue": "true",
        "delta": 0.80267,
        "gamma": 0.19077,
        "iv": 0.33213,
        "rho": 0.01364,
        "theta": -0.00185,
        "vega": 0.01234
      },
      "adjustedFlag": "false",
      "ask": 1.3,
      "askSize": 54,
      "bid": 1.2,
      "bidSize": 1,
      "displaySymbol": "AQN Oct 20 '23 $7.50 Call",
      "inTheMoney": "y",
      "lastPrice": 1.05,
      "netChange": 0.02,
      "openInterest": 2898,
      "optionCategory": "STANDARD",
      "optionRootSymbol": "AQN",
      "optionType": "CALL",
      "osiKey": "AQN---231020C00007500",
      "quoteDetail": "https://api.etrade.com/v1/market/quote/AQN:2023:10:20:CALL:7.500000",
      "strikePrice": 7.5,
      "symbol": "AQN",
      "timeStamp": 1688403580,
      "volume": 10
    },
    {
      "OptionGreeks": {
        "currentValue": "true",
        "delta": 0.18207,
        "gamma": 0.19689,
        "iv": 0.29626,
        "rho": 0.00391,
        "theta": -0.00164,
        "vega": 0.01216
      },
      "adjustedFlag": "false",
      "ask": 0.15,
      "askSize": 7,
      "bid": 0.1,
      "bidSize": 357,
      "displaySymbol": "AQN Oct 20 '23 $10 Call",
      "inTheMoney": "n",
      "lastPrice": 0.1,
      "netChange": 0.01,
      "openInterest": 2685,
      "optionCategory": "STANDARD",
      "optionRootSymbol": "AQN",
      "optionType": "CALL",
      "osiKey": "AQN---231020C00010000",
      "quoteDetail": "https://api.etrade.com/v1/market/quote/AQN:2023:10:20:CALL:10.000000",
      "strikePrice": 10.0,
      "symbol": "AQN",
      "timeStamp": 1688403599,
      "volume": 2
    },
    {
      "OptionGreeks": {
        "currentValue": "true",
        "delta": 0.06415,
        "gamma": 0.06363,
        "iv": 0.4289,
        "rho": 0.00141,
        "theta": -0.0011,
        "vega": 0.00581
      },
      "adjustedFlag": "false",
      "ask": 0.1,
      "askSize": 4,
      "bid": 0.0,
      "bidSize": 0,
      "displaySymbol": "AQN Oct 20 '23 $12.50 Call",
      "inTheMoney": "n",
      "lastPrice": 0.05,
      "netChange": 0.0,
      "openInterest": 117,
      "optionCategory": "STANDARD",
      "optionRootSymbol": "AQN",
      "optionType": "CALL",
      "osiKey": "AQN---231020C00012500",
      "quoteDetail": "https://api.etrade.com/v1/market/quote/AQN:2023:10:20:CALL:12.500000",
      "strikePrice": 12.5,
      "symbol": "AQN",
      "timeStamp": 1688392339,
      "volume": 0
    },
    {
      "OptionGreeks": {
        "currentValue": "true",
        "delta": 0.06852,
        "gamma": 0.04589,
        "iv": 0.62403,
        "rho": 0.00146,
        "theta": -0.00168,
        "vega": 0.00606
      },
      "adjustedFlag": "false",
      "ask": 0.15,
      "askSize": 361,
      "bid": 0.0,
      "bidSize": 0,
      "displaySymbol": "AQN Oct 20 '23 $15 Call",
      "inTheMoney": "n",
      "lastPrice": 0.05,
      "netChange": 0.0,
      "openInterest": 11,
      "optionCategory": "STANDARD",
      "optionRootSymbol": "AQN",
      "optionType": "CALL",
      "osiKey": "AQN---231020C00015000",
      "quoteDetail": "https://api.etrade.com/v1/market/quote/AQN:2023:10:20:CALL:15.000000",
      "strikePrice": 15.0,
      "symbol": "AQN",
      "timeStamp": 1688399686,
      "volume": 0
    },
    {
      "OptionGreeks": {
        "currentValue": "true",
        "delta": 0.02623,
        "gamma": 0.02108,
        "iv": 0.62403,
        "rho": 0.00057,
        "theta": -0.00076,
        "vega": 0.0028
      },
      "adjustedFlag": "false",
      "ask": 0.4,
      "askSize": 678,
      "bid": 0.0,
      "bidSize": 0,
      "displaySymbol": "AQN Oct 20 '23 $17.50 Call",
      "inTheMoney": "n",
      "lastPrice": 0.0,
      "netChange": 0.0,
      "openInterest": 0,
      "optionCategory": "STANDARD",
      "optionRootSymbol": "AQN",
      "optionType": "CALL",
      "osiKey": "AQN---231020C00017500",
      "quoteDetail": "https://api.etrade.com/v1/market/quote/AQN:2023:10:20:CALL:17.500000",
      "strikePrice": 17.5,
      "symbol": "AQN",
      "timeStamp": 1688399298,
      "volume": 0
    }
  ],
  "2024-01-19": [
    {
      "OptionGreeks": {
        "currentValue": "true",
        "delta": -0.01175,
        "gamma": 0.00594,
        "iv": 0.84244,
        "rho": -0.00065,
        "theta": -0.00038,
        "vega": 0.00189
      },
      "adjustedFlag": "false",
      "ask": 0.05,
      "askSize": 22,
      "bid": 0.0,
      "bidSize": 0,
      "displaySymbol": "AQN Jan 19 '24 $2.50 Put",
      "inTheMoney": "n",
      "lastPrice": 0.0,
      "netChange": 0.0,
      "openInterest": 0,
      "optionCategory": "STANDARD",
      "optionRootSymbol": "AQN",
      "optionType": "PUT",
      "osiKey": "AQN---240119P00002500",
      "quoteDetail": "https://api.etrade.com/v1/market/quote/AQN:2024:1:19:PUT:2.500000",
      "strikePrice": 2.5,
      "symbol": "AQN",
      "timeStamp": 1688403532,
      "volume": 0
    },
    {
      "OptionGreeks": {
        "currentValue": "true",
        "delta": -0.04121,
        "gamma": 0.03184,
        "iv": 0.45217,
        "rho": -0.00206,
        "theta": -0.00059,
        "vega": 0.00548
      },
      "adjustedFlag": "false",
      "ask": 0.1,
      "askSize": 36,
      "bid": 0.0,
      "bidSize": 0,
      "displaySymbol": "AQN Jan 19 '24 $5 Put",
      "inTheMoney": "n",
      "lastPrice": 0.0,
      "netChange": 0.0,
      "openInterest": 0,
      "optionCategory": "STANDARD",
      "optionRootSymbol": "AQN",
      "optionType": "PUT",
      "osiKey": "AQN---240119P00005000",
      "quoteDetail": "https://api.etrade.com/v1/market/quote/AQN:2024:1:19:PUT:5.000000",
      "strikePrice": 5.0,
      "symbol": "AQN",
      "timeStamp": 1688403591,
      "volume": 0
    },
    {
      "OptionGreeks": {
        "currentValue": "true",
        "delta": -0.26463,
        "gamma": 0.16744,
        "iv": 0.31924,
        "rho": -0.01316,
        "theta": -0.00155,
        "vega": 0.02005
      },
      "adjustedFlag": "false",
      "ask": 0.4,
      "askSize": 72,
      "bid": 0.3,
      "bidSize": 524,
      "displaySymbol": "AQN Jan 19 '24 $7.50 Put",
      "inTheMoney": "n",
      "lastPrice": 0.35,
      "netChange": -0.1,
      "openInterest": 147,
      "optionCategory": "STANDARD",
      "optionRootSymbol": "AQN",
      "optionType": "PUT",
      "osiKey": "AQN---240119P00007500",
      "quoteDetail": "https://api.etrade.com/v1/market/quote/AQN:2024:1:19:PUT:7.500000",
      "strikePrice": 7.5,
      "symbol": "AQN",
      "timeStamp": 1688403593,
      "volume": 1
    },
    {
      "OptionGreeks": {
        "currentValue": "true",
        "delta": -0.75119,
        "gamma": 0.18266,
        "iv": 0.28872,
        "rho": -0.03465,
        "theta": -0.00118,
        "vega": 0.0193
      },
      "adjustedFlag": "false",
      "ask": 1.8,
      "askSize": 56,
      "bid": 1.65,
      "bidSize": 121,
      "displaySymbol": "AQN Jan 19 '24 $10 Put",
      "inTheMoney": "y",
      "lastPrice": 1.95,
      "netChange": 0.0,
      "openInterest": 128,
      "optionCategory": "STANDARD",
      "optionRootSymbol": "AQN",
      "optionType": "PUT",
      "osiKey": "AQN---240119P00010000",
      "quoteDetail": "https://api.etrade.com/v1/market/quote/AQN:2024:1:19:PUT:10.000000",
      "strikePrice": 10.0,
      "symbol": "AQN",
      "timeStamp": 1688403599,
      "volume": 0
    },
    {
      "OptionGreeks": {
        "currentValue": "true",
        "delta": -0.97677,
        "gamma": 0.1175,
        "iv": 0.31777,
        "rho": -0.00808,
        "theta": -0.00084,
        "vega": 0.00315
      },
      "adjustedFlag": "false",
      "ask": 4.1,
      "askSize": 19,
      "bid": 3.9,
      "bidSize": 54,
      "displaySymbol": "AQN Jan 19 '24 $12.50 Put",
      "inTheMoney": "y",
      "lastPrice": 0.0,
      "netChange": 0.0,
      "openInterest": 0,
      "optionCategory": "STANDARD",
      "optionRootSymbol": "AQN",
      "optionType": "PUT",
      "osiKey": "AQN---240119P00012500",
      "quoteDetail": "https://api.etrade.com/v1/market/quote/AQN:2024:1:19:PUT:12.500000",
      "strikePrice": 12.5,
      "symbol": "AQN",
      "timeStamp": 1688399615,
      "volume": 0
    },
    {
      "OptionGreeks": {
        "currentValue": "true",
        "delta": -1.0,
        "gamma": 0.0,
        "iv": 0.38178,
        "rho": 0.0,
        "theta": -0.0011,
        "vega": 0.0
      },
      "adjustedFlag": "false",
      "ask": 7.4,
      "askSize": 93,
      "bid": 6.2,
      "bidSize": 141,
      "displaySymbol": "AQN Jan 19 '24 $15 Put",
      "inTheMoney": "y",
      "lastPrice": 0.0,
      "netChange": 0.0,
      "openInterest": 0,
      "optionCategory": "STANDARD",
      "optionRootSymbol": "AQN",
      "optionType": "PUT",
      "osiKey": "AQN---240119P00015000",
      "quoteDetail": "https://api.etrade.com/v1/market/quote/AQN:2024:1:19:PUT:15.000000",
      "strikePrice": 15.0,
      "symbol": "AQN",
      "timeStamp": 1688403599,
      "volume": 0
    },
    {
      "OptionGreeks": {
        "currentValue": "true",
        "delta": 0.99512,
        "gamma": 0.00266,
        "iv": 0.84244,
        "rho": 0.00575,
        "theta": 0.0,
        "vega": 0.00052
      },
      "adjustedFlag": "false",
      "ask": 6.1,
      "askSize": 54,
      "bid": 5.9,
      "bidSize": 54,
      "displaySymbol": "AQN Jan 19 '24 $2.50 Call",
      "inTheMoney": "y",
      "lastPrice": 6.12,
      "netChange": 0.0,
      "openInterest": 1,
      "optionCategory": "STANDARD",
      "optionRootSymbol": "AQN",
      "optionType": "CALL",
      "osiKey": "AQN---240119C00002500",
      "quoteDetail": "https://api.etrade.com/v1/market/quote/AQN:2024:1:19:CALL:2.500000",
      "strikePrice": 2.5,
      "symbol": "AQN",
      "timeStamp": 1688403579,
      "volume": 0
    },
    {
      "OptionGreeks": {
        "currentValue": "true",
        "delta": 0.97493,
        "gamma": 0.02444,
        "iv": 0.45217,
        "rho": 0.01244,
        "theta": 0.0,
        "vega": 0.0033
      },
      "adjustedFlag": "false",
      "ask": 3.7,
      "askSize": 58,
      "bid": 3.5,
      "bidSize": 54,
      "displaySymbol": "AQN Jan 19 '24 $5 Call",
      "inTheMoney": "y",
      "lastPrice": 3.5,
      "netChange": 0.0,
      "openInterest": 4,
      "optionCategory": "STANDARD",
      "optionRootSymbol": "AQN",
      "optionType": "CALL",
      "osiKey": "AQN---240119C00005000",
      "quoteDetail": "https://api.etrade.com/v1/market/quote/AQN:2024:1:19:CALL:5.000000",
      "strikePrice": 5.0,
      "symbol": "AQN",
      "timeStamp": 1688403481,
      "volume": 0
    },
    {
      "OptionGreeks": {
        "currentValue": "true",
        "delta": 0.75582,
        "gamma": 0.16652,
        "iv": 0.31924,
        "rho": 0.02247,
        "theta": -0.0014,
        "vega": 0.01895
      },
      "adjustedFlag": "false",
      "ask": 1.45,
      "askSize": 61,
      "bid": 1.25,
      "bidSize": 544,
      "displaySymbol": "AQN Jan 19 '24 $7.50 Call",
      "inTheMoney": "y",
      "lastPrice": 1.3,
      "netChange": 0.15,
      "openInterest": 212,
      "optionCategory": "STANDARD",
      "optionRootSymbol": "AQN",
      "optionType": "CALL",
      "osiKey": "AQN---240119C00007500",
      "quoteDetail": "https://api.etrade.com/v1/market/quote/AQN:2024:1:19:CALL:7.500000",
      "strikePrice": 7.5,
      "symbol": "AQN",
      "timeStamp": 1688403599,
      "volume": 1
    },
    {
      "OptionGreeks": {
        "currentValue": "true",
        "delta": 0.26094,
        "gamma": 0.18506,
        "iv": 0.28872,
        "rho": 0.00987,
        "theta": -0.00141,
        "vega": 0.01993
      },
      "adjustedFlag": "false",
      "ask": 0.3,
      "askSize": 21,
      "bid": 0.2,
      "bidSize": 698,
      "displaySymbol": "AQN Jan 19 '24 $10 Call",
      "inTheMoney": "n",
      "lastPrice": 0.15,
      "netChange": 0.0,
      "openInterest": 382,
      "optionCategory": "STANDARD",
      "optionRootSymbol": "AQN",
      "optionType": "CALL",
      "osiKey": "AQN---240119C00010000",
      "quoteDetail": "https://api.etrade.com/v1/market/quote/AQN:2024:1:19:CALL:10.000000",
      "strikePrice": 10.0,
      "symbol": "AQN",
      "timeStamp": 1688403592,
      "volume": 0
    },
    {
      "OptionGreeks": {
        "currentValue": "true",
        "delta": 0.06463,
        "gamma": 0.06471,
        "iv": 0.31777,
        "rho": 0.00256,
        "theta": -0.0006,
        "vega": 0.00787
      },
      "adjustedFlag": "false",
      "ask": 0.1,
      "askSize": 10,
      "bid": 0.0,
      "bidSize": 0,
      "displaySymbol": "AQN Jan 19 '24 $12.50 Call",
      "inTheMoney": "n",
      "lastPrice": 0.08,
      "netChange": 0.0,
      "openInterest": 10,
      "optionCategory": "STANDARD",
      "optionRootSymbol": "AQN",
      "optionType": "CALL",
      "osiKey": "AQN---240119C00012500",
      "quoteDetail": "https://api.etrade.com/v1/market/quote/AQN:2024:1:19:CALL:12.500000",
      "strikePrice": 12.5,
      "symbol": "AQN",
      "timeStamp": 1688391903,
      "volume": 0
    },
    {
      "OptionGreeks": {
        "currentValue": "true",
        "delta": 0.03106,
        "gamma": 0.02974,
        "iv": 0.38178,
        "rho": 0.00123,
        "theta": -0.00039,
        "vega": 0.0044
      },
      "adjustedFlag": "false",
      "ask": 0.05,
      "askSize": 1,
      "bid": 0.0,
      "bidSize": 0,
      "displaySymbol": "AQN Jan 19 '24 $15 Call",
      "inTheMoney": "n",
      "lastPrice": 0.0,
      "netChange": 0.0,
      "openInterest": 0,
      "optionCategory": "STANDARD",
      "optionRootSymbol": "AQN",
      "optionType": "CALL",
      "osiKey": "AQN---240119C00015000",
      "quoteDetail": "https://api.etrade.com/v1/market/quote/AQN:2024:1:19:CALL:15.000000",
      "strikePrice": 15.0,
      "symbol": "AQN",
      "timeStamp": 1688391099,
      "volume": 0
    }
  ],
  "quote": {
    "ExtendedHourQuoteDetail": {
      "ask": 8.54,
      "askSize": 1700,
      "bid": 8.41,
      "bidSize": 200,
      "change": 0.24,
      "lastPrice": 8.5,
      "percentChange": 2.91,
      "quoteStatus": "EH_REALTIME",
      "timeOfLastTrade": 1688405050,
      "timeZone": "EST",
      "volume": 1664897
    },
    "adjustedFlag": "false",
    "ahFlag": "true",
    "ask": 8.54,
    "askSize": 1700,
    "askTime": "13:24:10 EDT 07-03-2023",
    "averageVolume": 7705730,
    "beta": 0.5,
    "bid": 8.41,
    "bidExchange": null,
    "bidSize": 200,
    "bidTime": "13:24:10 EDT 07-03-2023",
    "cashDeliverable": 0,
    "changeClose": 0.23,
    "changeClosePercentage": 2.78,
    "companyName": "ALGONQUIN PWR UTILS CORP COM",
    "contractSize": 0.0,
    "dateTime": "13:24:10 EDT 07-03-2023",
    "dateTimeUTC": 1688405050,
    "daysToExpiration": 0,
    "declaredDividend": 0.1085,
    "dirLast": 0,
    "dividend": 0.1085,
    "dividendPayableDate": 1689359375,
    "eps": -0.33,
    "estEarnings": 0.582,
    "exDividendDate": 1688063375,
    "expirationDate": 0,
    "hasMiniOptions": "false",
    "high": 8.51,
    "high52": 14.65,
    "intrinsicValue": 0.0,
    "lastTrade": 8.49,
    "low": 8.29,
    "low52": 6.405,
    "marketCap": 5846757360.0,
    "nextEarningDate": "08/09/2023",
    "open": 8.31,
    "openInterest": 0,
    "optionMultiplier": 0.0,
    "optionStyle": null,
    "optionUnderlier": null,
    "pe": 0.0,
    "previousClose": 8.26,
    "previousDayVolume": 4339475,
    "primaryExchange": "NYSE",
    "quoteStatus": "CLOSING",
    "securityType": "EQ",
    "sharesOutstanding": 688664000,
    "symbol": "AQN",
    "symbolDescription": "ALGONQUIN PWR UTILS CORP COM",
    "timeOfLastTrade": 1688404200,
    "timePremium": 0.0,
    "totalVolume": 1664897,
    "upc": 0,
    "week52HiDate": 1660328975,
    "week52LowDate": 1672342175,
    "yield": 5.2542
  }
}