{
  "2023-07-21": [
    {
      "OptionGreeks": {
        "currentValue": "true",
        "delta": -5e-05,
        "gamma": 3e-05,
        "iv": 0.90664,
        "rho": 0.0,
        "theta": -2e-05,
        "vega": 1e-05
      },
      "adjustedFlag": "false",
      "ask": 2.5,
      "askSize": 556,
      "bid": 0.0,
      "bidSize": 0,
      "displaySymbol": "BEN Jul 21 '23 $12.50 Put",
      "inTheMoney": "n",
      "lastPrice": 0.0,
      "netChange": 0.0,
      "openInterest": 0,
      "optionCategory": "STANDARD",
      "optionRootSymbol": "BEN",
      "optionType": "PUT",
      "osiKey": "BEN---230721P00012500",
      "quoteDetail": "https://api.etrade.com/v1/market/quote/BEN:2023:7:21:PUT:12.500000",
      "strikePrice": 12.5,
      "symbol": "BEN",
      "timeStamp": 1688403535,
      "volume": 0
    },
    {
      "OptionGreeks": {
        "currentValue": "true",
        "delta": -0.00136,
        "gamma": 0.00082,
        "iv": 0.90664,
        "rho": -2e-05,
        "theta": -0.00059,
        "vega": 0.00027
      },
      "adjustedFlag": "false",
      "ask": 2.5,
      "askSize": 553,
      "bid": 0.0,
      "bidSize": 0,
      "displaySymbol": "BEN Jul 21 '23 $15 Put",
      "inTheMoney": "n",
      "lastPrice": 0.3,
      "netChange": 0.0,
      "openInterest": 20,
      "optionCategory": "STANDARD",
      "optionRootSymbol": "BEN",
      "optionType": "PUT",
      "osiKey": "BEN---230721P00015000",
      "quoteDetail": "https://api.etrade.com/v1/market/quote/BEN:2023:7:21:PUT:15.000000",
      "strikePrice": 15.0,
      "symbol": "BEN",
      "timeStamp": 1688403536,
      "volume": 0
    },
    {
      "OptionGreeks": {
        "currentValue": "true",
        "delta": -0.01289,
        "gamma": 0.0061,
        "iv": 0.90664,
        "rho": -0.00018,
        "theta": -0.00467,
        "vega": 0.00199
      },
      "adjustedFlag": "false",
      "ask": 0.05,
      "askSize": 4,
      "bid": 0.0,
      "bidSize": 0,
      "displaySymbol": "BEN Jul 21 '23 $17.50 Put",
      "inTheMoney": "n",
      "lastPrice": 0.3,
      "netChange": 0.0,
      "openInterest": 27,
      "optionCategory": "STANDARD",
      "optionRootSymbol": "BEN",
      "optionType": "PUT",
      "osiKey": "BEN---230721P00017500",
      "quoteDetail": "https://api.etrade.com/v1/market/quote/BEN:2023:7:21:PUT:17.500000",
      "strikePrice": 17.5,
      "symbol": "BEN",
      "timeStamp": 1688391034,
      "volume": 0
    },
    {
      "OptionGreeks": {
        "currentValue": "true",
        "delta": -0.01702,
        "gamma": 0.0108,
        "iv": 0.65034,
        "rho": -0.00023,
        "theta": -0.00427,
        "vega": 0.00254
      },
      "adjustedFlag": "false",
      "ask": 0.8,
      "askSize": 522,
      "bid": 0.0,
      "bidSize": 0,
      "displaySymbol": "BEN Jul 21 '23 $20 Put",
      "inTheMoney": "n",
      "lastPrice": 0.04,
      "netChange": 0.0,
      "openInterest": 96,
      "optionCategory": "STANDARD",
      "optionRootSymbol": "BEN",
      "optionType": "PUT",
      "osiKey": "BEN---230721P00020000",
      "quoteDetail": "https://api.etrade.com/v1/market/quote/BEN:2023:7:21:PUT:20.000000",
      "strikePrice": 20.0,
      "symbol": "BEN",
      "timeStamp": 1688403536,
      "volume": 0
    },
    {
      "OptionGreeks": {
        "currentValue": "true",
        "delta": -0.0261,
        "gamma": 0.02376,
        "iv": 0.42426,
        "rho": -0.00034,
        "theta": -0.00404,
        "vega": 0.0037
      },
      "adjustedFlag": "false",
      "ask": 0.05,
      "askSize": 139,
      "bid": 0.0,
      "bidSize": 0,
      "displaySymbol": "BEN Jul 21 '23 $22.50 Put",
      "inTheMoney": "n",
      "lastPrice": 0.04,
      "netChange": -0.01,
      "openInterest": 287,
      "optionCategory": "STANDARD",
      "optionRootSymbol": "BEN",
      "optionType": "PUT",
      "osiKey": "BEN---230721P00022500",
      "quoteDetail": "https://api.etrade.com/v1/market/quote/BEN:2023:7:21:PUT:22.500000",
      "strikePrice": 22.5,
      "symbol": "BEN",
      "timeStamp": 1688403542,
      "volume": 1
    },
    {
      "OptionGreeks": {
        "currentValue": "true",
        "delta": -0.07938,
        "gamma": 0.10281,
        "iv": 0.23988,
        "rho": -0.00101,
        "theta": -0.00574,
        "vega": 0.00909
      },
      "adjustedFlag": "false",
      "ask": 0.1,
      "askSize": 182,
      "bid": 0.0,
      "bidSize": 0,
      "displaySymbol": "BEN Jul 21 '23 $25 Put",
      "inTheMoney": "n",
      "lastPrice": 0.05,
      "netChange": -0.05,
      "openInterest": 855,
      "optionCategory": "STANDARD",
      "optionRootSymbol": "BEN",
      "optionType": "PUT",
      "osiKey": "BEN---230721P00025000",
      "quoteDetail": "https://api.etrade.com/v1/market/quote/BEN:2023:7:21:PUT:25.000000",
      "strikePrice": 25.0,
      "symbol": "BEN",
      "timeStamp": 1688403542,
      "volume": 3
    },
    {
      "OptionGreeks": {
        "currentValue": "true",
        "delta": -0.69088,
        "gamma": 0.3217,
        "iv": 0.19498,
        "rho": -0.00659,
        "theta": -0.01211,
        "vega": 0.02102
      },
      "adjustedFlag": "false",
      "ask": 0.85,
      "askSize": 5,
      "bid": 0.75,
      "bidSize": 21,
      "displaySymbol": "BEN Jul 21 '23 $27.50 Put",
      "inTheMoney": "y",
      "lastPrice": 0.75,
      "netChange": -0.2,
      "openInterest": 1437,
      "optionCategory": "STANDARD",
      "optionRootSymbol": "BEN",
      "optionType": "PUT",
      "osiKey": "BEN---230721P00027500",
      "quoteDetail": "https://api.etrade.com/v1/market/quote/BEN:2023:7:21:PUT:27.500000",
      "strikePrice": 27.5,
      "symbol": "BEN",
      "timeStamp": 1688403599,
      "volume": 1
    },
    {
      "OptionGreeks": {
        "currentValue": "true",
        "delta": -0.959,
        "gamma": 0.07679,
        "iv": 0.3095,
        "rho": -0.00384,
        "theta": -0.00664,
        "vega": 0.00527
      },
      "adjustedFlag": "false",
      "ask": 3.3,
      "askSize": 36,
      "bid": 3.0,
      "bidSize": 33,
      "displaySymbol": "BEN Jul 21 '23 $30 Put",
      "inTheMoney": "y",
      "lastPrice": 3.41,
      "netChange": 0.0,
      "openInterest": 336,
      "optionCategory": "STANDARD",
      "optionRootSymbol": "BEN",
      "optionType": "PUT",
      "osiKey": "BEN---230721P00030000",
      "quoteDetail": "https://api.etrade.com/v1/market/quote/BEN:2023:7:21:PUT:30.000000",
      "strikePrice": 30.0,
      "symbol": "BEN",
      "timeStamp": 1688403597,
      "volume": 0
    },
    {
      "OptionGreeks": {
        "currentValue": "true",
        "delta": -0.99323,
        "gamma": 0.02571,
        "iv": 0.42564,
        "rho": -0.00112,
        "theta": -0.00437,
        "vega": 0.00103
      },
      "adjustedFlag": "false",
      "ask": 5.8,
      "askSize": 36,
      "bid": 5.5,
      "bidSize": 13,
      "displaySymbol": "BEN Jul 21 '23 $32.50 Put",
      "inTheMoney": "y",
      "lastPrice": 6.35,
      "netChange": 0.0,
      "openInterest": 50,
      "optionCategory": "STANDARD",
      "optionRootSymbol": "BEN",
      "optionType": "PUT",
      "osiKey": "BEN---230721P00032500",
      "quoteDetail": "https://api.etrade.com/v1/market/quote/BEN:2023:7:21:PUT:32.500000",
      "strikePrice": 32.5,
      "symbol": "BEN",
      "timeStamp": 1688403596,
      "volume": 0
    },
    {
      "OptionGreeks": {
        "currentValue": "true",
        "delta": -0.99556,
        "gamma": 0.01451,
        "iv": 0.55651,
        "rho": -0.00043,
        "theta": -0.00397,
        "vega": 0.0007
      },
      "adjustedFlag": "false",
      "ask": 8.4,
      "askSize": 38,
      "bid": 8.0,
      "bidSize": 13,
      "displaySymbol": "BEN Jul 21 '23 $35 Put",
      "inTheMoney": "y",
      "lastPrice": 4.3,
      "netChange": 0.0,
      "openInterest": 0,
      "optionCategory": "STANDARD",
      "optionRootSymbol": "BEN",
      "optionType": "PUT",
      "osiKey": "BEN---230721P00035000",
      "quoteDetail": "https://api.etrade.com/v1/market/quote/BEN:2023:7:21:PUT:35.000000",
      "strikePrice": 35.0,
      "symbol": "BEN",
      "timeStamp": 1688403582,
      "volume": 0
    },
    {
      "OptionGreeks": {
        "currentValue": "true",
        "delta": -0.99624,
        "gamma": 0.01023,
        "iv": 0.67834,
        "rho": 0.0,
        "theta": -0.00392,
        "vega": 0.00056
      },
      "adjustedFlag": "false",
      "ask": 10.8,
      "askSize": 33,
      "bid": 10.5,
      "bidSize": 13,
      "displaySymbol": "BEN Jul 21 '23 $37.50 Put",
      "inTheMoney": "y",
      "lastPrice": 0.0,
      "netChange": 0.0,
      "openInterest": 0,
      "optionCategory": "STANDARD",
      "optionRootSymbol": "BEN",
      "optionType": "PUT",
      "osiKey": "BEN---230721P00037500",
      "quoteDetail": "https://api.etrade.com/v1/market/quote/BEN:2023:7:21:PUT:37.500000",
      "strikePrice": 37.5,
      "symbol": "BEN",
      "timeStamp": 1688403574,
      "volume": 0
    },
    {
      "OptionGreeks": {
        "currentValue": "true",
        "delta": -0.99645,
        "gamma": 0.00818,
        "iv": 0.7923,
        "rho": -0.00024,
        "theta": -0.00395,
        "vega": 0.00053
      },
      "adjustedFlag": "false",
      "ask": 13.3,
      "askSize": 34,
      "bid": 12.9,
      "bidSize": 33,
      "displaySymbol": "BEN Jul 21 '23 $40 Put",
      "inTheMoney": "y",
      "lastPrice": 9.5,
      "netChange": 0.0,
      "openInterest": 0,
      "optionCategory": "STANDARD",
      "optionRootSymbol": "BEN",
      "optionType": "PUT",
      "osiKey": "BEN---230721P00040000",
      "quoteDetail": "https://api.etrade.com/v1/market/quote/BEN:2023:7:21:PUT:40.000000",
      "strikePrice": 40.0,
      "symbol": "BEN",
      "timeStamp": 1688403588,
      "volume": 0
    },
    {
      "OptionGreeks": {
        "currentValue": "true",
        "delta": 1.0,
        "gamma": 4e-05,
        "iv": 0.90664,
        "rho": 0.0058,
        "theta": 0.0,
        "vega": 1e-05
      },
      "adjustedFlag": "false",
      "ask": 14.5,
      "askSize": 31,
      "bid": 14.3,
      "bidSize": 39,
      "displaySymbol": "BEN Jul 21 '23 $12.50 Call",
      "inTheMoney": "y",
      "lastPrice": 13.01,
      "netChange": 0.0,
      "openInterest": 0,
      "optionCategory": "STANDARD",
      "optionRootSymbol": "BEN",
      "optionType": "CALL",
      "osiKey": "BEN---230721C00012500",
      "quoteDetail": "https://api.etrade.com/v1/market/quote/BEN:2023:7:21:CALL:12.500000",
      "strikePrice": 12.5,
      "symbol": "BEN",
      "timeStamp": 1688403389,
      "volume": 0
    },
    {
      "OptionGreeks": {
        "currentValue": "true",
        "delta": 0.9987,
        "gamma": 0.00082,
        "iv": 0.90664,
        "rho": 0.00709,
        "theta": 0.0,
        "vega": 0.00027
      },
      "adjustedFlag": "false",
      "ask": 12.1,
      "askSize": 38,
      "bid": 11.8,
      "bidSize": 39,
      "displaySymbol": "BEN Jul 21 '23 $15 Call",
      "inTheMoney": "y",
      "lastPrice": 18.7,
      "netChange": 0.0,
      "openInterest": 0,
      "optionCategory": "STANDARD",
      "optionRootSymbol": "BEN",
      "optionType": "CALL",
      "osiKey": "BEN---230721C00015000",
      "quoteDetail": "https://api.etrade.com/v1/market/quote/BEN:2023:7:21:CALL:15.000000",
      "strikePrice": 15.0,
      "symbol": "BEN",
      "timeStamp": 1688403591,
      "volume": 0
    },
    {
      "OptionGreeks": {
        "currentValue": "true",
        "delta": 0.98718,
        "gamma": 0.00609,
        "iv": 0.90664,
        "rho": 0.00822,
        "theta": -0.00332,
        "vega": 0.00199
      },
      "adjustedFlag": "false",
      "ask": 9.5,
      "askSize": 31,
      "bid": 9.3,
      "bidSize": 33,
      "displaySymbol": "BEN Jul 21 '23 $17.50 Call",
      "inTheMoney": "y",
      "lastPrice": 9.0,
      "netChange": 0.0,
      "openInterest": 0,
      "optionCategory": "STANDARD",
      "optionRootSymbol": "BEN",
      "optionType": "CALL",
      "osiKey": "BEN---230721C00017500",
      "quoteDetail": "https://api.etrade.com/v1/market/quote/BEN:2023:7:21:CALL:17.500000",
      "strikePrice": 17.5,
      "symbol": "BEN",
      "timeStamp": 1688403564,
      "volume": 0
    },
    {
      "OptionGreeks": {
        "currentValue": "true",
        "delta": 0.98306,
        "gamma": 0.01078,
        "iv": 0.65034,
        "rho": 0.00947,
        "theta": -0.00328,
        "vega": 0.00254
      },
      "adjustedFlag": "false",
      "ask": 7.1,
      "askSize": 32,
      "bid": 6.7,
      "bidSize": 36,
      "displaySymbol": "BEN Jul 21 '23 $20 Call",
      "inTheMoney": "y",
      "lastPrice": 6.5,
      "netChange": 0.0,
      "openInterest": 0,
      "optionCategory": "STANDARD",
      "optionRootSymbol": "BEN",
      "optionType": "CALL",
      "osiKey": "BEN---230721C00020000",
      "quoteDetail": "https://api.etrade.com/v1/market/quote/BEN:2023:7:21:CALL:20.000000",
      "strikePrice": 20.0,
      "symbol": "BEN",
      "timeStamp": 1688403582,
      "volume": 0
    },
    {
      "OptionGreeks": {
        "currentValue": "true",
        "delta": 0.97402,
        "gamma": 0.0237,
        "iv": 0.42426,
        "rho": 0.01065,
        "theta": -0.0034,
        "vega": 0.00369
      },
      "adjustedFlag": "false",
      "ask": 4.6,
      "askSize": 33,
      "bid": 4.3,
      "bidSize": 33,
      "displaySymbol": "BEN Jul 21 '23 $22.50 Call",
      "inTheMoney": "y",
      "lastPrice": 4.2,
      "netChange": 0.0,
      "openInterest": 0,
      "optionCategory": "STANDARD",
      "optionRootSymbol": "BEN",
      "optionType": "CALL",
      "osiKey": "BEN---230721C00022500",
      "quoteDetail": "https://api.etrade.com/v1/market/quote/BEN:2023:7:21:CALL:22.500000",
      "strikePrice": 22.5,
      "symbol": "BEN",
      "timeStamp": 1688403594,
      "volume": 0
    },
    {
      "OptionGreeks": {
        "currentValue": "true",
        "delta": 0.92116,
        "gamma": 0.10206,
        "iv": 0.23988,
        "rho": 0.01124,
        "theta": -0.00543,
        "vega": 0.00905
      },
      "adjustedFlag": "false",
      "ask": 2.15,
      "askSize": 33,
      "bid": 1.9,
      "bidSize": 34,
      "displaySymbol": "BEN Jul 21 '23 $25 Call",
      "inTheMoney": "y",
      "lastPrice": 2.05,
      "netChange": 0.0,
      "openInterest": 45,
      "optionCategory": "STANDARD",
      "optionRootSymbol": "BEN",
      "optionType": "CALL",
      "osiKey": "BEN---230721C00025000",
      "quoteDetail": "https://api.etrade.com/v1/market/quote/BEN:2023:7:21:CALL:25.000000",
      "strikePrice": 25.0,
      "symbol": "BEN",
      "timeStamp": 1688403597,
      "volume": 0
    },
    {
      "OptionGreeks": {
        "currentValue": "true",
        "delta": 0.32405,
        "gamma": 0.307,
        "iv": 0.19498,
        "rho": 0.00418,
        "theta": -0.01164,
        "vega": 0.02159
      },
      "adjustedFlag": "false",
      "ask": 0.3,
      "askSize": 1,
      "bid": 0.2,
      "bidSize": 153,
      "displaySymbol": "BEN Jul 21 '23 $27.50 Call",
      "inTheMoney": "n",
      "lastPrice": 0.3,
      "netChange": 0.05,
      "openInterest": 2299,
      "optionCategory": "STANDARD",
      "optionRootSymbol": "BEN",
      "optionType": "CALL",
      "osiKey": "BEN---230721C00027500",
      "quoteDetail": "https://api.etrade.com/v1/market/quote/BEN:2023:7:21:CALL:27.500000",
      "strikePrice": 27.5,
      "symbol": "BEN",
      "timeStamp": 1688403598,
      "volume": 60
    },
    {
      "OptionGreeks": {
        "currentValue": "true",
        "delta": 0.06386,
        "gamma": 0.06715,
        "iv": 0.3095,
        "rho": 0.00081,
        "theta": -0.0062,
        "vega": 0.00766
      },
      "adjustedFlag": "false",
      "ask": 0.1,
      "askSize": 1,
      "bid": 0.0,
      "bidSize": 0,
      "displaySymbol": "BEN Jul 21 '23 $30 Call",
      "inTheMoney": "n",
      "lastPrice": 0.1,
      "netChange": 0.0,
      "openInterest": 1696,
      "optionCategory": "STANDARD",
      "optionRootSymbol": "BEN",
      "optionType": "CALL",
      "osiKey": "BEN---230721C00030000",
      "quoteDetail": "https://api.etrade.com/v1/market/quote/BEN:2023:7:21:CALL:30.000000",
      "strikePrice": 30.0,
      "symbol": "BEN",
      "timeStamp": 1688395239,
      "volume": 0
    },
    {
      "OptionGreeks": {
        "currentValue": "true",
        "delta": 0.02698,
        "gamma": 0.02429,
        "iv": 0.42564,
        "rho": 0.00034,
        "theta": -0.00414,
        "vega": 0.00381
      },
      "adjustedFlag": "false",
      "ask": 0.05,
      "askSize": 1,
      "bid": 0.0,
      "bidSize": 0,
      "displaySymbol": "BEN Jul 21 '23 $32.50 Call",
      "inTheMoney": "n",
      "lastPrice": 0.05,
      "netChange": 0.0,
      "openInterest": 1128,
      "optionCategory": "STANDARD",
      "optionRootSymbol": "BEN",
      "optionType": "CALL",
      "osiKey": "BEN---230721C00032500",
      "quoteDetail": "https://api.etrade.com/v1/market/quote/BEN:2023:7:21:CALL:32.500000",
      "strikePrice": 32.5,
      "symbol": "BEN",
      "timeStamp": 1688391279,
      "volume": 0
    },
    {
      "OptionGreeks": {
        "currentValue": "true",
        "delta": 0.02046,
        "gamma": 0.01471,
        "iv": 0.55651,
        "rho": 0.00025,
        "theta": -0.00425,
        "vega": 0.00299
      },
      "adjustedFlag": "false",
      "ask": 1.85,
      "askSize": 505,
      "bid": 0.0,
      "bidSize": 0,
      "displaySymbol": "BEN Jul 21 '23 $35 Call",
      "inTheMoney": "n",
      "lastPrice": 0.05,
      "netChange": 0.0,
      "openInterest": 1046,
      "optionCategory": "STANDARD",
      "optionRootSymbol": "BEN",
      "optionType": "CALL",
      "osiKey": "BEN---230721C00035000",
      "quoteDetail": "https://api.etrade.com/v1/market/quote/BEN:2023:7:21:CALL:35.000000",
      "strikePrice": 35.0,
      "symbol": "BEN",
      "timeStamp": 1688403584,
      "volume": 0
    },
    {
      "OptionGreeks": {
        "currentValue": "true",
        "delta": 0.01753,
        "gamma": 0.01057,
        "iv": 0.67834,
        "rho": 0.00021,
        "theta": -0.00451,
        "vega": 0.0026
      },
      "adjustedFlag": "false",
      "ask": 1.25,
      "askSize": 519,
      "bid": 0.0,
      "bidSize": 0,
      "displaySymbol": "BEN Jul 21 '23 $37.50 Call",
      "inTheMoney": "n",
      "lastPrice": 0.05,
      "netChange": 0.0,
      "openInterest": 206,
      "optionCategory": "STANDARD",
      "optionRootSymbol": "BEN",
      "optionType": "CALL",
      "osiKey": "BEN---230721C00037500",
      "quoteDetail": "https://api.etrade.com/v1/market/quote/BEN:2023:7:21:CALL:37.500000",
      "strikePrice": 37.5,
      "symbol": "BEN",
      "timeStamp": 1688403577,
      "volume": 0
    },
    {
      "OptionGreeks": {
        "currentValue": "true",
        "delta": 0.01595,
        "gamma": 0.00835,
        "iv": 0.7923,
        "rho": 0.00019,
        "theta": -0.00484,
        "vega": 0.00239
      },
      "adjustedFlag": "false",
      "ask": 0.05,
      "askSize": 5,
      "bid": 0.0,
      "bidSize": 0,
      "displaySymbol": "BEN Jul 21 '23 $40 Call",
      "inTheMoney": "n",
      "lastPrice": 0.05,
      "netChange": 0.0,
      "openInterest": 53,
      "optionCategory": "STANDARD",
      "optionRootSymbol": "BEN",
      "optionType": "CALL",
      "osiKey": "BEN---230721C00040000",
      "quoteDetail": "https://api.etrade.com/v1/market/quote/BEN:2023:7:21:CALL:40.000000",
      "strikePrice": 40.0,
      "symbol": "BEN",
      "timeStamp": 1688403535,
      "volume": 0
    }
  ],
  "2023-08-18": [
    {
      "OptionGreeks": {
        "currentValue": "true",
        "delta": -0.00551,
        "gamma": 0.00241,
        "iv": 0.68272,
        "rho": -0.00019,
        "theta": -0.00106,
        "vega": 0.00152
      },
      "adjustedFlag": "false",
      "ask": 0.6,
      "askSize": 230,
      "bid": 0.0,
      "bidSize": 0,
      "displaySymbol": "BEN Aug 18 '23 $15 Put",
      "inTheMoney": "n",
      "lastPrice": 0.0,
      "netChange": 0.0,
      "openInterest": 0,
      "optionCategory": "STANDARD",
      "optionRootSymbol": "BEN",
      "optionType": "PUT",
      "osiKey": "BEN---230818P00015000",
      "quoteDetail": "https://api.etrade.com/v1/market/quote/BEN:2023:8:18:PUT:15.000000",
      "strikePrice": 15.0,
      "symbol": "BEN",
      "timeStamp": 1688403599,
      "volume": 0
    },
    {
      "OptionGreeks": {
        "currentValue": "true",
        "delta": -0.02837,
        "gamma": 0.00993,
        "iv": 0.68272,
        "rho": -0.001,
        "theta": -0.00448,
        "vega": 0.00625
      },
      "adjustedFlag": "false",
      "ask": 0.15,
      "askSize": 82,
      "bid": 0.0,
      "bidSize": 0,
      "displaySymbol": "BEN Aug 18 '23 $17.50 Put",
      "inTheMoney": "n",
      "lastPrice": 0.0,
      "netChange": 0.0,
      "openInterest": 0,
      "optionCategory": "STANDARD",
      "optionRootSymbol": "BEN",
      "optionType": "PUT",
      "osiKey": "BEN---230818P00017500",
      "quoteDetail": "https://api.etrade.com/v1/market/quote/BEN:2023:8:18:PUT:17.500000",
      "strikePrice": 17.5,
      "symbol": "BEN",
      "timeStamp": 1688403599,
      "volume": 0
    },
    {
      "OptionGreeks": {
        "currentValue": "true",
        "delta": -0.07045,
        "gamma": 0.0228,
        "iv": 0.61851,
        "rho": -0.00247,
        "theta": -0.00853,
        "vega": 0.01295
      },
      "adjustedFlag": "false",
      "ask": 0.4,
      "askSize": 107,
      "bid": 0.0,
      "bidSize": 0,
      "displaySymbol": "BEN Aug 18 '23 $20 Put",
      "inTheMoney": "n",
      "lastPrice": 0.0,
      "netChange": 0.0,
      "openInterest": 0,
      "optionCategory": "STANDARD",
      "optionRootSymbol": "BEN",
      "optionType": "PUT",
      "osiKey": "BEN---230818P00020000",
      "quoteDetail": "https://api.etrade.com/v1/market/quote/BEN:2023:8:18:PUT:20.000000",
      "strikePrice": 20.0,
      "symbol": "BEN",
      "timeStamp": 1688403585,
      "volume": 0
    },
    {
      "OptionGreeks": {
        "currentValue": "true",
        "delta": -0.05523,
        "gamma": 0.03498,
        "iv": 0.33353,
        "rho": -0.00183,
        "theta": -0.00379,
        "vega": 0.01088
      },
      "adjustedFlag": "false",
      "ask": 0.15,
      "askSize": 92,
      "bid": 0.0,
      "bidSize": 0,
      "displaySymbol": "BEN Aug 18 '23 $22.50 Put",
      "inTheMoney": "n",
      "lastPrice": 0.11,
      "netChange": 0.0,
      "openInterest": 48,
      "optionCategory": "STANDARD",
      "optionRootSymbol": "BEN",
      "optionType": "PUT",
      "osiKey": "BEN---230818P00022500",
      "quoteDetail": "https://api.etrade.com/v1/market/quote/BEN:2023:8:18:PUT:22.500000",
      "strikePrice": 22.5,
      "symbol": "BEN",
      "timeStamp": 1688403599,
      "volume": 0
    },
    {
      "OptionGreeks": {
        "currentValue": "true",
        "delta": -0.2007,
        "gamma": 0.10801,
        "iv": 0.27339,
        "rho": -0.00639,
        "theta": -0.00795,
        "vega": 0.02695
      },
      "adjustedFlag": "false",
      "ask": 0.35,
      "askSize": 44,
      "bid": 0.25,
      "bidSize": 25,
      "displaySymbol": "BEN Aug 18 '23 $25 Put",
      "inTheMoney": "n",
      "lastPrice": 0.31,
      "netChange": 0.0,
      "openInterest": 122,
      "optionCategory": "STANDARD",
      "optionRootSymbol": "BEN",
      "optionType": "PUT",
      "osiKey": "BEN---230818P00025000",
      "quoteDetail": "https://api.etrade.com/v1/market/quote/BEN:2023:8:18:PUT:25.000000",
      "strikePrice": 25.0,
      "symbol": "BEN",
      "timeStamp": 1688403599,
      "volume": 0
    },
    {
      "OptionGreeks": {
        "currentValue": "true",
        "delta": -0.57918,
        "gamma": 0.18318,
        "iv": 0.23534,
        "rho": -0.01538,
        "theta": -0.00993,
        "vega": 0.03707
      },
      "adjustedFlag": "false",
      "ask": 1.2,
      "askSize": 5,
      "bid": 1.1,
      "bidSize": 17,
      "displaySymbol": "BEN Aug 18 '23 $27.50 Put",
      "inTheMoney": "y",
      "lastPrice": 1.1,
      "netChange": -0.33,
      "openInterest": 3,
      "optionCategory": "STANDARD",
      "optionRootSymbol": "BEN",
      "optionType": "PUT",
      "osiKey": "BEN---230818P00027500",
      "quoteDetail": "https://api.etrade.com/v1/market/quote/BEN:2023:8:18:PUT:27.500000",
      "strikePrice": 27.5,
      "symbol": "BEN",
      "timeStamp": 1688403596,
      "volume": 1
    },
    {
      "OptionGreeks": {
        "currentValue": "true",
        "delta": -0.97711,
        "gamma": 0.09744,
        "iv": 0.20747,
        "rho": -0.00324,
        "theta": -0.00406,
        "vega": 0.00532
      },
      "adjustedFlag": "false",
      "ask": 3.3,
      "askSize": 33,
      "bid": 3.0,
      "bidSize": 33,
      "displaySymbol": "BEN Aug 18 '23 $30 Put",
      "inTheMoney": "y",
      "lastPrice": 0.0,
      "netChange": 0.0,
      "openInterest": 0,
      "optionCategory": "STANDARD",
      "optionRootSymbol": "BEN",
      "optionType": "PUT",
      "osiKey": "BEN---230818P00030000",
      "quoteDetail": "https://api.etrade.com/v1/market/quote/BEN:2023:8:18:PUT:30.000000",
      "strikePrice": 30.0,
      "symbol": "BEN",
      "timeStamp": 1688403596,
      "volume": 0
    },
    {
      "OptionGreeks": {
        "currentValue": "true",
        "delta": -0.99713,
        "gamma": 0.01126,
        "iv": 0.296,
        "rho": 0.0,
        "theta": -0.00365,
        "vega": 0.0
      },
      "adjustedFlag": "false",
      "ask": 5.8,
      "askSize": 33,
      "bid": 5.5,
      "bidSize": 33,
      "displaySymbol": "BEN Aug 18 '23 $32.50 Put",
      "inTheMoney": "y",
      "lastPrice": 0.0,
      "netChange": 0.0,
      "openInterest": 0,
      "optionCategory": "STANDARD",
      "optionRootSymbol": "BEN",
      "optionType": "PUT",
      "osiKey": "BEN---230818P00032500",
      "quoteDetail": "https://api.etrade.com/v1/market/quote/BEN:2023:8:18:PUT:32.500000",
      "strikePrice": 32.5,
      "symbol": "BEN",
      "timeStamp": 1688403590,
      "volume": 0
    },
    {
      "OptionGreeks": {
        "currentValue": "true",
        "delta": -1.0,
        "gamma": 0.0,
        "iv": 0.296,
        "rho": 0.0,
        "theta": -0.00366,
        "vega": 0.0
      },
      "adjustedFlag": "false",
      "ask": 8.3,
      "askSize": 33,
      "bid": 8.0,
      "bidSize": 33,
      "displaySymbol": "BEN Aug 18 '23 $35 Put",
      "inTheMoney": "y",
      "lastPrice": 0.0,
      "netChange": 0.0,
      "openInterest": 0,
      "optionCategory": "STANDARD",
      "optionRootSymbol": "BEN",
      "optionType": "PUT",
      "osiKey": "BEN---230818P00035000",
      "quoteDetail": "https://api.etrade.com/v1/market/quote/BEN:2023:8:18:PUT:35.000000",
      "strikePrice": 35.0,
      "symbol": "BEN",
      "timeStamp": 1688403590,
      "volume": 0
    },
    {
      "OptionGreeks": {
        "currentValue": "true",
        "delta": -1.0,
        "gamma": 0.0,
        "iv": 0.296,
        "rho": 0.0,
        "theta": -0.00366,
        "vega": 0.0
      },
      "adjustedFlag": "false",
      "ask": 10.8,
      "askSize": 33,
      "bid": 10.5,
      "bidSize": 33,
      "displaySymbol": "BEN Aug 18 '23 $37.50 Put",
      "inTheMoney": "y",
      "lastPrice": 0.0,
      "netChange": 0.0,
      "openInterest": 0,
      "optionCategory": "STANDARD",
      "optionRootSymbol": "BEN",
      "optionType": "PUT",
      "osiKey": "BEN---230818P00037500",
      "quoteDetail": "https://api.etrade.com/v1/market/quote/BEN:2023:8:18:PUT:37.500000",
      "strikePrice": 37.5,
      "symbol": "BEN",
      "timeStamp": 1688403596,
      "volume": 0
    },
    {
      "OptionGreeks": {
        "currentValue": "true",
        "delta": -1.0,
        "gamma": 0.0,
        "iv": 0.296,
        "rho": 0.0,
        "theta": -0.00366,
        "vega": 0.0
      },
      "adjustedFlag": "false",
      "ask": 13.3,
      "askSize": 33,
      "bid": 13.0,
      "bidSize": 31,
      "displaySymbol": "BEN Aug 18 '23 $40 Put",
      "inTheMoney": "y",
      "lastPrice": 0.0,
      "netChange": 0.0,
      "openInterest": 0,
      "optionCategory": "STANDARD",
      "optionRootSymbol": "BEN",
      "optionType": "PUT",
      "osiKey": "BEN---230818P00040000",
      "quoteDetail": "https://api.etrade.com/v1/market/quote/BEN:2023:8:18:PUT:40.000000",
      "strikePrice": 40.0,
      "symbol": "BEN",
      "timeStamp": 1688403576,
      "volume": 0
    },
    {
      "OptionGreeks": {
        "currentValue": "true",
        "delta": 0.99412,
        "gamma": 0.0024,
        "iv": 0.68272,
        "rho": 0.01854,
        "theta": 0.0,
        "vega": 0.00152
      },
      "adjustedFlag": "false",
      "ask": 12.1,
      "askSize": 32,
      "bid": 11.9,
      "bidSize": 13,
      "displaySymbol": "BEN Aug 18 '23 $15 Call",
      "inTheMoney": "y",
      "lastPrice": 0.0,
      "netChange": 0.0,
      "openInterest": 0,
      "optionCategory": "STANDARD",
      "optionRootSymbol": "BEN",
      "optionType": "CALL",
      "osiKey": "BEN---230818C00015000",
      "quoteDetail": "https://api.etrade.com/v1/market/quote/BEN:2023:8:18:CALL:15.000000",
      "strikePrice": 15.0,
      "symbol": "BEN",
      "timeStamp": 1688403416,
      "volume": 0
    },
    {
      "OptionGreeks": {
        "currentValue": "true",
        "delta": 0.97132,
        "gamma": 0.0099,
        "iv": 0.68272,
        "rho": 0.02084,
        "theta": -0.00311,
        "vega": 0.00623
      },
      "adjustedFlag": "false",
      "ask": 9.7,
      "askSize": 33,
      "bid": 9.4,
      "bidSize": 33,
      "displaySymbol": "BEN Aug 18 '23 $17.50 Call",
      "inTheMoney": "y",
      "lastPrice": 0.0,
      "netChange": 0.0,
      "openInterest": 0,
      "optionCategory": "STANDARD",
      "optionRootSymbol": "BEN",
      "optionType": "CALL",
      "osiKey": "BEN---230818C00017500",
      "quoteDetail": "https://api.etrade.com/v1/market/quote/BEN:2023:8:18:CALL:17.500000",
      "strikePrice": 17.5,
      "symbol": "BEN",
      "timeStamp": 1688403544,
      "volume": 0
    },
    {
      "OptionGreeks": {
        "currentValue": "true",
        "delta": 0.92942,
        "gamma": 0.0227,
        "iv": 0.61851,
        "rho": 0.02242,
        "theta": -0.00749,
        "vega": 0.01292
      },
      "adjustedFlag": "false",
      "ask": 7.3,
      "askSize": 33,
      "bid": 6.8,
      "bidSize": 33,
      "displaySymbol": "BEN Aug 18 '23 $20 Call",
      "inTheMoney": "y",
      "lastPrice": 0.0,
      "netChange": 0.0,
      "openInterest": 0,
      "optionCategory": "STANDARD",
      "optionRootSymbol": "BEN",
      "optionType": "CALL",
      "osiKey": "BEN---230818C00020000",
      "quoteDetail": "https://api.etrade.com/v1/market/quote/BEN:2023:8:18:CALL:20.000000",
      "strikePrice": 20.0,
      "symbol": "BEN",
      "timeStamp": 1688403570,
      "volume": 0
    },
    {
      "OptionGreeks": {
        "currentValue": "true",
        "delta": 0.94476,
        "gamma": 0.0347,
        "iv": 0.33353,
        "rho": 0.02624,
        "theta": -0.00312,
        "vega": 0.01083
      },
      "adjustedFlag": "false",
      "ask": 4.7,
      "askSize": 13,
      "bid": 4.5,
      "bidSize": 13,
      "displaySymbol": "BEN Aug 18 '23 $22.50 Call",
      "inTheMoney": "y",
      "lastPrice": 0.0,
      "netChange": 0.0,
      "openInterest": 0,
      "optionCategory": "STANDARD",
      "optionRootSymbol": "BEN",
      "optionType": "CALL",
      "osiKey": "BEN---230818C00022500",
      "quoteDetail": "https://api.etrade.com/v1/market/quote/BEN:2023:8:18:CALL:22.500000",
      "strikePrice": 22.5,
      "symbol": "BEN",
      "timeStamp": 1688403449,
      "volume": 0
    },
    {
      "OptionGreeks": {
        "currentValue": "true",
        "delta": 0.80131,
        "gamma": 0.10627,
        "iv": 0.27339,
        "rho": 0.02426,
        "theta": -0.00754,
        "vega": 0.02679
      },
      "adjustedFlag": "false",
      "ask": 2.4,
      "askSize": 33,
      "bid": 2.2,
      "bidSize": 28,
      "displaySymbol": "BEN Aug 18 '23 $25 Call",
      "inTheMoney": "y",
      "lastPrice": 2.1,
      "netChange": 0.0,
      "openInterest": 49,
      "optionCategory": "STANDARD",
      "optionRootSymbol": "BEN",
      "optionType": "CALL",
      "osiKey": "BEN---230818C00025000",
      "quoteDetail": "https://api.etrade.com/v1/market/quote/BEN:2023:8:18:CALL:25.000000",
      "strikePrice": 25.0,
      "symbol": "BEN",
      "timeStamp": 1688403599,
      "volume": 0
    },
    {
      "OptionGreeks": {
        "currentValue": "true",
        "delta": 0.43522,
        "gamma": 0.17445,
        "iv": 0.23534,
        "rho": 0.01386,
        "theta": -0.00952,
        "vega": 0.03759
      },
      "adjustedFlag": "false",
      "ask": 0.8,
      "askSize": 46,
      "bid": 0.65,
      "bidSize": 120,
      "displaySymbol": "BEN Aug 18 '23 $27.50 Call",
      "inTheMoney": "n",
      "lastPrice": 0.75,
      "netChange": 0.1,
      "openInterest": 249,
      "optionCategory": "STANDARD",
      "optionRootSymbol": "BEN",
      "optionType": "CALL",
      "osiKey": "BEN---230818C00027500",
      "quoteDetail": "https://api.etrade.com/v1/market/quote/BEN:2023:8:18:CALL:27.500000",
      "strikePrice": 27.5,
      "symbol": "BEN",
      "timeStamp": 1688403599,
      "volume": 3
    },
    {
      "OptionGreeks": {
        "currentValue": "true",
        "delta": 0.08542,
        "gamma": 0.07839,
        "iv": 0.20747,
        "rho": 0.00276,
        "theta": -0.0033,
        "vega": 0.01543
      },
      "adjustedFlag": "false",
      "ask": 0.1,
      "askSize": 1,
      "bid": 0.05,
      "bidSize": 39,
      "displaySymbol": "BEN Aug 18 '23 $30 Call",
      "inTheMoney": "n",
      "lastPrice": 0.1,
      "netChange": 0.0,
      "openInterest": 57,
      "optionCategory": "STANDARD",
      "optionRootSymbol": "BEN",
      "optionType": "CALL",
      "osiKey": "BEN---230818C00030000",
      "quoteDetail": "https://api.etrade.com/v1/market/quote/BEN:2023:8:18:CALL:30.000000",
      "strikePrice": 30.0,
      "symbol": "BEN",
      "timeStamp": 1688403542,
      "volume": 0
    },
    {
      "OptionGreeks": {
        "currentValue": "true",
        "delta": 0.04544,
        "gamma": 0.03357,
        "iv": 0.296,
        "rho": 0.00145,
        "theta": -0.00285,
        "vega": 0.00942
      },
      "adjustedFlag": "false",
      "ask": 0.1,
      "askSize": 1,
      "bid": 0.0,
      "bidSize": 0,
      "displaySymbol": "BEN Aug 18 '23 $32.50 Call",
      "inTheMoney": "n",
      "lastPrice": 0.0,
      "netChange": 0.0,
      "openInterest": 0,
      "optionCategory": "STANDARD",
      "optionRootSymbol": "BEN",
      "optionType": "CALL",
      "osiKey": "BEN---230818C00032500",
      "quoteDetail": "https://api.etrade.com/v1/market/quote/BEN:2023:8:18:CALL:32.500000",
      "strikePrice": 32.5,
      "symbol": "BEN",
      "timeStamp": 1688391003,
      "volume": 0
    },
    {
      "OptionGreeks": {
        "currentValue": "true",
        "delta": 0.00827,
        "gamma": 0.00791,
        "iv": 0.296,
        "rho": 0.00026,
        "theta": -0.00066,
        "vega": 0.0023
      },
      "adjustedFlag": "false",
      "ask": 0.7,
      "askSize": 153,
      "bid": 0.0,
      "bidSize": 0,
      "displaySymbol": "BEN Aug 18 '23 $35 Call",
      "inTheMoney": "n",
      "lastPrice": 0.0,
      "netChange": 0.0,
      "openInterest": 0,
      "optionCategory": "STANDARD",
      "optionRootSymbol": "BEN",
      "optionType": "CALL",
      "osiKey": "BEN---230818C00035000",
      "quoteDetail": "https://api.etrade.com/v1/market/quote/BEN:2023:8:18:CALL:35.000000",
      "strikePrice": 35.0,
      "symbol": "BEN",
      "timeStamp": 1688403599,
      "volume": 0
    },
    {
      "OptionGreeks": {
        "currentValue": "true",
        "delta": 0.00111,
        "gamma": 0.0013,
        "iv": 0.296,
        "rho": 3e-05,
        "theta": -0.0001,
        "vega": 0.00039
      },
      "adjustedFlag": "false",
      "ask": 2.65,
      "askSize": 143,
      "bid": 0.0,
      "bidSize": 0,
      "displaySymbol": "BEN Aug 18 '23 $37.50 Call",
      "inTheMoney": "n",
      "lastPrice": 0.0,
      "netChange": 0.0,
      "openInterest": 0,
      "optionCategory": "STANDARD",
      "optionRootSymbol": "BEN",
      "optionType": "CALL",
      "osiKey": "BEN---230818C00037500",
      "quoteDetail": "https://api.etrade.com/v1/market/quote/BEN:2023:8:18:CALL:37.500000",
      "strikePrice": 37.5,
      "symbol": "BEN",
      "timeStamp": 1688403599,
      "volume": 0
    },
    {
      "OptionGreeks": {
        "currentValue": "true",
        "delta": 0.00012,
        "gamma": 0.00016,
        "iv": 0.296,
        "rho": 0.0,
        "theta": -1e-05,
        "vega": 5e-05
      },
      "adjustedFlag": "false",
      "ask": 2.1,
      "askSize": 273,
      "bid": 0.0,
      "bidSize": 0,
      "displaySymbol": "BEN Aug 18 '23 $40 Call",
      "inTheMoney": "n",
      "lastPrice": 0.0,
      "netChange": 0.0,
      "openInterest": 0,
      "optionCategory": "STANDARD",
      "optionRootSymbol": "BEN",
      "optionType": "CALL",
      "osiKey": "BEN---230818C00040000",
      "quoteDetail": "https://api.etrade.com/v1/market/quote/BEN:2023:8:18:CALL:40.000000",
      "strikePrice": 40.0,
      "symbol": "BEN",
      "timeStamp": 1688403599,
      "volume": 0
    }
  ],
  "2023-10-20": [
    {
      "OptionGreeks": {
        "currentValue": "true",
        "delta": -0.00781,
        "gamma": 0.00315,
        "iv": 0.46631,
        "rho": -0.00064,
        "theta": -0.00064,
        "vega": 0.0032
      },
      "adjustedFlag": "false",
      "ask": 0.75,
      "askSize": 325,
      "bid": 0.0,
      "bidSize": 0,
      "displaySymbol": "BEN Oct 20 '23 $15 Put",
      "inTheMoney": "n",
      "lastPrice": 0.18,
      "netChange": 0.0,
      "openInterest": 20,
      "optionCategory": "STANDARD",
      "optionRootSymbol": "BEN",
      "optionType": "PUT",
      "osiKey": "BEN---231020P00015000",
      "quoteDetail": "https://api.etrade.com/v1/market/quote/BEN:2023:10:20:PUT:15.000000",
      "strikePrice": 15.0,
      "symbol": "BEN",
      "timeStamp": 1688403010,
      "volume": 0
    },
    {
      "OptionGreeks": {
        "currentValue": "true",
        "delta": -0.035,
        "gamma": 0.01138,
        "iv": 0.46631,
        "rho": -0.00291,
        "theta": -0.00234,
        "vega": 0.01138
      },
      "adjustedFlag": "false",
      "ask": 0.2,
      "askSize": 115,
      "bid": 0.0,
      "bidSize": 0,
      "displaySymbol": "BEN Oct 20 '23 $17.50 Put",
      "inTheMoney": "n",
      "lastPrice": 0.13,
      "netChange": 0.0,
      "openInterest": 34,
      "optionCategory": "STANDARD",
      "optionRootSymbol": "BEN",
      "optionType": "PUT",
      "osiKey": "BEN---231020P00017500",
      "quoteDetail": "https://api.etrade.com/v1/market/quote/BEN:2023:10:20:PUT:17.500000",
      "strikePrice": 17.5,
      "symbol": "BEN",
      "timeStamp": 1688403584,
      "volume": 0
    },
    {
      "OptionGreeks": {
        "currentValue": "true",
        "delta": -0.10606,
        "gamma": 0.02594,
        "iv": 0.48562,
        "rho": -0.00898,
        "theta": -0.00584,
        "vega": 0.02675
      },
      "adjustedFlag": "false",
      "ask": 0.75,
      "askSize": 261,
      "bid": 0.1,
      "bidSize": 5,
      "displaySymbol": "BEN Oct 20 '23 $20 Put",
      "inTheMoney": "n",
      "lastPrice": 0.15,
      "netChange": 0.0,
      "openInterest": 167,
      "optionCategory": "STANDARD",
      "optionRootSymbol": "BEN",
      "optionType": "PUT",
      "osiKey": "BEN---231020P00020000",
      "quoteDetail": "https://api.etrade.com/v1/market/quote/BEN:2023:10:20:PUT:20.000000",
      "strikePrice": 20.0,
      "symbol": "BEN",
      "timeStamp": 1688403596,
      "volume": 0
    },
    {
      "OptionGreeks": {
        "currentValue": "true",
        "delta": -0.12152,
        "gamma": 0.04622,
        "iv": 0.30078,
        "rho": -0.00971,
        "theta": -0.004,
        "vega": 0.02968
      },
      "adjustedFlag": "false",
      "ask": 0.35,
      "askSize": 30,
      "bid": 0.2,
      "bidSize": 40,
      "displaySymbol": "BEN Oct 20 '23 $22.50 Put",
      "inTheMoney": "n",
      "lastPrice": 0.6,
      "netChange": 0.0,
      "openInterest": 285,
      "optionCategory": "STANDARD",
      "optionRootSymbol": "BEN",
      "optionType": "PUT",
      "osiKey": "BEN---231020P00022500",
      "quoteDetail": "https://api.etrade.com/v1/market/quote/BEN:2023:10:20:PUT:22.500000",
      "strikePrice": 22.5,
      "symbol": "BEN",
      "timeStamp": 1688403580,
      "volume": 0
    },
    {
      "OptionGreeks": {
        "currentValue": "true",
        "delta": -0.28316,
        "gamma": 0.08761,
        "iv": 0.267,
        "rho": -0.02232,
        "theta": -0.00597,
        "vega": 0.04924
      },
      "adjustedFlag": "false",
      "ask": 0.8,
      "askSize": 12,
      "bid": 0.65,
      "bidSize": 57,
      "displaySymbol": "BEN Oct 20 '23 $25 Put",
      "inTheMoney": "n",
      "lastPrice": 0.7,
      "netChange": -0.45,
      "openInterest": 6114,
      "optionCategory": "STANDARD",
      "optionRootSymbol": "BEN",
      "optionType": "PUT",
      "osiKey": "BEN---231020P00025000",
      "quoteDetail": "https://api.etrade.com/v1/market/quote/BEN:2023:10:20:PUT:25.000000",
      "strikePrice": 25.0,
      "symbol": "BEN",
      "timeStamp": 1688403578,
      "volume": 1
    },
    {
      "OptionGreeks": {
        "currentValue": "true",
        "delta": -0.54314,
        "gamma": 0.11554,
        "iv": 0.23825,
        "rho": -0.0421,
        "theta": -0.00614,
        "vega": 0.05739
      },
      "adjustedFlag": "false",
      "ask": 1.75,
      "askSize": 12,
      "bid": 1.6,
      "bidSize": 37,
      "displaySymbol": "BEN Oct 20 '23 $27.50 Put",
      "inTheMoney": "y",
      "lastPrice": 2.1,
      "netChange": 0.0,
      "openInterest": 454,
      "optionCategory": "STANDARD",
      "optionRootSymbol": "BEN",
      "optionType": "PUT",
      "osiKey": "BEN---231020P00027500",
      "quoteDetail": "https://api.etrade.com/v1/market/quote/BEN:2023:10:20:PUT:27.500000",
      "strikePrice": 27.5,
      "symbol": "BEN",
      "timeStamp": 1688403577,
      "volume": 0
    },
    {
      "OptionGreeks": {
        "currentValue": "true",
        "delta": -0.80055,
        "gamma": 0.08716,
        "iv": 0.22328,
        "rho": -0.06198,
        "theta": -0.00372,
        "vega": 0.04077
      },
      "adjustedFlag": "false",
      "ask": 3.5,
      "askSize": 27,
      "bid": 3.2,
      "bidSize": 35,
      "displaySymbol": "BEN Oct 20 '23 $30 Put",
      "inTheMoney": "y",
      "lastPrice": 5.3,
      "netChange": 0.0,
      "openInterest": 31,
      "optionCategory": "STANDARD",
      "optionRootSymbol": "BEN",
      "optionType": "PUT",
      "osiKey": "BEN---231020P00030000",
      "quoteDetail": "https://api.etrade.com/v1/market/quote/BEN:2023:10:20:PUT:30.000000",
      "strikePrice": 30.0,
      "symbol": "BEN",
      "timeStamp": 1688403594,
      "volume": 0
    },
    {
      "OptionGreeks": {
        "currentValue": "true",
        "delta": -0.95696,
        "gamma": 0.07522,
        "iv": 0.22382,
        "rho": -0.0336,
        "theta": -0.0027,
        "vega": 0.01464
      },
      "adjustedFlag": "false",
      "ask": 5.8,
      "askSize": 33,
      "bid": 5.5,
      "bidSize": 33,
      "displaySymbol": "BEN Oct 20 '23 $32.50 Put",
      "inTheMoney": "y",
      "lastPrice": 5.7,
      "netChange": 0.0,
      "openInterest": 1,
      "optionCategory": "STANDARD",
      "optionRootSymbol": "BEN",
      "optionType": "PUT",
      "osiKey": "BEN---231020P00032500",
      "quoteDetail": "https://api.etrade.com/v1/market/quote/BEN:2023:10:20:PUT:32.500000",
      "strikePrice": 32.5,
      "symbol": "BEN",
      "timeStamp": 1688403594,
      "volume": 0
    },
    {
      "OptionGreeks": {
        "currentValue": "true",
        "delta": -1.0,
        "gamma": 0.0,
        "iv": 0.25468,
        "rho": 0.0,
        "theta": -0.00354,
        "vega": 0.0
      },
      "adjustedFlag": "false",
      "ask": 8.4,
      "askSize": 33,
      "bid": 7.8,
      "bidSize": 33,
      "displaySymbol": "BEN Oct 20 '23 $35 Put",
      "inTheMoney": "y",
      "lastPrice": 8.36,
      "netChange": 0.0,
      "openInterest": 0,
      "optionCategory": "STANDARD",
      "optionRootSymbol": "BEN",
      "optionType": "PUT",
      "osiKey": "BEN---231020P00035000",
      "quoteDetail": "https://api.etrade.com/v1/market/quote/BEN:2023:10:20:PUT:35.000000",
      "strikePrice": 35.0,
      "symbol": "BEN",
      "timeStamp": 1688403596,
      "volume": 0
    },
    {
      "OptionGreeks": {
        "currentValue": "true",
        "delta": -0.88392,
        "gamma": 0.03295,
        "iv": 0.46918,
        "rho": -0.06774,
        "theta": -0.00537,
        "vega": 0.02824
      },
      "adjustedFlag": "false",
      "ask": 10.9,
      "askSize": 33,
      "bid": 10.3,
      "bidSize": 33,
      "displaySymbol": "BEN Oct 20 '23 $37.50 Put",
      "inTheMoney": "y",
      "lastPrice": 0.0,
      "netChange": 0.0,
      "openInterest": 0,
      "optionCategory": "STANDARD",
      "optionRootSymbol": "BEN",
      "optionType": "PUT",
      "osiKey": "BEN---231020P00037500",
      "quoteDetail": "https://api.etrade.com/v1/market/quote/BEN:2023:10:20:PUT:37.500000",
      "strikePrice": 37.5,
      "symbol": "BEN",
      "timeStamp": 1688403596,
      "volume": 0
    },
    {
      "OptionGreeks": {
        "currentValue": "true",
        "delta": -0.90054,
        "gamma": 0.02858,
        "iv": 0.52638,
        "rho": -0.062,
        "theta": -0.00566,
        "vega": 0.02529
      },
      "adjustedFlag": "false",
      "ask": 13.5,
      "askSize": 33,
      "bid": 12.8,
      "bidSize": 33,
      "displaySymbol": "BEN Oct 20 '23 $40 Put",
      "inTheMoney": "y",
      "lastPrice": 0.0,
      "netChange": 0.0,
      "openInterest": 0,
      "optionCategory": "STANDARD",
      "optionRootSymbol": "BEN",
      "optionType": "PUT",
      "osiKey": "BEN---231020P00040000",
      "quoteDetail": "https://api.etrade.com/v1/market/quote/BEN:2023:10:20:PUT:40.000000",
      "strikePrice": 40.0,
      "symbol": "BEN",
      "timeStamp": 1688403575,
      "volume": 0
    },
    {
      "OptionGreeks": {
        "currentValue": "true",
        "delta": -0.91296,
        "gamma": 0.02545,
        "iv": 0.57978,
        "rho": -0.06107,
        "theta": -0.00593,
        "vega": 0.02268
      },
      "adjustedFlag": "false",
      "ask": 15.9,
      "askSize": 33,
      "bid": 15.4,
      "bidSize": 33,
      "displaySymbol": "BEN Oct 20 '23 $42.50 Put",
      "inTheMoney": "y",
      "lastPrice": 0.0,
      "netChange": 0.0,
      "openInterest": 0,
      "optionCategory": "STANDARD",
      "optionRootSymbol": "BEN",
      "optionType": "PUT",
      "osiKey": "BEN---231020P00042500",
      "quoteDetail": "https://api.etrade.com/v1/market/quote/BEN:2023:10:20:PUT:42.500000",
      "strikePrice": 42.5,
      "symbol": "BEN",
      "timeStamp": 1688403579,
      "volume": 0
    },
    {
      "OptionGreeks": {
        "currentValue": "true",
        "delta": -0.91798,
        "gamma": 0.02295,
        "iv": 0.6373,
        "rho": -0.05552,
        "theta": -0.00631,
        "vega": 0.02141
      },
      "adjustedFlag": "false",
      "ask": 18.5,
      "askSize": 33,
      "bid": 18.0,
      "bidSize": 13,
      "displaySymbol": "BEN Oct 20 '23 $45 Put",
      "inTheMoney": "y",
      "lastPrice": 0.0,
      "netChange": 0.0,
      "openInterest": 0,
      "optionCategory": "STANDARD",
      "optionRootSymbol": "BEN",
      "optionType": "PUT",
      "osiKey": "BEN---231020P00045000",
      "quoteDetail": "https://api.etrade.com/v1/market/quote/BEN:2023:10:20:PUT:45.000000",
      "strikePrice": 45.0,
      "symbol": "BEN",
      "timeStamp": 1688403595,
      "volume": 0
    },
    {
      "OptionGreeks": {
        "currentValue": "true",
        "delta": -0.92441,
        "gamma": 0.02097,
        "iv": 0.68653,
        "rho": -0.05497,
        "theta": -0.00651,
        "vega": 0.01981
      },
      "adjustedFlag": "false",
      "ask": 21.0,
      "askSize": 38,
      "bid": 20.5,
      "bidSize": 31,
      "displaySymbol": "BEN Oct 20 '23 $47.50 Put",
      "inTheMoney": "y",
      "lastPrice": 21.22,
      "netChange": 0.0,
      "openInterest": 0,
      "optionCategory": "STANDARD",
      "optionRootSymbol": "BEN",
      "optionType": "PUT",
      "osiKey": "BEN---231020P00047500",
      "quoteDetail": "https://api.etrade.com/v1/market/quote/BEN:2023:10:20:PUT:47.500000",
      "strikePrice": 47.5,
      "symbol": "BEN",
      "timeStamp": 1688403587,
      "volume": 0
    },
    {
      "OptionGreeks": {
        "currentValue": "true",
        "delta": 0.99421,
        "gamma": 0.00209,
        "iv": 0.46631,
        "rho": 0.03488,
        "theta": 0.0,
        "vega": 0.00187
      },
      "adjustedFlag": "false",
      "ask": 12.2,
      "askSize": 31,
      "bid": 11.8,
      "bidSize": 33,
      "displaySymbol": "BEN Oct 20 '23 $15 Call",
      "inTheMoney": "y",
      "lastPrice": 9.4,
      "netChange": 0.0,
      "openInterest": 0,
      "optionCategory": "STANDARD",
      "optionRootSymbol": "BEN",
      "optionType": "CALL",
      "osiKey": "BEN---231020C00015000",
      "quoteDetail": "https://api.etrade.com/v1/market/quote/BEN:2023:10:20:CALL:15.000000",
      "strikePrice": 15.0,
      "symbol": "BEN",
      "timeStamp": 1688403579,
      "volume": 0
    },
    {
      "OptionGreeks": {
        "currentValue": "true",
        "delta": 0.97268,
        "gamma": 0.00944,
        "iv": 0.46631,
        "rho": 0.03958,
        "theta": -0.00057,
        "vega": 0.00911
      },
      "adjustedFlag": "false",
      "ask": 9.8,
      "askSize": 33,
      "bid": 9.3,
      "bidSize": 33,
      "displaySymbol": "BEN Oct 20 '23 $17.50 Call",
      "inTheMoney": "y",
      "lastPrice": 10.0,
      "netChange": 0.0,
      "openInterest": 20,
      "optionCategory": "STANDARD",
      "optionRootSymbol": "BEN",
      "optionType": "CALL",
      "osiKey": "BEN---231020C00017500",
      "quoteDetail": "https://api.etrade.com/v1/market/quote/BEN:2023:10:20:CALL:17.500000",
      "strikePrice": 17.5,
      "symbol": "BEN",
      "timeStamp": 1688403595,
      "volume": 0
    },
    {
      "OptionGreeks": {
        "currentValue": "true",
        "delta": 0.90683,
        "gamma": 0.02435,
        "iv": 0.48562,
        "rho": 0.04157,
        "theta": -0.00447,
        "vega": 0.02352
      },
      "adjustedFlag": "false",
      "ask": 7.5,
      "askSize": 32,
      "bid": 7.1,
      "bidSize": 13,
      "displaySymbol": "BEN Oct 20 '23 $20 Call",
      "inTheMoney": "y",
      "lastPrice": 6.61,
      "netChange": 0.0,
      "openInterest": 14,
      "optionCategory": "STANDARD",
      "optionRootSymbol": "BEN",
      "optionType": "CALL",
      "osiKey": "BEN---231020C00020000",
      "quoteDetail": "https://api.etrade.com/v1/market/quote/BEN:2023:10:20:CALL:20.000000",
      "strikePrice": 20.0,
      "symbol": "BEN",
      "timeStamp": 1688403597,
      "volume": 0
    },
    {
      "OptionGreeks": {
        "currentValue": "true",
        "delta": 0.89869,
        "gamma": 0.04225,
        "iv": 0.30078,
        "rho": 0.04698,
        "theta": -0.00299,
        "vega": 0.02577
      },
      "adjustedFlag": "false",
      "ask": 5.0,
      "askSize": 33,
      "bid": 4.6,
      "bidSize": 33,
      "displaySymbol": "BEN Oct 20 '23 $22.50 Call",
      "inTheMoney": "y",
      "lastPrice": 4.4,
      "netChange": 0.0,
      "openInterest": 199,
      "optionCategory": "STANDARD",
      "optionRootSymbol": "BEN",
      "optionType": "CALL",
      "osiKey": "BEN---231020C00022500",
      "quoteDetail": "https://api.etrade.com/v1/market/quote/BEN:2023:10:20:CALL:22.500000",
      "strikePrice": 22.5,
      "symbol": "BEN",
      "timeStamp": 1688403590,
      "volume": 0
    },
    {
      "OptionGreeks": {
        "currentValue": "true",
        "delta": 0.74454,
        "gamma": 0.08606,
        "iv": 0.267,
        "rho": 0.0431,
        "theta": -0.00557,
        "vega": 0.04597
      },
      "adjustedFlag": "false",
      "ask": 2.95,
      "askSize": 33,
      "bid": 2.6,
      "bidSize": 58,
      "displaySymbol": "BEN Oct 20 '23 $25 Call",
      "inTheMoney": "y",
      "lastPrice": 2.85,
      "netChange": 0.2,
      "openInterest": 188,
      "optionCategory": "STANDARD",
      "optionRootSymbol": "BEN",
      "optionType": "CALL",
      "osiKey": "BEN---231020C00025000",
      "quoteDetail": "https://api.etrade.com/v1/market/quote/BEN:2023:10:20:CALL:25.000000",
      "strikePrice": 25.0,
      "symbol": "BEN",
      "timeStamp": 1688403596,
      "volume": 21
    },
    {
      "OptionGreeks": {
        "currentValue": "true",
        "delta": 0.48328,
        "gamma": 0.11856,
        "iv": 0.23825,
        "rho": 0.03062,
        "theta": -0.00639,
        "vega": 0.05735
      },
      "adjustedFlag": "false",
      "ask": 1.25,
      "askSize": 9,
      "bid": 1.15,
      "bidSize": 22,
      "displaySymbol": "BEN Oct 20 '23 $27.50 Call",
      "inTheMoney": "n",
      "lastPrice": 1.1,
      "netChange": 0.0,
      "openInterest": 978,
      "optionCategory": "STANDARD",
      "optionRootSymbol": "BEN",
      "optionType": "CALL",
      "osiKey": "BEN---231020C00027500",
      "quoteDetail": "https://api.etrade.com/v1/market/quote/BEN:2023:10:20:CALL:27.500000",
      "strikePrice": 27.5,
      "symbol": "BEN",
      "timeStamp": 1688403595,
      "volume": 0
    },
    {
      "OptionGreeks": {
        "currentValue": "true",
        "delta": 0.21565,
        "gamma": 0.09175,
        "iv": 0.22328,
        "rho": 0.01469,
        "theta": -0.00438,
        "vega": 0.04263
      },
      "adjustedFlag": "false",
      "ask": 0.45,
      "askSize": 41,
      "bid": 0.3,
      "bidSize": 52,
      "displaySymbol": "BEN Oct 20 '23 $30 Call",
      "inTheMoney": "n",
      "lastPrice": 0.35,
      "netChange": 0.0,
      "openInterest": 1674,
      "optionCategory": "STANDARD",
      "optionRootSymbol": "BEN",
      "optionType": "CALL",
      "osiKey": "BEN---231020C00030000",
      "quoteDetail": "https://api.etrade.com/v1/market/quote/BEN:2023:10:20:CALL:30.000000",
      "strikePrice": 30.0,
      "symbol": "BEN",
      "timeStamp": 1688403578,
      "volume": 0
    },
    {
      "OptionGreeks": {
        "currentValue": "true",
        "delta": 0.0735,
        "gamma": 0.04309,
        "iv": 0.22382,
        "rho": 0.00524,
        "theta": -0.00205,
        "vega": 0.02087
      },
      "adjustedFlag": "false",
      "ask": 0.15,
      "askSize": 4,
      "bid": 0.05,
      "bidSize": 50,
      "displaySymbol": "BEN Oct 20 '23 $32.50 Call",
      "inTheMoney": "n",
      "lastPrice": 0.2,
      "netChange": 0.0,
      "openInterest": 544,
      "optionCategory": "STANDARD",
      "optionRootSymbol": "BEN",
      "optionType": "CALL",
      "osiKey": "BEN---231020C00032500",
      "quoteDetail": "https://api.etrade.com/v1/market/quote/BEN:2023:10:20:CALL:32.500000",
      "strikePrice": 32.5,
      "symbol": "BEN",
      "timeStamp": 1688403598,
      "volume": 0
    },
    {
      "OptionGreeks": {
        "currentValue": "true",
        "delta": 0.03641,
        "gamma": 0.02154,
        "iv": 0.25468,
        "rho": 0.00262,
        "theta": -0.00132,
        "vega": 0.01208
      },
      "adjustedFlag": "false",
      "ask": 0.1,
      "askSize": 2,
      "bid": 0.0,
      "bidSize": 0,
      "displaySymbol": "BEN Oct 20 '23 $35 Call",
      "inTheMoney": "n",
      "lastPrice": 0.05,
      "netChange": 0.0,
      "openInterest": 69,
      "optionCategory": "STANDARD",
      "optionRootSymbol": "BEN",
      "optionType": "CALL",
      "osiKey": "BEN---231020C00035000",
      "quoteDetail": "https://api.etrade.com/v1/market/quote/BEN:2023:10:20:CALL:35.000000",
      "strikePrice": 35.0,
      "symbol": "BEN",
      "timeStamp": 1688391108,
      "volume": 0
    },
    {
      "OptionGreeks": {
        "currentValue": "true",
        "delta": 0.12542,
        "gamma": 0.03018,
        "iv": 0.46918,
        "rho": 0.00854,
        "theta": -0.00633,
        "vega": 0.03007
      },
      "adjustedFlag": "false",
      "ask": 0.75,
      "askSize": 275,
      "bid": 0.0,
      "bidSize": 0,
      "displaySymbol": "BEN Oct 20 '23 $37.50 Call",
      "inTheMoney": "n",
      "lastPrice": 0.6,
      "netChange": 0.0,
      "openInterest": 1,
      "optionCategory": "STANDARD",
      "optionRootSymbol": "BEN",
      "optionType": "CALL",
      "osiKey": "BEN---231020C00037500",
      "quoteDetail": "https://api.etrade.com/v1/market/quote/BEN:2023:10:20:CALL:37.500000",
      "strikePrice": 37.5,
      "symbol": "BEN",
      "timeStamp": 1688403010,
      "volume": 0
    },
    {
      "OptionGreeks": {
        "currentValue": "true",
        "delta": 0.11169,
        "gamma": 0.02474,
        "iv": 0.52638,
        "rho": 0.00752,
        "theta": -0.00653,
        "vega": 0.02776
      },
      "adjustedFlag": "false",
      "ask": 0.75,
      "askSize": 268,
      "bid": 0.0,
      "bidSize": 0,
      "displaySymbol": "BEN Oct 20 '23 $40 Call",
      "inTheMoney": "n",
      "lastPrice": 0.0,
      "netChange": 0.0,
      "openInterest": 0,
      "optionCategory": "STANDARD",
      "optionRootSymbol": "BEN",
      "optionType": "CALL",
      "osiKey": "BEN---231020C00040000",
      "quoteDetail": "https://api.etrade.com/v1/market/quote/BEN:2023:10:20:CALL:40.000000",
      "strikePrice": 40.0,
      "symbol": "BEN",
      "timeStamp": 1688403036,
      "volume": 0
    },
    {
      "OptionGreeks": {
        "currentValue": "true",
        "delta": 0.10239,
        "gamma": 0.02107,
        "iv": 0.57978,
        "rho": 0.00687,
        "theta": -0.00674,
        "vega": 0.02601
      },
      "adjustedFlag": "false",
      "ask": 0.75,
      "askSize": 276,
      "bid": 0.0,
      "bidSize": 0,
      "displaySymbol": "BEN Oct 20 '23 $42.50 Call",
      "inTheMoney": "n",
      "lastPrice": 0.0,
      "netChange": 0.0,
      "openInterest": 0,
      "optionCategory": "STANDARD",
      "optionRootSymbol": "BEN",
      "optionType": "CALL",
      "osiKey": "BEN---231020C00042500",
      "quoteDetail": "https://api.etrade.com/v1/market/quote/BEN:2023:10:20:CALL:42.500000",
      "strikePrice": 42.5,
      "symbol": "BEN",
      "timeStamp": 1688403010,
      "volume": 0
    },
    {
      "OptionGreeks": {
        "currentValue": "true",
        "delta": 0.09908,
        "gamma": 0.0187,
        "iv": 0.6373,
        "rho": 0.00656,
        "theta": -0.00722,
        "vega": 0.02536
      },
      "adjustedFlag": "false",
      "ask": 0.75,
      "askSize": 276,
      "bid": 0.0,
      "bidSize": 0,
      "displaySymbol": "BEN Oct 20 '23 $45 Call",
      "inTheMoney": "n",
      "lastPrice": 0.0,
      "netChange": 0.0,
      "openInterest": 0,
      "optionCategory": "STANDARD",
      "optionRootSymbol": "BEN",
      "optionType": "CALL",
      "osiKey": "BEN---231020C00045000",
      "quoteDetail": "https://api.etrade.com/v1/market/quote/BEN:2023:10:20:CALL:45.000000",
      "strikePrice": 45.0,
      "symbol": "BEN",
      "timeStamp": 1688403010,
      "volume": 0
    },
    {
      "OptionGreeks": {
        "currentValue": "true",
        "delta": 0.09479,
        "gamma": 0.01679,
        "iv": 0.68653,
        "rho": 0.00625,
        "theta": -0.00752,
        "vega": 0.02449
      },
      "adjustedFlag": "false",
      "ask": 0.75,
      "askSize": 276,
      "bid": 0.0,
      "bidSize": 0,
      "displaySymbol": "BEN Oct 20 '23 $47.50 Call",
      "inTheMoney": "n",
      "lastPrice": 0.0,
      "netChange": 0.0,
      "openInterest": 0,
      "optionCategory": "STANDARD",
      "optionRootSymbol": "BEN",
      "optionType": "CALL",
      "osiKey": "BEN---231020C00047500",
      "quoteDetail": "https://api.etrade.com/v1/market/quote/BEN:2023:10:20:CALL:47.500000",
      "strikePrice": 47.5,
      "symbol": "BEN",
      "timeStamp": 1688403010,
      "volume": 0
    }
  ],
  "2024-01-19": [
    {
      "OptionGreeks": {
        "currentValue": "true",
        "delta": -0.01314,
        "gamma": 0.00339,
        "iv": 0.51219,
        "rho": -0.00207,
        "theta": -0.00081,
        "vega": 0.0067
      },
      "adjustedFlag": "false",
      "ask": 0.1,
      "askSize": 1,
      "bid": 0.0,
      "bidSize": 0,
      "displaySymbol": "BEN Jan 19 '24 $12.50 Put",
      "inTheMoney": "n",
      "lastPrice": 0.0,
      "netChange": 0.0,
      "openInterest": 0,
      "optionCategory": "STANDARD",
      "optionRootSymbol": "BEN",
      "optionType": "PUT",
      "osiKey": "BEN---240119P00012500",
      "quoteDetail": "https://api.etrade.com/v1/market/quote/BEN:2024:1:19:PUT:12.500000",
      "strikePrice": 12.5,
      "symbol": "BEN",
      "timeStamp": 1688391087,
      "volume": 0
    },
    {
      "OptionGreeks": {
        "currentValue": "true",
        "delta": -0.02714,
        "gamma": 0.00711,
        "iv": 0.45224,
        "rho": -0.00427,
        "theta": -0.00134,
        "vega": 0.01241
      },
      "adjustedFlag": "false",
      "ask": 0.15,
      "askSize": 30,
      "bid": 0.05,
      "bidSize": 30,
      "displaySymbol": "BEN Jan 19 '24 $15 Put",
      "inTheMoney": "n",
      "lastPrice": 0.14,
      "netChange": 0.0,
      "openInterest": 24,
      "optionCategory": "STANDARD",
      "optionRootSymbol": "BEN",
      "optionType": "PUT",
      "osiKey": "BEN---240119P00015000",
      "quoteDetail": "https://api.etrade.com/v1/market/quote/BEN:2024:1:19:PUT:15.000000",
      "strikePrice": 15.0,
      "symbol": "BEN",
      "timeStamp": 1688403587,
      "volume": 0
    },
    {
      "OptionGreeks": {
        "currentValue": "true",
        "delta": -0.04565,
        "gamma": 0.013,
        "iv": 0.37895,
        "rho": -0.00705,
        "theta": -0.00172,
        "vega": 0.019
      },
      "adjustedFlag": "false",
      "ask": 0.25,
      "askSize": 86,
      "bid": 0.05,
      "bidSize": 127,
      "displaySymbol": "BEN Jan 19 '24 $17.50 Put",
      "inTheMoney": "n",
      "lastPrice": 0.25,
      "netChange": 0.0,
      "openInterest": 23,
      "optionCategory": "STANDARD",
      "optionRootSymbol": "BEN",
      "optionType": "PUT",
      "osiKey": "BEN---240119P00017500",
      "quoteDetail": "https://api.etrade.com/v1/market/quote/BEN:2024:1:19:PUT:17.500000",
      "strikePrice": 17.5,
      "symbol": "BEN",
      "timeStamp": 1688403599,
      "volume": 0
    },
    {
      "OptionGreeks": {
        "currentValue": "true",
        "delta": -0.09079,
        "gamma": 0.02506,
        "iv": 0.33549,
        "rho": -0.01398,
        "theta": -0.00261,
        "vega": 0.03224
      },
      "adjustedFlag": "false",
      "ask": 0.35,
      "askSize": 13,
      "bid": 0.25,
      "bidSize": 71,
      "displaySymbol": "BEN Jan 19 '24 $20 Put",
      "inTheMoney": "n",
      "lastPrice": 0.3,
      "netChange": -0.22,
      "openInterest": 8,
      "optionCategory": "STANDARD",
      "optionRootSymbol": "BEN",
      "optionType": "PUT",
      "osiKey": "BEN---240119P00020000",
      "quoteDetail": "https://api.etrade.com/v1/market/quote/BEN:2024:1:19:PUT:20.000000",
      "strikePrice": 20.0,
      "symbol": "BEN",
      "timeStamp": 1688403598,
      "volume": 5
    },
    {
      "OptionGreeks": {
        "currentValue": "true",
        "delta": -0.17696,
        "gamma": 0.044,
        "iv": 0.30394,
        "rho": -0.02729,
        "theta": -0.00376,
        "vega": 0.05085
      },
      "adjustedFlag": "false",
      "ask": 0.7,
      "askSize": 68,
      "bid": 0.55,
      "bidSize": 79,
      "displaySymbol": "BEN Jan 19 '24 $22.50 Put",
      "inTheMoney": "n",
      "lastPrice": 0.6,
      "netChange": -0.13,
      "openInterest": 20,
      "optionCategory": "STANDARD",
      "optionRootSymbol": "BEN",
      "optionType": "PUT",
      "osiKey": "BEN---240119P00022500",
      "quoteDetail": "https://api.etrade.com/v1/market/quote/BEN:2024:1:19:PUT:22.500000",
      "strikePrice": 22.5,
      "symbol": "BEN",
      "timeStamp": 1688403599,
      "volume": 1
    },
    {
      "OptionGreeks": {
        "currentValue": "true",
        "delta": -0.31461,
        "gamma": 0.06644,
        "iv": 0.27625,
        "rho": -0.04817,
        "theta": -0.00465,
        "vega": 0.06919
      },
      "adjustedFlag": "false",
      "ask": 1.3,
      "askSize": 30,
      "bid": 1.1,
      "bidSize": 33,
      "displaySymbol": "BEN Jan 19 '24 $25 Put",
      "inTheMoney": "n",
      "lastPrice": 1.25,
      "netChange": 0.0,
      "openInterest": 70,
      "optionCategory": "STANDARD",
      "optionRootSymbol": "BEN",
      "optionType": "PUT",
      "osiKey": "BEN---240119P00025000",
      "quoteDetail": "https://api.etrade.com/v1/market/quote/BEN:2024:1:19:PUT:25.000000",
      "strikePrice": 25.0,
      "symbol": "BEN",
      "timeStamp": 1688403596,
      "volume": 0
    },
    {
      "OptionGreeks": {
        "currentValue": "true",
        "delta": -0.50202,
        "gamma": 0.08256,
        "iv": 0.2536,
        "rho": -0.07297,
        "theta": -0.00474,
        "vega": 0.07753
      },
      "adjustedFlag": "false",
      "ask": 2.3,
      "askSize": 12,
      "bid": 2.1,
      "bidSize": 32,
      "displaySymbol": "BEN Jan 19 '24 $27.50 Put",
      "inTheMoney": "y",
      "lastPrice": 2.25,
      "netChange": -0.95,
      "openInterest": 11,
      "optionCategory": "STANDARD",
      "optionRootSymbol": "BEN",
      "optionType": "PUT",
      "osiKey": "BEN---240119P00027500",
      "quoteDetail": "https://api.etrade.com/v1/market/quote/BEN:2024:1:19:PUT:27.500000",
      "strikePrice": 27.5,
      "symbol": "BEN",
      "timeStamp": 1688403590,
      "volume": 10
    },
    {
      "OptionGreeks": {
        "currentValue": "true",
        "delta": -0.70545,
        "gamma": 0.07978,
        "iv": 0.23686,
        "rho": -0.08971,
        "theta": -0.00372,
        "vega": 0.06714
      },
      "adjustedFlag": "false",
      "ask": 4.0,
      "askSize": 39,
      "bid": 3.6,
      "bidSize": 31,
      "displaySymbol": "BEN Jan 19 '24 $30 Put",
      "inTheMoney": "y",
      "lastPrice": 3.87,
      "netChange": 0.0,
      "openInterest": 27,
      "optionCategory": "STANDARD",
      "optionRootSymbol": "BEN",
      "optionType": "PUT",
      "osiKey": "BEN---240119P00030000",
      "quoteDetail": "https://api.etrade.com/v1/market/quote/BEN:2024:1:19:PUT:30.000000",
      "strikePrice": 30.0,
      "symbol": "BEN",
      "timeStamp": 1688403593,
      "volume": 0
    },
    {
      "OptionGreeks": {
        "currentValue": "true",
        "delta": -0.88004,
        "gamma": 0.07315,
        "iv": 0.22579,
        "rho": -0.07386,
        "theta": -0.00253,
        "vega": 0.03962
      },
      "adjustedFlag": "false",
      "ask": 6.1,
      "askSize": 38,
      "bid": 5.5,
      "bidSize": 38,
      "displaySymbol": "BEN Jan 19 '24 $32.50 Put",
      "inTheMoney": "y",
      "lastPrice": 5.8,
      "netChange": 0.0,
      "openInterest": 1,
      "optionCategory": "STANDARD",
      "optionRootSymbol": "BEN",
      "optionType": "PUT",
      "osiKey": "BEN---240119P00032500",
      "quoteDetail": "https://api.etrade.com/v1/market/quote/BEN:2024:1:19:PUT:32.500000",
      "strikePrice": 32.5,
      "symbol": "BEN",
      "timeStamp": 1688403583,
      "volume": 0
    },
    {
      "OptionGreeks": {
        "currentValue": "true",
        "delta": -1.0,
        "gamma": 0.0,
        "iv": 0.22093,
        "rho": 0.0,
        "theta": -0.00432,
        "vega": 0.0
      },
      "adjustedFlag": "false",
      "ask": 8.4,
      "askSize": 32,
      "bid": 8.0,
      "bidSize": 31,
      "displaySymbol": "BEN Jan 19 '24 $35 Put",
      "inTheMoney": "y",
      "lastPrice": 0.0,
      "netChange": 0.0,
      "openInterest": 0,
      "optionCategory": "STANDARD",
      "optionRootSymbol": "BEN",
      "optionType": "PUT",
      "osiKey": "BEN---240119P00035000",
      "quoteDetail": "https://api.etrade.com/v1/market/quote/BEN:2024:1:19:PUT:35.000000",
      "strikePrice": 35.0,
      "symbol": "BEN",
      "timeStamp": 1688403597,
      "volume": 0
    },
    {
      "OptionGreeks": {
        "currentValue": "true",
        "delta": 0.99559,
        "gamma": 0.00199,
        "iv": 0.51219,
        "rho": 0.02972,
        "theta": 0.0,
        "vega": 0.00301
      },
      "adjustedFlag": "false",
      "ask": 14.8,
      "askSize": 33,
      "bid": 14.3,
      "bidSize": 33,
      "displaySymbol": "BEN Jan 19 '24 $12.50 Call",
      "inTheMoney": "y",
      "lastPrice": 0.0,
      "netChange": 0.0,
      "openInterest": 0,
      "optionCategory": "STANDARD",
      "optionRootSymbol": "BEN",
      "optionType": "CALL",
      "osiKey": "BEN---240119C00012500",
      "quoteDetail": "https://api.etrade.com/v1/market/quote/BEN:2024:1:19:CALL:12.500000",
      "strikePrice": 12.5,
      "symbol": "BEN",
      "timeStamp": 1688403572,
      "volume": 0
    },
    {
      "OptionGreeks": {
        "currentValue": "true",
        "delta": 0.98418,
        "gamma": 0.00556,
        "iv": 0.45224,
        "rho": 0.04058,
        "theta": 0.0,
        "vega": 0.00818
      },
      "adjustedFlag": "false",
      "ask": 12.4,
      "askSize": 32,
      "bid": 11.8,
      "bidSize": 33,
      "displaySymbol": "BEN Jan 19 '24 $15 Call",
      "inTheMoney": "y",
      "lastPrice": 0.0,
      "netChange": 0.0,
      "openInterest": 0,
      "optionCategory": "STANDARD",
      "optionRootSymbol": "BEN",
      "optionType": "CALL",
      "osiKey": "BEN---240119C00015000",
      "quoteDetail": "https://api.etrade.com/v1/market/quote/BEN:2024:1:19:CALL:15.000000",
      "strikePrice": 15.0,
      "symbol": "BEN",
      "timeStamp": 1688403539,
      "volume": 0
    },
    {
      "OptionGreeks": {
        "currentValue": "true",
        "delta": 0.96683,
        "gamma": 0.0113,
        "iv": 0.37895,
        "rho": 0.05371,
        "theta": -0.00012,
        "vega": 0.01444
      },
      "adjustedFlag": "false",
      "ask": 9.8,
      "askSize": 31,
      "bid": 9.4,
      "bidSize": 33,
      "displaySymbol": "BEN Jan 19 '24 $17.50 Call",
      "inTheMoney": "y",
      "lastPrice": 0.0,
      "netChange": 0.0,
      "openInterest": 0,
      "optionCategory": "STANDARD",
      "optionRootSymbol": "BEN",
      "optionType": "CALL",
      "osiKey": "BEN---240119C00017500",
      "quoteDetail": "https://api.etrade.com/v1/market/quote/BEN:2024:1:19:CALL:17.500000",
      "strikePrice": 17.5,
      "symbol": "BEN",
      "timeStamp": 1688403596,
      "volume": 0
    },
    {
      "OptionGreeks": {
        "currentValue": "true",
        "delta": 0.92373,
        "gamma": 0.02298,
        "iv": 0.33549,
        "rho": 0.08406,
        "theta": -0.00138,
        "vega": 0.02819
      },
      "adjustedFlag": "false",
      "ask": 7.6,
      "askSize": 33,
      "bid": 7.1,
      "bidSize": 33,
      "displaySymbol": "BEN Jan 19 '24 $20 Call",
      "inTheMoney": "y",
      "lastPrice": 6.75,
      "netChange": 0.0,
      "openInterest": 4,
      "optionCategory": "STANDARD",
      "optionRootSymbol": "BEN",
      "optionType": "CALL",
      "osiKey": "BEN---240119C00020000",
      "quoteDetail": "https://api.etrade.com/v1/market/quote/BEN:2024:1:19:CALL:20.000000",
      "strikePrice": 20.0,
      "symbol": "BEN",
      "timeStamp": 1688403596,
      "volume": 0
    },
    {
      "OptionGreeks": {
        "currentValue": "true",
        "delta": 0.84252,
        "gamma": 0.042,
        "iv": 0.30394,
        "rho": 0.08491,
        "theta": -0.00293,
        "vega": 0.04698
      },
      "adjustedFlag": "false",
      "ask": 5.3,
      "askSize": 12,
      "bid": 5.1,
      "bidSize": 18,
      "displaySymbol": "BEN Jan 19 '24 $22.50 Call",
      "inTheMoney": "y",
      "lastPrice": 4.91,
      "netChange": 0.0,
      "openInterest": 9,
      "optionCategory": "STANDARD",
      "optionRootSymbol": "BEN",
      "optionType": "CALL",
      "osiKey": "BEN---240119C00022500",
      "quoteDetail": "https://api.etrade.com/v1/market/quote/BEN:2024:1:19:CALL:22.500000",
      "strikePrice": 22.5,
      "symbol": "BEN",
      "timeStamp": 1688403594,
      "volume": 0
    },
    {
      "OptionGreeks": {
        "currentValue": "true",
        "delta": 0.70869,
        "gamma": 0.06525,
        "iv": 0.27625,
        "rho": 0.07691,
        "theta": -0.00426,
        "vega": 0.06698
      },
      "adjustedFlag": "false",
      "ask": 3.6,
      "askSize": 33,
      "bid": 3.2,
      "bidSize": 36,
      "displaySymbol": "BEN Jan 19 '24 $25 Call",
      "inTheMoney": "y",
      "lastPrice": 3.15,
      "netChange": 0.0,
      "openInterest": 61,
      "optionCategory": "STANDARD",
      "optionRootSymbol": "BEN",
      "optionType": "CALL",
      "osiKey": "BEN---240119C00025000",
      "quoteDetail": "https://api.etrade.com/v1/market/quote/BEN:2024:1:19:CALL:25.000000",
      "strikePrice": 25.0,
      "symbol": "BEN",
      "timeStamp": 1688403587,
      "volume": 0
    },
    {
      "OptionGreeks": {
        "currentValue": "true",
        "delta": 0.52352,
        "gamma": 0.08206,
        "iv": 0.2536,
        "rho": 0.06038,
        "theta": -0.00476,
        "vega": 0.0774
      },
      "adjustedFlag": "false",
      "ask": 2.0,
      "askSize": 40,
      "bid": 1.75,
      "bidSize": 19,
      "displaySymbol": "BEN Jan 19 '24 $27.50 Call",
      "inTheMoney": "n",
      "lastPrice": 1.89,
      "netChange": 0.29,
      "openInterest": 337,
      "optionCategory": "STANDARD",
      "optionRootSymbol": "BEN",
      "optionType": "CALL",
      "osiKey": "BEN---240119C00027500",
      "quoteDetail": "https://api.etrade.com/v1/market/quote/BEN:2024:1:19:CALL:27.500000",
      "strikePrice": 27.5,
      "symbol": "BEN",
      "timeStamp": 1688403599,
      "volume": 1
    },
    {
      "OptionGreeks": {
        "currentValue": "true",
        "delta": 0.32408,
        "gamma": 0.07887,
        "iv": 0.23686,
        "rho": 0.0397,
        "theta": -0.00408,
        "vega": 0.07032
      },
      "adjustedFlag": "false",
      "ask": 0.95,
      "askSize": 47,
      "bid": 0.8,
      "bidSize": 61,
      "displaySymbol": "BEN Jan 19 '24 $30 Call",
      "inTheMoney": "n",
      "lastPrice": 0.86,
      "netChange": 0.08,
      "openInterest": 176,
      "optionCategory": "STANDARD",
      "optionRootSymbol": "BEN",
      "optionType": "CALL",
      "osiKey": "BEN---240119C00030000",
      "quoteDetail": "https://api.etrade.com/v1/market/quote/BEN:2024:1:19:CALL:30.000000",
      "strikePrice": 30.0,
      "symbol": "BEN",
      "timeStamp": 1688403599,
      "volume": 3
    },
    {
      "OptionGreeks": {
        "currentValue": "true",
        "delta": 0.16523,
        "gamma": 0.05688,
        "iv": 0.22579,
        "rho": 0.02091,
        "theta": -0.00269,
        "vega": 0.04927
      },
      "adjustedFlag": "false",
      "ask": 0.45,
      "askSize": 59,
      "bid": 0.25,
      "bidSize": 162,
      "displaySymbol": "BEN Jan 19 '24 $32.50 Call",
      "inTheMoney": "n",
      "lastPrice": 0.32,
      "netChange": 0.0,
      "openInterest": 34,
      "optionCategory": "STANDARD",
      "optionRootSymbol": "BEN",
      "optionType": "CALL",
      "osiKey": "BEN---240119C00032500",
      "quoteDetail": "https://api.etrade.com/v1/market/quote/BEN:2024:1:19:CALL:32.500000",
      "strikePrice": 32.5,
      "symbol": "BEN",
      "timeStamp": 1688403599,
      "volume": 0
    },
    {
      "OptionGreeks": {
        "currentValue": "true",
        "delta": 0.07267,
        "gamma": 0.03218,
        "iv": 0.22093,
        "rho": 0.00936,
        "theta": -0.00145,
        "vega": 0.02781
      },
      "adjustedFlag": "false",
      "ask": 0.2,
      "askSize": 32,
      "bid": 0.05,
      "bidSize": 95,
      "displaySymbol": "BEN Jan 19 '24 $35 Call",
      "inTheMoney": "n",
      "lastPrice": 0.0,
      "netChange": 0.0,
      "openInterest": 0,
      "optionCategory": "STANDARD",
      "optionRootSymbol": "BEN",
      "optionType": "CALL",
      "osiKey": "BEN---240119C00035000",
      "quoteDetail": "https://api.etrade.com/v1/market/quote/BEN:2024:1:19:CALL:35.000000",
      "strikePrice": 35.0,
      "symbol": "BEN",
      "timeStamp": 1688403535,
      "volume": 0
    }
  ],
  "quote": {
    "ExtendedHourQuoteDetail": {
      "ask": 27.49,
      "askSize": 100,
      "bid": 26.23,
      "bidSize": 100,
      "change": 0.18,
      "lastPrice": 26.89,
      "percentChange": 0.67,
      "quoteStatus": "EH_REALTIME",
      "timeOfLastTrade": 1688407646,
      "timeZone": "EST",
      "volume": 964614
    },
    "adjustedFlag": "false",
    "ahFlag": "true",
    "ask": 27.49,
    "askSize": 100,
    "askTime": "14:07:26 EDT 07-03-2023",
    "averageVolume": 2702121,
    "beta": 1.3,
    "bid": 26.23,
    "bidExchange": null,
    "bidSize": 100,
    "bidTime": "14:07:26 EDT 07-03-2023",
    "cashDeliverable": 0,
    "changeClose": 0.18,
    "changeClosePercentage": 0.67,
    "companyName": "FRANKLIN RESOURCES INC COM",
    "contractSize": 0.0,
    "dateTime": "14:07:26 EDT 07-03-2023",
    "dateTimeUTC": 1688407646,
    "daysToExpiration": 0,
    "declaredDividend": 0.3,
    "dirLast": 0,
    "dividend": 0.3,
    "dividendPayableDate": 1689359359,
    "eps": 1.66,
    "estEarnings": 2.344,
    "exDividendDate": 1688063359,
    "expirationDate": 0,
    "hasMiniOptions": "false",
    "high": 27.035,
    "high52": 34.365,
    "intrinsicValue": 0.0,
    "lastTrade": 26.89,
    "low": 26.665,
    "low52": 20.2373,
    "marketCap": 13468206070.0,
    "nextEarningDate": "07/26/2023",
    "open": 26.75,
    "openInterest": 0,
    "optionMultiplier": 0.0,
    "optionStyle": null,
    "optionUnderlier": null,
    "pe": 16.0818,
    "previousClose": 26.71,
    "previousDayVolume": 3416108,
    "primaryExchange": "NYSE",
    "quoteStatus": "CLOSING",
    "securityType": "EQ",
    "sharesOutstanding": 500863000,
    "symbol": "BEN",
    "symbolDescription": "FRANKLIN RESOURCES INC COM",
    "timeOfLastTrade": 1688404200,
    "timePremium": 0.0,
    "totalVolume": 964614,
    "upc": 0,
    "week52HiDate": 1675366159,
    "week52LowDate": 1665685759,
    "yield": 4.4927
  }
}