{
  "2023-07-21": [
    {
      "OptionGreeks": {
        "currentValue": "true",
        "delta": -0.00166,
        "gamma": 0.00041,
        "iv": 1.21834,
        "rho": -4e-05,
        "theta": -0.00171,
        "vega": 0.00057
      },
      "adjustedFlag": "false",
      "ask": 0.45,
      "askSize": 132,
      "bid": 0.0,
      "bidSize": 0,
      "displaySymbol": "BHF Jul 21 '23 $22.50 Put",
      "inTheMoney": "n",
      "lastPrice": 0.35,
      "netChange": 0.0,
      "openInterest": 1,
      "optionCategory": "STANDARD",
      "optionRootSymbol": "BHF",
      "optionType": "PUT",
      "osiKey": "BHF---230721P00022500",
      "quoteDetail": "https://api.etrade.com/v1/market/quote/BHF:2023:7:21:PUT:22.500000",
      "strikePrice": 22.5,
      "symbol": "BHF",
      "timeStamp": 1688403534,
      "volume": 0
    },
    {
      "OptionGreeks": {
        "currentValue": "true",
        "delta": -0.00546,
        "gamma": 0.0012,
        "iv": 1.21834,
        "rho": -0.00013,
        "theta": -0.00517,
        "vega": 0.00166
      },
      "adjustedFlag": "false",
      "ask": 0.05,
      "askSize": 1,
      "bid": 0.0,
      "bidSize": 0,
      "displaySymbol": "BHF Jul 21 '23 $25 Put",
      "inTheMoney": "n",
      "lastPrice": 0.4,
      "netChange": 0.0,
      "openInterest": 1,
      "optionCategory": "STANDARD",
      "optionRootSymbol": "BHF",
      "optionType": "PUT",
      "osiKey": "BHF---230721P00025000",
      "quoteDetail": "https://api.etrade.com/v1/market/quote/BHF:2023:7:21:PUT:25.000000",
      "strikePrice": 25.0,
      "symbol": "BHF",
      "timeStamp": 1688391046,
      "volume": 0
    },
    {
      "OptionGreeks": {
        "currentValue": "true",
        "delta": -0.00959,
        "gamma": 0.00257,
        "iv": 0.93743,
        "rho": -0.00023,
        "theta": -0.00658,
        "vega": 0.00273
      },
      "adjustedFlag": "false",
      "ask": 0.45,
      "askSize": 118,
      "bid": 0.0,
      "bidSize": 0,
      "displaySymbol": "BHF Jul 21 '23 $30 Put",
      "inTheMoney": "n",
      "lastPrice": 0.0,
      "netChange": 0.0,
      "openInterest": 0,
      "optionCategory": "STANDARD",
      "optionRootSymbol": "BHF",
      "optionType": "PUT",
      "osiKey": "BHF---230721P00030000",
      "quoteDetail": "https://api.etrade.com/v1/market/quote/BHF:2023:7:21:PUT:30.000000",
      "strikePrice": 30.0,
      "symbol": "BHF",
      "timeStamp": 1688403534,
      "volume": 0
    },
    {
      "OptionGreeks": {
        "currentValue": "true",
        "delta": -0.01861,
        "gamma": 0.00609,
        "iv": 0.69993,
        "rho": -0.00044,
        "theta": -0.00885,
        "vega": 0.00487
      },
      "adjustedFlag": "false",
      "ask": 0.45,
      "askSize": 118,
      "bid": 0.0,
      "bidSize": 0,
      "displaySymbol": "BHF Jul 21 '23 $35 Put",
      "inTheMoney": "n",
      "lastPrice": 0.0,
      "netChange": 0.0,
      "openInterest": 0,
      "optionCategory": "STANDARD",
      "optionRootSymbol": "BHF",
      "optionType": "PUT",
      "osiKey": "BHF---230721P00035000",
      "quoteDetail": "https://api.etrade.com/v1/market/quote/BHF:2023:7:21:PUT:35.000000",
      "strikePrice": 35.0,
      "symbol": "BHF",
      "timeStamp": 1688403534,
      "volume": 0
    },
    {
      "OptionGreeks": {
        "currentValue": "true",
        "delta": -0.04565,
        "gamma": 0.01818,
        "iv": 0.49419,
        "rho": -0.00107,
        "theta": -0.01347,
        "vega": 0.01032
      },
      "adjustedFlag": "false",
      "ask": 0.55,
      "askSize": 144,
      "bid": 0.0,
      "bidSize": 0,
      "displaySymbol": "BHF Jul 21 '23 $40 Put",
      "inTheMoney": "n",
      "lastPrice": 0.4,
      "netChange": 0.0,
      "openInterest": 91,
      "optionCategory": "STANDARD",
      "optionRootSymbol": "BHF",
      "optionType": "PUT",
      "osiKey": "BHF---230721P00040000",
      "quoteDetail": "https://api.etrade.com/v1/market/quote/BHF:2023:7:21:PUT:40.000000",
      "strikePrice": 40.0,
      "symbol": "BHF",
      "timeStamp": 1688403599,
      "volume": 0
    },
    {
      "OptionGreeks": {
        "currentValue": "true",
        "delta": -0.17859,
        "gamma": 0.07866,
        "iv": 0.31272,
        "rho": -0.00399,
        "theta": -0.02402,
        "vega": 0.02796
      },
      "adjustedFlag": "false",
      "ask": 0.4,
      "askSize": 1,
      "bid": 0.25,
      "bidSize": 24,
      "displaySymbol": "BHF Jul 21 '23 $45 Put",
      "inTheMoney": "n",
      "lastPrice": 0.31,
      "netChange": -1.02,
      "openInterest": 79,
      "optionCategory": "STANDARD",
      "optionRootSymbol": "BHF",
      "optionType": "PUT",
      "osiKey": "BHF---230721P00045000",
      "quoteDetail": "https://api.etrade.com/v1/market/quote/BHF:2023:7:21:PUT:45.000000",
      "strikePrice": 45.0,
      "symbol": "BHF",
      "timeStamp": 1688403590,
      "volume": 4
    },
    {
      "OptionGreeks": {
        "currentValue": "true",
        "delta": -0.77431,
        "gamma": 0.11749,
        "iv": 0.26464,
        "rho": -0.01203,
        "theta": -0.02549,
        "vega": 0.03184
      },
      "adjustedFlag": "false",
      "ask": 2.65,
      "askSize": 1,
      "bid": 2.3,
      "bidSize": 30,
      "displaySymbol": "BHF Jul 21 '23 $50 Put",
      "inTheMoney": "y",
      "lastPrice": 2.37,
      "netChange": -1.3,
      "openInterest": 65,
      "optionCategory": "STANDARD",
      "optionRootSymbol": "BHF",
      "optionType": "PUT",
      "osiKey": "BHF---230721P00050000",
      "quoteDetail": "https://api.etrade.com/v1/market/quote/BHF:2023:7:21:PUT:50.000000",
      "strikePrice": 50.0,
      "symbol": "BHF",
      "timeStamp": 1688403560,
      "volume": 2
    },
    {
      "OptionGreeks": {
        "currentValue": "true",
        "delta": -0.89276,
        "gamma": 0.03941,
        "iv": 0.50214,
        "rho": -0.01254,
        "theta": -0.02969,
        "vega": 0.01951
      },
      "adjustedFlag": "false",
      "ask": 7.7,
      "askSize": 18,
      "bid": 6.7,
      "bidSize": 95,
      "displaySymbol": "BHF Jul 21 '23 $55 Put",
      "inTheMoney": "y",
      "lastPrice": 0.0,
      "netChange": 0.0,
      "openInterest": 0,
      "optionCategory": "STANDARD",
      "optionRootSymbol": "BHF",
      "optionType": "PUT",
      "osiKey": "BHF---230721P00055000",
      "quoteDetail": "https://api.etrade.com/v1/market/quote/BHF:2023:7:21:PUT:55.000000",
      "strikePrice": 55.0,
      "symbol": "BHF",
      "timeStamp": 1688403599,
      "volume": 0
    },
    {
      "OptionGreeks": {
        "currentValue": "true",
        "delta": -0.99488,
        "gamma": 0.01057,
        "iv": 0.50406,
        "rho": 0.0,
        "theta": -0.00872,
        "vega": 0.00127
      },
      "adjustedFlag": "false",
      "ask": 12.7,
      "askSize": 19,
      "bid": 11.7,
      "bidSize": 98,
      "displaySymbol": "BHF Jul 21 '23 $60 Put",
      "inTheMoney": "y",
      "lastPrice": 0.0,
      "netChange": 0.0,
      "openInterest": 0,
      "optionCategory": "STANDARD",
      "optionRootSymbol": "BHF",
      "optionType": "PUT",
      "osiKey": "BHF---230721P00060000",
      "quoteDetail": "https://api.etrade.com/v1/market/quote/BHF:2023:7:21:PUT:60.000000",
      "strikePrice": 60.0,
      "symbol": "BHF",
      "timeStamp": 1688403597,
      "volume": 0
    },
    {
      "OptionGreeks": {
        "currentValue": "true",
        "delta": 0.99906,
        "gamma": 0.00041,
        "iv": 1.21834,
        "rho": 0.01037,
        "theta": 0.0,
        "vega": 0.00057
      },
      "adjustedFlag": "false",
      "ask": 26.1,
      "askSize": 33,
      "bid": 24.8,
      "bidSize": 61,
      "displaySymbol": "BHF Jul 21 '23 $22.50 Call",
      "inTheMoney": "y",
      "lastPrice": 0.0,
      "netChange": 0.0,
      "openInterest": 0,
      "optionCategory": "STANDARD",
      "optionRootSymbol": "BHF",
      "optionType": "CALL",
      "osiKey": "BHF---230721C00022500",
      "quoteDetail": "https://api.etrade.com/v1/market/quote/BHF:2023:7:21:CALL:22.500000",
      "strikePrice": 22.5,
      "symbol": "BHF",
      "timeStamp": 1688403599,
      "volume": 0
    },
    {
      "OptionGreeks": {
        "currentValue": "true",
        "delta": 0.99526,
        "gamma": 0.0012,
        "iv": 1.21834,
        "rho": 0.01158,
        "theta": -0.00186,
        "vega": 0.00166
      },
      "adjustedFlag": "false",
      "ask": 23.5,
      "askSize": 43,
      "bid": 22.5,
      "bidSize": 17,
      "displaySymbol": "BHF Jul 21 '23 $25 Call",
      "inTheMoney": "y",
      "lastPrice": 0.0,
      "netChange": 0.0,
      "openInterest": 0,
      "optionCategory": "STANDARD",
      "optionRootSymbol": "BHF",
      "optionType": "CALL",
      "osiKey": "BHF---230721C00025000",
      "quoteDetail": "https://api.etrade.com/v1/market/quote/BHF:2023:7:21:CALL:25.000000",
      "strikePrice": 25.0,
      "symbol": "BHF",
      "timeStamp": 1688403501,
      "volume": 0
    },
    {
      "OptionGreeks": {
        "currentValue": "true",
        "delta": 0.99114,
        "gamma": 0.00256,
        "iv": 0.93743,
        "rho": 0.01412,
        "theta": -0.00402,
        "vega": 0.00273
      },
      "adjustedFlag": "false",
      "ask": 18.5,
      "askSize": 37,
      "bid": 17.5,
      "bidSize": 16,
      "displaySymbol": "BHF Jul 21 '23 $30 Call",
      "inTheMoney": "y",
      "lastPrice": 0.0,
      "netChange": 0.0,
      "openInterest": 0,
      "optionCategory": "STANDARD",
      "optionRootSymbol": "BHF",
      "optionType": "CALL",
      "osiKey": "BHF---230721C00030000",
      "quoteDetail": "https://api.etrade.com/v1/market/quote/BHF:2023:7:21:CALL:30.000000",
      "strikePrice": 30.0,
      "symbol": "BHF",
      "timeStamp": 1688403570,
      "volume": 0
    },
    {
      "OptionGreeks": {
        "currentValue": "true",
        "delta": 0.98215,
        "gamma": 0.00608,
        "iv": 0.69993,
        "rho": 0.01649,
        "theta": -0.00699,
        "vega": 0.00486
      },
      "adjustedFlag": "false",
      "ask": 13.6,
      "askSize": 37,
      "bid": 12.5,
      "bidSize": 17,
      "displaySymbol": "BHF Jul 21 '23 $35 Call",
      "inTheMoney": "y",
      "lastPrice": 0.0,
      "netChange": 0.0,
      "openInterest": 0,
      "optionCategory": "STANDARD",
      "optionRootSymbol": "BHF",
      "optionType": "CALL",
      "osiKey": "BHF---230721C00035000",
      "quoteDetail": "https://api.etrade.com/v1/market/quote/BHF:2023:7:21:CALL:35.000000",
      "strikePrice": 35.0,
      "symbol": "BHF",
      "timeStamp": 1688403580,
      "volume": 0
    },
    {
      "OptionGreeks": {
        "currentValue": "true",
        "delta": 0.95521,
        "gamma": 0.01811,
        "iv": 0.49419,
        "rho": 0.01843,
        "theta": -0.0123,
        "vega": 0.01029
      },
      "adjustedFlag": "false",
      "ask": 8.6,
      "askSize": 37,
      "bid": 7.6,
      "bidSize": 15,
      "displaySymbol": "BHF Jul 21 '23 $40 Call",
      "inTheMoney": "y",
      "lastPrice": 7.94,
      "netChange": 0.0,
      "openInterest": 9,
      "optionCategory": "STANDARD",
      "optionRootSymbol": "BHF",
      "optionType": "CALL",
      "osiKey": "BHF---230721C00040000",
      "quoteDetail": "https://api.etrade.com/v1/market/quote/BHF:2023:7:21:CALL:40.000000",
      "strikePrice": 40.0,
      "symbol": "BHF",
      "timeStamp": 1688403597,
      "volume": 0
    },
    {
      "OptionGreeks": {
        "currentValue": "true",
        "delta": 0.82343,
        "gamma": 0.07789,
        "iv": 0.31272,
        "rho": 0.01781,
        "theta": -0.02339,
        "vega": 0.02786
      },
      "adjustedFlag": "false",
      "ask": 3.4,
      "askSize": 53,
      "bid": 3.1,
      "bidSize": 15,
      "displaySymbol": "BHF Jul 21 '23 $45 Call",
      "inTheMoney": "y",
      "lastPrice": 3.37,
      "netChange": 0.57,
      "openInterest": 320,
      "optionCategory": "STANDARD",
      "optionRootSymbol": "BHF",
      "optionType": "CALL",
      "osiKey": "BHF---230721C00045000",
      "quoteDetail": "https://api.etrade.com/v1/market/quote/BHF:2023:7:21:CALL:45.000000",
      "strikePrice": 45.0,
      "symbol": "BHF",
      "timeStamp": 1688403599,
      "volume": 3
    },
    {
      "OptionGreeks": {
        "currentValue": "true",
        "delta": 0.24373,
        "gamma": 0.111,
        "iv": 0.26464,
        "rho": 0.00553,
        "theta": -0.02439,
        "vega": 0.03354
      },
      "adjustedFlag": "false",
      "ask": 0.5,
      "askSize": 23,
      "bid": 0.3,
      "bidSize": 50,
      "displaySymbol": "BHF Jul 21 '23 $50 Call",
      "inTheMoney": "n",
      "lastPrice": 0.5,
      "netChange": 0.03,
      "openInterest": 91,
      "optionCategory": "STANDARD",
      "optionRootSymbol": "BHF",
      "optionType": "CALL",
      "osiKey": "BHF---230721C00050000",
      "quoteDetail": "https://api.etrade.com/v1/market/quote/BHF:2023:7:21:CALL:50.000000",
      "strikePrice": 50.0,
      "symbol": "BHF",
      "timeStamp": 1688403597,
      "volume": 28
    },
    {
      "OptionGreeks": {
        "currentValue": "true",
        "delta": 0.12039,
        "gamma": 0.03737,
        "iv": 0.50214,
        "rho": 0.00266,
        "theta": -0.02911,
        "vega": 0.02144
      },
      "adjustedFlag": "false",
      "ask": 0.6,
      "askSize": 171,
      "bid": 0.0,
      "bidSize": 0,
      "displaySymbol": "BHF Jul 21 '23 $55 Call",
      "inTheMoney": "n",
      "lastPrice": 0.0,
      "netChange": 0.0,
      "openInterest": 0,
      "optionCategory": "STANDARD",
      "optionRootSymbol": "BHF",
      "optionType": "CALL",
      "osiKey": "BHF---230721C00055000",
      "quoteDetail": "https://api.etrade.com/v1/market/quote/BHF:2023:7:21:CALL:55.000000",
      "strikePrice": 55.0,
      "symbol": "BHF",
      "timeStamp": 1688403599,
      "volume": 0
    },
    {
      "OptionGreeks": {
        "currentValue": "true",
        "delta": 0.0263,
        "gamma": 0.01129,
        "iv": 0.50406,
        "rho": 0.00058,
        "theta": -0.00852,
        "vega": 0.00658
      },
      "adjustedFlag": "false",
      "ask": 0.1,
      "askSize": 1,
      "bid": 0.0,
      "bidSize": 0,
      "displaySymbol": "BHF Jul 21 '23 $60 Call",
      "inTheMoney": "n",
      "lastPrice": 0.0,
      "netChange": 0.0,
      "openInterest": 0,
      "optionCategory": "STANDARD",
      "optionRootSymbol": "BHF",
      "optionType": "CALL",
      "osiKey": "BHF---230721C00060000",
      "quoteDetail": "https://api.etrade.com/v1/market/quote/BHF:2023:7:21:CALL:60.000000",
      "strikePrice": 60.0,
      "symbol": "BHF",
      "timeStamp": 1688391000,
      "volume": 0
    }
  ],
  "2023-08-18": [
    {
      "OptionGreeks": {
        "currentValue": "true",
        "delta": -0.0004,
        "gamma": 0.00013,
        "iv": 0.66524,
        "rho": -2e-05,
        "theta": -0.00016,
        "vega": 0.00025
      },
      "adjustedFlag": "false",
      "ask": 0.45,
      "askSize": 73,
      "bid": 0.0,
      "bidSize": 0,
      "displaySymbol": "BHF Aug 18 '23 $22.50 Put",
      "inTheMoney": "n",
      "lastPrice": 0.0,
      "netChange": 0.0,
      "openInterest": 0,
      "optionCategory": "STANDARD",
      "optionRootSymbol": "BHF",
      "optionType": "PUT",
      "osiKey": "BHF---230818P00022500",
      "quoteDetail": "https://api.etrade.com/v1/market/quote/BHF:2023:8:18:PUT:22.500000",
      "strikePrice": 22.5,
      "symbol": "BHF",
      "timeStamp": 1688403599,
      "volume": 0
    },
    {
      "OptionGreeks": {
        "currentValue": "true",
        "delta": -0.00185,
        "gamma": 0.00052,
        "iv": 0.66524,
        "rho": -0.00011,
        "theta": -0.00068,
        "vega": 0.00102
      },
      "adjustedFlag": "false",
      "ask": 0.45,
      "askSize": 73,
      "bid": 0.0,
      "bidSize": 0,
      "displaySymbol": "BHF Aug 18 '23 $25 Put",
      "inTheMoney": "n",
      "lastPrice": 0.0,
      "netChange": 0.0,
      "openInterest": 0,
      "optionCategory": "STANDARD",
      "optionRootSymbol": "BHF",
      "optionType": "PUT",
      "osiKey": "BHF---230818P00025000",
      "quoteDetail": "https://api.etrade.com/v1/market/quote/BHF:2023:8:18:PUT:25.000000",
      "strikePrice": 25.0,
      "symbol": "BHF",
      "timeStamp": 1688403599,
      "volume": 0
    },
    {
      "OptionGreeks": {
        "currentValue": "true",
        "delta": -0.01747,
        "gamma": 0.00381,
        "iv": 0.66524,
        "rho": -0.00108,
        "theta": -0.00513,
        "vega": 0.00739
      },
      "adjustedFlag": "false",
      "ask": 0.15,
      "askSize": 1,
      "bid": 0.0,
      "bidSize": 0,
      "displaySymbol": "BHF Aug 18 '23 $30 Put",
      "inTheMoney": "n",
      "lastPrice": 0.35,
      "netChange": 0.0,
      "openInterest": 11,
      "optionCategory": "STANDARD",
      "optionRootSymbol": "BHF",
      "optionType": "PUT",
      "osiKey": "BHF---230818P00030000",
      "quoteDetail": "https://api.etrade.com/v1/market/quote/BHF:2023:8:18:PUT:30.000000",
      "strikePrice": 30.0,
      "symbol": "BHF",
      "timeStamp": 1688391138,
      "volume": 0
    },
    {
      "OptionGreeks": {
        "currentValue": "true",
        "delta": -0.064,
        "gamma": 0.01166,
        "iv": 0.63175,
        "rho": -0.00399,
        "theta": -0.01437,
        "vega": 0.02139
      },
      "adjustedFlag": "false",
      "ask": 0.65,
      "askSize": 72,
      "bid": 0.0,
      "bidSize": 0,
      "displaySymbol": "BHF Aug 18 '23 $35 Put",
      "inTheMoney": "n",
      "lastPrice": 0.25,
      "netChange": 0.0,
      "openInterest": 19,
      "optionCategory": "STANDARD",
      "optionRootSymbol": "BHF",
      "optionType": "PUT",
      "osiKey": "BHF---230818P00035000",
      "quoteDetail": "https://api.etrade.com/v1/market/quote/BHF:2023:8:18:PUT:35.000000",
      "strikePrice": 35.0,
      "symbol": "BHF",
      "timeStamp": 1688403599,
      "volume": 0
    },
    {
      "OptionGreeks": {
        "currentValue": "true",
        "delta": -0.09472,
        "gamma": 0.02392,
        "iv": 0.41542,
        "rho": -0.00565,
        "theta": -0.01278,
        "vega": 0.02891
      },
      "adjustedFlag": "false",
      "ask": 0.45,
      "askSize": 56,
      "bid": 0.2,
      "bidSize": 7,
      "displaySymbol": "BHF Aug 18 '23 $40 Put",
      "inTheMoney": "n",
      "lastPrice": 0.91,
      "netChange": 0.0,
      "openInterest": 163,
      "optionCategory": "STANDARD",
      "optionRootSymbol": "BHF",
      "optionType": "PUT",
      "osiKey": "BHF---230818P00040000",
      "quoteDetail": "https://api.etrade.com/v1/market/quote/BHF:2023:8:18:PUT:40.000000",
      "strikePrice": 40.0,
      "symbol": "BHF",
      "timeStamp": 1688403599,
      "volume": 0
    },
    {
      "OptionGreeks": {
        "currentValue": "true",
        "delta": -0.28117,
        "gamma": 0.05672,
        "iv": 0.35349,
        "rho": -0.01594,
        "theta": -0.02208,
        "vega": 0.05731
      },
      "adjustedFlag": "false",
      "ask": 1.2,
      "askSize": 2,
      "bid": 1.05,
      "bidSize": 27,
      "displaySymbol": "BHF Aug 18 '23 $45 Put",
      "inTheMoney": "n",
      "lastPrice": 2.0,
      "netChange": 0.0,
      "openInterest": 211,
      "optionCategory": "STANDARD",
      "optionRootSymbol": "BHF",
      "optionType": "PUT",
      "osiKey": "BHF---230818P00045000",
      "quoteDetail": "https://api.etrade.com/v1/market/quote/BHF:2023:8:18:PUT:45.000000",
      "strikePrice": 45.0,
      "symbol": "BHF",
      "timeStamp": 1688403599,
      "volume": 0
    },
    {
      "OptionGreeks": {
        "currentValue": "true",
        "delta": -0.62978,
        "gamma": 0.07543,
        "iv": 0.31288,
        "rho": -0.02964,
        "theta": -0.02272,
        "vega": 0.06367
      },
      "adjustedFlag": "false",
      "ask": 3.5,
      "askSize": 38,
      "bid": 3.1,
      "bidSize": 24,
      "displaySymbol": "BHF Aug 18 '23 $50 Put",
      "inTheMoney": "y",
      "lastPrice": 3.38,
      "netChange": 0.0,
      "openInterest": 123,
      "optionCategory": "STANDARD",
      "optionRootSymbol": "BHF",
      "optionType": "PUT",
      "osiKey": "BHF---230818P00050000",
      "quoteDetail": "https://api.etrade.com/v1/market/quote/BHF:2023:8:18:PUT:50.000000",
      "strikePrice": 50.0,
      "symbol": "BHF",
      "timeStamp": 1688403599,
      "volume": 0
    },
    {
      "OptionGreeks": {
        "currentValue": "true",
        "delta": -0.89503,
        "gamma": 0.04544,
        "iv": 0.32896,
        "rho": -0.02373,
        "theta": -0.01425,
        "vega": 0.0302
      },
      "adjustedFlag": "false",
      "ask": 7.7,
      "askSize": 16,
      "bid": 6.7,
      "bidSize": 96,
      "displaySymbol": "BHF Aug 18 '23 $55 Put",
      "inTheMoney": "y",
      "lastPrice": 11.6,
      "netChange": 0.0,
      "openInterest": 0,
      "optionCategory": "STANDARD",
      "optionRootSymbol": "BHF",
      "optionType": "PUT",
      "osiKey": "BHF---230818P00055000",
      "quoteDetail": "https://api.etrade.com/v1/market/quote/BHF:2023:8:18:PUT:55.000000",
      "strikePrice": 55.0,
      "symbol": "BHF",
      "timeStamp": 1688403596,
      "volume": 0
    },
    {
      "OptionGreeks": {
        "currentValue": "true",
        "delta": -0.95211,
        "gamma": 0.02508,
        "iv": 0.42237,
        "rho": -0.0171,
        "theta": -0.01213,
        "vega": 0.01616
      },
      "adjustedFlag": "false",
      "ask": 12.9,
      "askSize": 40,
      "bid": 11.6,
      "bidSize": 95,
      "displaySymbol": "BHF Aug 18 '23 $60 Put",
      "inTheMoney": "y",
      "lastPrice": 16.5,
      "netChange": 0.0,
      "openInterest": 0,
      "optionCategory": "STANDARD",
      "optionRootSymbol": "BHF",
      "optionType": "PUT",
      "osiKey": "BHF---230818P00060000",
      "quoteDetail": "https://api.etrade.com/v1/market/quote/BHF:2023:8:18:PUT:60.000000",
      "strikePrice": 60.0,
      "symbol": "BHF",
      "timeStamp": 1688403546,
      "volume": 0
    },
    {
      "OptionGreeks": {
        "currentValue": "true",
        "delta": -0.94329,
        "gamma": 0.01804,
        "iv": 0.56453,
        "rho": -0.02314,
        "theta": -0.01535,
        "vega": 0.0186
      },
      "adjustedFlag": "false",
      "ask": 17.7,
      "askSize": 43,
      "bid": 16.7,
      "bidSize": 103,
      "displaySymbol": "BHF Aug 18 '23 $65 Put",
      "inTheMoney": "y",
      "lastPrice": 0.0,
      "netChange": 0.0,
      "openInterest": 0,
      "optionCategory": "STANDARD",
      "optionRootSymbol": "BHF",
      "optionType": "PUT",
      "osiKey": "BHF---230818P00065000",
      "quoteDetail": "https://api.etrade.com/v1/market/quote/BHF:2023:8:18:PUT:65.000000",
      "strikePrice": 65.0,
      "symbol": "BHF",
      "timeStamp": 1688403599,
      "volume": 0
    },
    {
      "OptionGreeks": {
        "currentValue": "true",
        "delta": -0.9662,
        "gamma": 0.01324,
        "iv": 0.63068,
        "rho": -0.0181,
        "theta": -0.01307,
        "vega": 0.01216
      },
      "adjustedFlag": "false",
      "ask": 22.6,
      "askSize": 15,
      "bid": 21.5,
      "bidSize": 100,
      "displaySymbol": "BHF Aug 18 '23 $70 Put",
      "inTheMoney": "y",
      "lastPrice": 0.0,
      "netChange": 0.0,
      "openInterest": 0,
      "optionCategory": "STANDARD",
      "optionRootSymbol": "BHF",
      "optionType": "PUT",
      "osiKey": "BHF---230818P00070000",
      "quoteDetail": "https://api.etrade.com/v1/market/quote/BHF:2023:8:18:PUT:70.000000",
      "strikePrice": 70.0,
      "symbol": "BHF",
      "timeStamp": 1688403480,
      "volume": 0
    },
    {
      "OptionGreeks": {
        "currentValue": "true",
        "delta": -0.9735,
        "gamma": 0.0105,
        "iv": 0.70943,
        "rho": -0.01518,
        "theta": -0.01228,
        "vega": 0.00969
      },
      "adjustedFlag": "false",
      "ask": 28.0,
      "askSize": 42,
      "bid": 26.6,
      "bidSize": 94,
      "displaySymbol": "BHF Aug 18 '23 $75 Put",
      "inTheMoney": "y",
      "lastPrice": 0.0,
      "netChange": 0.0,
      "openInterest": 0,
      "optionCategory": "STANDARD",
      "optionRootSymbol": "BHF",
      "optionType": "PUT",
      "osiKey": "BHF---230818P00075000",
      "quoteDetail": "https://api.etrade.com/v1/market/quote/BHF:2023:8:18:PUT:75.000000",
      "strikePrice": 75.0,
      "symbol": "BHF",
      "timeStamp": 1688403599,
      "volume": 0
    },
    {
      "OptionGreeks": {
        "currentValue": "true",
        "delta": -0.97836,
        "gamma": 0.00884,
        "iv": 0.78309,
        "rho": -0.01493,
        "theta": -0.01215,
        "vega": 0.00797
      },
      "adjustedFlag": "false",
      "ask": 33.0,
      "askSize": 42,
      "bid": 31.6,
      "bidSize": 94,
      "displaySymbol": "BHF Aug 18 '23 $80 Put",
      "inTheMoney": "y",
      "lastPrice": 0.0,
      "netChange": 0.0,
      "openInterest": 0,
      "optionCategory": "STANDARD",
      "optionRootSymbol": "BHF",
      "optionType": "PUT",
      "osiKey": "BHF---230818P00080000",
      "quoteDetail": "https://api.etrade.com/v1/market/quote/BHF:2023:8:18:PUT:80.000000",
      "strikePrice": 80.0,
      "symbol": "BHF",
      "timeStamp": 1688403599,
      "volume": 0
    },
    {
      "OptionGreeks": {
        "currentValue": "true",
        "delta": 1.0,
        "gamma": 0.00013,
        "iv": 0.66524,
        "rho": 0.02806,
        "theta": 0.0,
        "vega": 0.00025
      },
      "adjustedFlag": "false",
      "ask": 26.2,
      "askSize": 33,
      "bid": 24.9,
      "bidSize": 33,
      "displaySymbol": "BHF Aug 18 '23 $22.50 Call",
      "inTheMoney": "y",
      "lastPrice": 0.0,
      "netChange": 0.0,
      "openInterest": 0,
      "optionCategory": "STANDARD",
      "optionRootSymbol": "BHF",
      "optionType": "CALL",
      "osiKey": "BHF---230818C00022500",
      "quoteDetail": "https://api.etrade.com/v1/market/quote/BHF:2023:8:18:CALL:22.500000",
      "strikePrice": 22.5,
      "symbol": "BHF",
      "timeStamp": 1688403599,
      "volume": 0
    },
    {
      "OptionGreeks": {
        "currentValue": "true",
        "delta": 0.99899,
        "gamma": 0.00052,
        "iv": 0.66524,
        "rho": 0.03112,
        "theta": 0.0,
        "vega": 0.00102
      },
      "adjustedFlag": "false",
      "ask": 23.5,
      "askSize": 39,
      "bid": 22.6,
      "bidSize": 12,
      "displaySymbol": "BHF Aug 18 '23 $25 Call",
      "inTheMoney": "y",
      "lastPrice": 0.0,
      "netChange": 0.0,
      "openInterest": 0,
      "optionCategory": "STANDARD",
      "optionRootSymbol": "BHF",
      "optionType": "CALL",
      "osiKey": "BHF---230818C00025000",
      "quoteDetail": "https://api.etrade.com/v1/market/quote/BHF:2023:8:18:CALL:25.000000",
      "strikePrice": 25.0,
      "symbol": "BHF",
      "timeStamp": 1688403505,
      "volume": 0
    },
    {
      "OptionGreeks": {
        "currentValue": "true",
        "delta": 0.98342,
        "gamma": 0.00379,
        "iv": 0.66524,
        "rho": 0.0364,
        "theta": -0.00253,
        "vega": 0.00737
      },
      "adjustedFlag": "false",
      "ask": 18.5,
      "askSize": 38,
      "bid": 17.7,
      "bidSize": 17,
      "displaySymbol": "BHF Aug 18 '23 $30 Call",
      "inTheMoney": "y",
      "lastPrice": 18.2,
      "netChange": 6.43,
      "openInterest": 10,
      "optionCategory": "STANDARD",
      "optionRootSymbol": "BHF",
      "optionType": "CALL",
      "osiKey": "BHF---230818C00030000",
      "quoteDetail": "https://api.etrade.com/v1/market/quote/BHF:2023:8:18:CALL:30.000000",
      "strikePrice": 30.0,
      "symbol": "BHF",
      "timeStamp": 1688403571,
      "volume": 1
    },
    {
      "OptionGreeks": {
        "currentValue": "true",
        "delta": 0.93711,
        "gamma": 0.0116,
        "iv": 0.63175,
        "rho": 0.0396,
        "theta": -0.01244,
        "vega": 0.02133
      },
      "adjustedFlag": "false",
      "ask": 13.7,
      "askSize": 37,
      "bid": 12.6,
      "bidSize": 69,
      "displaySymbol": "BHF Aug 18 '23 $35 Call",
      "inTheMoney": "y",
      "lastPrice": 11.27,
      "netChange": 0.0,
      "openInterest": 4,
      "optionCategory": "STANDARD",
      "optionRootSymbol": "BHF",
      "optionType": "CALL",
      "osiKey": "BHF---230818C00035000",
      "quoteDetail": "https://api.etrade.com/v1/market/quote/BHF:2023:8:18:CALL:35.000000",
      "strikePrice": 35.0,
      "symbol": "BHF",
      "timeStamp": 1688403599,
      "volume": 0
    },
    {
      "OptionGreeks": {
        "currentValue": "true",
        "delta": 0.90679,
        "gamma": 0.02371,
        "iv": 0.41542,
        "rho": 0.04408,
        "theta": -0.01151,
        "vega": 0.02877
      },
      "adjustedFlag": "false",
      "ask": 8.9,
      "askSize": 37,
      "bid": 8.0,
      "bidSize": 12,
      "displaySymbol": "BHF Aug 18 '23 $40 Call",
      "inTheMoney": "y",
      "lastPrice": 4.4,
      "netChange": 0.0,
      "openInterest": 2,
      "optionCategory": "STANDARD",
      "optionRootSymbol": "BHF",
      "optionType": "CALL",
      "osiKey": "BHF---230818C00040000",
      "quoteDetail": "https://api.etrade.com/v1/market/quote/BHF:2023:8:18:CALL:40.000000",
      "strikePrice": 40.0,
      "symbol": "BHF",
      "timeStamp": 1688403597,
      "volume": 0
    },
    {
      "OptionGreeks": {
        "currentValue": "true",
        "delta": 0.72315,
        "gamma": 0.05571,
        "iv": 0.35349,
        "rho": 0.03832,
        "theta": -0.02125,
        "vega": 0.05706
      },
      "adjustedFlag": "false",
      "ask": 4.5,
      "askSize": 78,
      "bid": 4.0,
      "bidSize": 57,
      "displaySymbol": "BHF Aug 18 '23 $45 Call",
      "inTheMoney": "y",
      "lastPrice": 4.5,
      "netChange": 0.24,
      "openInterest": 192,
      "optionCategory": "STANDARD",
      "optionRootSymbol": "BHF",
      "optionType": "CALL",
      "osiKey": "BHF---230818C00045000",
      "quoteDetail": "https://api.etrade.com/v1/market/quote/BHF:2023:8:18:CALL:45.000000",
      "strikePrice": 45.0,
      "symbol": "BHF",
      "timeStamp": 1688403599,
      "volume": 1
    },
    {
      "OptionGreeks": {
        "currentValue": "true",
        "delta": 0.38624,
        "gamma": 0.07181,
        "iv": 0.31288,
        "rho": 0.02152,
        "theta": -0.0219,
        "vega": 0.06502
      },
      "adjustedFlag": "false",
      "ask": 1.45,
      "askSize": 4,
      "bid": 1.25,
      "bidSize": 23,
      "displaySymbol": "BHF Aug 18 '23 $50 Call",
      "inTheMoney": "n",
      "lastPrice": 1.47,
      "netChange": 0.15,
      "openInterest": 145,
      "optionCategory": "STANDARD",
      "optionRootSymbol": "BHF",
      "optionType": "CALL",
      "osiKey": "BHF---230818C00050000",
      "quoteDetail": "https://api.etrade.com/v1/market/quote/BHF:2023:8:18:CALL:50.000000",
      "strikePrice": 50.0,
      "symbol": "BHF",
      "timeStamp": 1688403598,
      "volume": 9
    },
    {
      "OptionGreeks": {
        "currentValue": "true",
        "delta": 0.13998,
        "gamma": 0.03967,
        "iv": 0.32896,
        "rho": 0.00787,
        "theta": -0.01331,
        "vega": 0.03817
      },
      "adjustedFlag": "false",
      "ask": 0.6,
      "askSize": 156,
      "bid": 0.15,
      "bidSize": 149,
      "displaySymbol": "BHF Aug 18 '23 $55 Call",
      "inTheMoney": "n",
      "lastPrice": 0.31,
      "netChange": 0.0,
      "openInterest": 210,
      "optionCategory": "STANDARD",
      "optionRootSymbol": "BHF",
      "optionType": "CALL",
      "osiKey": "BHF---230818C00055000",
      "quoteDetail": "https://api.etrade.com/v1/market/quote/BHF:2023:8:18:CALL:55.000000",
      "strikePrice": 55.0,
      "symbol": "BHF",
      "timeStamp": 1688403599,
      "volume": 0
    },
    {
      "OptionGreeks": {
        "currentValue": "true",
        "delta": 0.08247,
        "gamma": 0.02109,
        "iv": 0.42237,
        "rho": 0.00457,
        "theta": -0.0116,
        "vega": 0.0261
      },
      "adjustedFlag": "false",
      "ask": 0.45,
      "askSize": 126,
      "bid": 0.05,
      "bidSize": 2,
      "displaySymbol": "BHF Aug 18 '23 $60 Call",
      "inTheMoney": "n",
      "lastPrice": 0.05,
      "netChange": 0.0,
      "openInterest": 68,
      "optionCategory": "STANDARD",
      "optionRootSymbol": "BHF",
      "optionType": "CALL",
      "osiKey": "BHF---230818C00060000",
      "quoteDetail": "https://api.etrade.com/v1/market/quote/BHF:2023:8:18:CALL:60.000000",
      "strikePrice": 60.0,
      "symbol": "BHF",
      "timeStamp": 1688403599,
      "volume": 0
    },
    {
      "OptionGreeks": {
        "currentValue": "true",
        "delta": 0.08251,
        "gamma": 0.01577,
        "iv": 0.56453,
        "rho": 0.00447,
        "theta": -0.0155,
        "vega": 0.02595
      },
      "adjustedFlag": "false",
      "ask": 0.65,
      "askSize": 151,
      "bid": 0.0,
      "bidSize": 0,
      "displaySymbol": "BHF Aug 18 '23 $65 Call",
      "inTheMoney": "n",
      "lastPrice": 0.28,
      "netChange": 0.0,
      "openInterest": 52,
      "optionCategory": "STANDARD",
      "optionRootSymbol": "BHF",
      "optionType": "CALL",
      "osiKey": "BHF---230818C00065000",
      "quoteDetail": "https://api.etrade.com/v1/market/quote/BHF:2023:8:18:CALL:65.000000",
      "strikePrice": 65.0,
      "symbol": "BHF",
      "timeStamp": 1688403599,
      "volume": 0
    },
    {
      "OptionGreeks": {
        "currentValue": "true",
        "delta": 0.0606,
        "gamma": 0.01113,
        "iv": 0.63068,
        "rho": 0.00326,
        "theta": -0.0136,
        "vega": 0.02045
      },
      "adjustedFlag": "false",
      "ask": 0.45,
      "askSize": 125,
      "bid": 0.05,
      "bidSize": 5,
      "displaySymbol": "BHF Aug 18 '23 $70 Call",
      "inTheMoney": "n",
      "lastPrice": 0.1,
      "netChange": 0.0,
      "openInterest": 35,
      "optionCategory": "STANDARD",
      "optionRootSymbol": "BHF",
      "optionType": "CALL",
      "osiKey": "BHF---230818C00070000",
      "quoteDetail": "https://api.etrade.com/v1/market/quote/BHF:2023:8:18:CALL:70.000000",
      "strikePrice": 70.0,
      "symbol": "BHF",
      "timeStamp": 1688403599,
      "volume": 0
    },
    {
      "OptionGreeks": {
        "currentValue": "true",
        "delta": 0.05223,
        "gamma": 0.0088,
        "iv": 0.70943,
        "rho": 0.00278,
        "theta": -0.01357,
        "vega": 0.01817
      },
      "adjustedFlag": "false",
      "ask": 1.7,
      "askSize": 203,
      "bid": 0.0,
      "bidSize": 0,
      "displaySymbol": "BHF Aug 18 '23 $75 Call",
      "inTheMoney": "n",
      "lastPrice": 0.51,
      "netChange": 0.0,
      "openInterest": 17,
      "optionCategory": "STANDARD",
      "optionRootSymbol": "BHF",
      "optionType": "CALL",
      "osiKey": "BHF---230818C00075000",
      "quoteDetail": "https://api.etrade.com/v1/market/quote/BHF:2023:8:18:CALL:75.000000",
      "strikePrice": 75.0,
      "symbol": "BHF",
      "timeStamp": 1688403599,
      "volume": 0
    },
    {
      "OptionGreeks": {
        "currentValue": "true",
        "delta": 0.0468,
        "gamma": 0.0073,
        "iv": 0.78309,
        "rho": 0.00247,
        "theta": -0.01369,
        "vega": 0.01659
      },
      "adjustedFlag": "false",
      "ask": 0.45,
      "askSize": 122,
      "bid": 0.0,
      "bidSize": 0,
      "displaySymbol": "BHF Aug 18 '23 $80 Call",
      "inTheMoney": "n",
      "lastPrice": 0.6,
      "netChange": 0.0,
      "openInterest": 20,
      "optionCategory": "STANDARD",
      "optionRootSymbol": "BHF",
      "optionType": "CALL",
      "osiKey": "BHF---230818C00080000",
      "quoteDetail": "https://api.etrade.com/v1/market/quote/BHF:2023:8:18:CALL:80.000000",
      "strikePrice": 80.0,
      "symbol": "BHF",
      "timeStamp": 1688403599,
      "volume": 0
    }
  ],
  "2023-11-17": [
    {
      "OptionGreeks": {
        "currentValue": "true",
        "delta": -0.03288,
        "gamma": 0.00319,
        "iv": 0.78583,
        "rho": -0.00673,
        "theta": -0.00603,
        "vega": 0.0216
      },
      "adjustedFlag": "false",
      "ask": 0.7,
      "askSize": 41,
      "bid": 0.0,
      "bidSize": 0,
      "displaySymbol": "BHF Nov 17 '23 $22.50 Put",
      "inTheMoney": "n",
      "lastPrice": 0.0,
      "netChange": 0.0,
      "openInterest": 0,
      "optionCategory": "STANDARD",
      "optionRootSymbol": "BHF",
      "optionType": "PUT",
      "osiKey": "BHF---231117P00022500",
      "quoteDetail": "https://api.etrade.com/v1/market/quote/BHF:2023:11:17:PUT:22.500000",
      "strikePrice": 22.5,
      "symbol": "BHF",
      "timeStamp": 1688403599,
      "volume": 0
    },
    {
      "OptionGreeks": {
        "currentValue": "true",
        "delta": -0.03888,
        "gamma": 0.00409,
        "iv": 0.70224,
        "rho": -0.0078,
        "theta": -0.0062,
        "vega": 0.02484
      },
      "adjustedFlag": "false",
      "ask": 0.75,
      "askSize": 44,
      "bid": 0.0,
      "bidSize": 0,
      "displaySymbol": "BHF Nov 17 '23 $25 Put",
      "inTheMoney": "n",
      "lastPrice": 0.6,
      "netChange": 0.0,
      "openInterest": 7,
      "optionCategory": "STANDARD",
      "optionRootSymbol": "BHF",
      "optionType": "PUT",
      "osiKey": "BHF---231117P00025000",
      "quoteDetail": "https://api.etrade.com/v1/market/quote/BHF:2023:11:17:PUT:25.000000",
      "strikePrice": 25.0,
      "symbol": "BHF",
      "timeStamp": 1688403599,
      "volume": 0
    },
    {
      "OptionGreeks": {
        "currentValue": "true",
        "delta": -0.05501,
        "gamma": 0.0069,
        "iv": 0.55124,
        "rho": -0.01057,
        "theta": -0.00644,
        "vega": 0.03286
      },
      "adjustedFlag": "false",
      "ask": 4.8,
      "askSize": 69,
      "bid": 0.0,
      "bidSize": 0,
      "displaySymbol": "BHF Nov 17 '23 $30 Put",
      "inTheMoney": "n",
      "lastPrice": 1.0,
      "netChange": 0.0,
      "openInterest": 5,
      "optionCategory": "STANDARD",
      "optionRootSymbol": "BHF",
      "optionType": "PUT",
      "osiKey": "BHF---231117P00030000",
      "quoteDetail": "https://api.etrade.com/v1/market/quote/BHF:2023:11:17:PUT:30.000000",
      "strikePrice": 30.0,
      "symbol": "BHF",
      "timeStamp": 1688403599,
      "volume": 0
    },
    {
      "OptionGreeks": {
        "currentValue": "true",
        "delta": -0.0813,
        "gamma": 0.01218,
        "iv": 0.42357,
        "rho": -0.01496,
        "theta": -0.00672,
        "vega": 0.04453
      },
      "adjustedFlag": "false",
      "ask": 0.75,
      "askSize": 46,
      "bid": 0.25,
      "bidSize": 64,
      "displaySymbol": "BHF Nov 17 '23 $35 Put",
      "inTheMoney": "n",
      "lastPrice": 2.3,
      "netChange": 0.0,
      "openInterest": 28,
      "optionCategory": "STANDARD",
      "optionRootSymbol": "BHF",
      "optionType": "PUT",
      "osiKey": "BHF---231117P00035000",
      "quoteDetail": "https://api.etrade.com/v1/market/quote/BHF:2023:11:17:PUT:35.000000",
      "strikePrice": 35.0,
      "symbol": "BHF",
      "timeStamp": 1688403599,
      "volume": 0
    },
    {
      "OptionGreeks": {
        "currentValue": "true",
        "delta": -0.17803,
        "gamma": 0.02281,
        "iv": 0.39489,
        "rho": -0.03191,
        "theta": -0.01095,
        "vega": 0.07651
      },
      "adjustedFlag": "false",
      "ask": 1.5,
      "askSize": 43,
      "bid": 0.95,
      "bidSize": 62,
      "displaySymbol": "BHF Nov 17 '23 $40 Put",
      "inTheMoney": "n",
      "lastPrice": 2.05,
      "netChange": 0.0,
      "openInterest": 10,
      "optionCategory": "STANDARD",
      "optionRootSymbol": "BHF",
      "optionType": "PUT",
      "osiKey": "BHF---231117P00040000",
      "quoteDetail": "https://api.etrade.com/v1/market/quote/BHF:2023:11:17:PUT:40.000000",
      "strikePrice": 40.0,
      "symbol": "BHF",
      "timeStamp": 1688403599,
      "volume": 0
    },
    {
      "OptionGreeks": {
        "currentValue": "true",
        "delta": -0.32567,
        "gamma": 0.03585,
        "iv": 0.35374,
        "rho": -0.05468,
        "theta": -0.01374,
        "vega": 0.10507
      },
      "adjustedFlag": "false",
      "ask": 2.65,
      "askSize": 24,
      "bid": 2.2,
      "bidSize": 43,
      "displaySymbol": "BHF Nov 17 '23 $45 Put",
      "inTheMoney": "n",
      "lastPrice": 4.1,
      "netChange": 0.0,
      "openInterest": 8,
      "optionCategory": "STANDARD",
      "optionRootSymbol": "BHF",
      "optionType": "PUT",
      "osiKey": "BHF---231117P00045000",
      "quoteDetail": "https://api.etrade.com/v1/market/quote/BHF:2023:11:17:PUT:45.000000",
      "strikePrice": 45.0,
      "symbol": "BHF",
      "timeStamp": 1688403576,
      "volume": 0
    },
    {
      "OptionGreeks": {
        "currentValue": "true",
        "delta": -0.5311,
        "gamma": 0.04469,
        "iv": 0.32979,
        "rho": -0.07814,
        "theta": -0.01461,
        "vega": 0.115
      },
      "adjustedFlag": "false",
      "ask": 4.9,
      "askSize": 44,
      "bid": 4.3,
      "bidSize": 52,
      "displaySymbol": "BHF Nov 17 '23 $50 Put",
      "inTheMoney": "y",
      "lastPrice": 5.1,
      "netChange": 0.0,
      "openInterest": 10,
      "optionCategory": "STANDARD",
      "optionRootSymbol": "BHF",
      "optionType": "PUT",
      "osiKey": "BHF---231117P00050000",
      "quoteDetail": "https://api.etrade.com/v1/market/quote/BHF:2023:11:17:PUT:50.000000",
      "strikePrice": 50.0,
      "symbol": "BHF",
      "timeStamp": 1688403599,
      "volume": 0
    },
    {
      "OptionGreeks": {
        "currentValue": "true",
        "delta": -0.7462,
        "gamma": 0.044,
        "iv": 0.31573,
        "rho": -0.08134,
        "theta": -0.0126,
        "vega": 0.09098
      },
      "adjustedFlag": "false",
      "ask": 8.2,
      "askSize": 11,
      "bid": 7.5,
      "bidSize": 40,
      "displaySymbol": "BHF Nov 17 '23 $55 Put",
      "inTheMoney": "y",
      "lastPrice": 7.9,
      "netChange": -4.48,
      "openInterest": 11,
      "optionCategory": "STANDARD",
      "optionRootSymbol": "BHF",
      "optionType": "PUT",
      "osiKey": "BHF---231117P00055000",
      "quoteDetail": "https://api.etrade.com/v1/market/quote/BHF:2023:11:17:PUT:55.000000",
      "strikePrice": 55.0,
      "symbol": "BHF",
      "timeStamp": 1688403599,
      "volume": 4
    },
    {
      "OptionGreeks": {
        "currentValue": "true",
        "delta": -0.91904,
        "gamma": 0.03665,
        "iv": 0.31235,
        "rho": -0.04601,
        "theta": -0.00938,
        "vega": 0.04122
      },
      "adjustedFlag": "false",
      "ask": 13.0,
      "askSize": 37,
      "bid": 11.6,
      "bidSize": 95,
      "displaySymbol": "BHF Nov 17 '23 $60 Put",
      "inTheMoney": "y",
      "lastPrice": 0.0,
      "netChange": 0.0,
      "openInterest": 0,
      "optionCategory": "STANDARD",
      "optionRootSymbol": "BHF",
      "optionType": "PUT",
      "osiKey": "BHF---231117P00060000",
      "quoteDetail": "https://api.etrade.com/v1/market/quote/BHF:2023:11:17:PUT:60.000000",
      "strikePrice": 60.0,
      "symbol": "BHF",
      "timeStamp": 1688403542,
      "volume": 0
    },
    {
      "OptionGreeks": {
        "currentValue": "true",
        "delta": -0.99481,
        "gamma": 0.00595,
        "iv": 0.3277,
        "rho": -1e-05,
        "theta": -0.00749,
        "vega": 0.0
      },
      "adjustedFlag": "false",
      "ask": 18.7,
      "askSize": 46,
      "bid": 16.2,
      "bidSize": 100,
      "displaySymbol": "BHF Nov 17 '23 $65 Put",
      "inTheMoney": "y",
      "lastPrice": 0.0,
      "netChange": 0.0,
      "openInterest": 0,
      "optionCategory": "STANDARD",
      "optionRootSymbol": "BHF",
      "optionType": "PUT",
      "osiKey": "BHF---231117P00065000",
      "quoteDetail": "https://api.etrade.com/v1/market/quote/BHF:2023:11:17:PUT:65.000000",
      "strikePrice": 65.0,
      "symbol": "BHF",
      "timeStamp": 1688403519,
      "volume": 0
    },
    {
      "OptionGreeks": {
        "currentValue": "true",
        "delta": -0.88565,
        "gamma": 0.01993,
        "iv": 0.51468,
        "rho": -0.07785,
        "theta": -0.01322,
        "vega": 0.05379
      },
      "adjustedFlag": "false",
      "ask": 22.9,
      "askSize": 39,
      "bid": 21.3,
      "bidSize": 99,
      "displaySymbol": "BHF Nov 17 '23 $70 Put",
      "inTheMoney": "y",
      "lastPrice": 0.0,
      "netChange": 0.0,
      "openInterest": 0,
      "optionCategory": "STANDARD",
      "optionRootSymbol": "BHF",
      "optionType": "PUT",
      "osiKey": "BHF---231117P00070000",
      "quoteDetail": "https://api.etrade.com/v1/market/quote/BHF:2023:11:17:PUT:70.000000",
      "strikePrice": 70.0,
      "symbol": "BHF",
      "timeStamp": 1688403560,
      "volume": 0
    },
    {
      "OptionGreeks": {
        "currentValue": "true",
        "delta": 0.96857,
        "gamma": 0.00317,
        "iv": 0.78583,
        "rho": 0.07643,
        "theta": -0.0023,
        "vega": 0.02151
      },
      "adjustedFlag": "false",
      "ask": 26.7,
      "askSize": 1,
      "bid": 25.1,
      "bidSize": 94,
      "displaySymbol": "BHF Nov 17 '23 $22.50 Call",
      "inTheMoney": "y",
      "lastPrice": 0.0,
      "netChange": 0.0,
      "openInterest": 0,
      "optionCategory": "STANDARD",
      "optionRootSymbol": "BHF",
      "optionType": "CALL",
      "osiKey": "BHF---231117C00022500",
      "quoteDetail": "https://api.etrade.com/v1/market/quote/BHF:2023:11:17:CALL:22.500000",
      "strikePrice": 22.5,
      "symbol": "BHF",
      "timeStamp": 1688403571,
      "volume": 0
    },
    {
      "OptionGreeks": {
        "currentValue": "true",
        "delta": 0.96265,
        "gamma": 0.00405,
        "iv": 0.70224,
        "rho": 0.08441,
        "theta": -0.0028,
        "vega": 0.02472
      },
      "adjustedFlag": "false",
      "ask": 24.5,
      "askSize": 37,
      "bid": 23.0,
      "bidSize": 17,
      "displaySymbol": "BHF Nov 17 '23 $25 Call",
      "inTheMoney": "y",
      "lastPrice": 0.0,
      "netChange": 0.0,
      "openInterest": 0,
      "optionCategory": "STANDARD",
      "optionRootSymbol": "BHF",
      "optionType": "CALL",
      "osiKey": "BHF---231117C00025000",
      "quoteDetail": "https://api.etrade.com/v1/market/quote/BHF:2023:11:17:CALL:25.000000",
      "strikePrice": 25.0,
      "symbol": "BHF",
      "timeStamp": 1688402870,
      "volume": 0
    },
    {
      "OptionGreeks": {
        "currentValue": "true",
        "delta": 0.94677,
        "gamma": 0.00682,
        "iv": 0.55124,
        "rho": 0.09968,
        "theta": -0.00373,
        "vega": 0.03263
      },
      "adjustedFlag": "false",
      "ask": 19.5,
      "askSize": 39,
      "bid": 18.2,
      "bidSize": 15,
      "displaySymbol": "BHF Nov 17 '23 $30 Call",
      "inTheMoney": "y",
      "lastPrice": 0.0,
      "netChange": 0.0,
      "openInterest": 0,
      "optionCategory": "STANDARD",
      "optionRootSymbol": "BHF",
      "optionType": "CALL",
      "osiKey": "BHF---231117C00030000",
      "quoteDetail": "https://api.etrade.com/v1/market/quote/BHF:2023:11:17:CALL:30.000000",
      "strikePrice": 30.0,
      "symbol": "BHF",
      "timeStamp": 1688403572,
      "volume": 0
    },
    {
      "OptionGreeks": {
        "currentValue": "true",
        "delta": 0.9211,
        "gamma": 0.01196,
        "iv": 0.42357,
        "rho": 0.11309,
        "theta": -0.00467,
        "vega": 0.04409
      },
      "adjustedFlag": "false",
      "ask": 14.7,
      "askSize": 24,
      "bid": 13.5,
      "bidSize": 23,
      "displaySymbol": "BHF Nov 17 '23 $35 Call",
      "inTheMoney": "y",
      "lastPrice": 0.0,
      "netChange": 0.0,
      "openInterest": 0,
      "optionCategory": "STANDARD",
      "optionRootSymbol": "BHF",
      "optionType": "CALL",
      "osiKey": "BHF---231117C00035000",
      "quoteDetail": "https://api.etrade.com/v1/market/quote/BHF:2023:11:17:CALL:35.000000",
      "strikePrice": 35.0,
      "symbol": "BHF",
      "timeStamp": 1688403597,
      "volume": 0
    },
    {
      "OptionGreeks": {
        "currentValue": "true",
        "delta": 0.8267,
        "gamma": 0.02219,
        "iv": 0.39489,
        "rho": 0.11175,
        "theta": -0.00943,
        "vega": 0.07575
      },
      "adjustedFlag": "false",
      "ask": 10.4,
      "askSize": 41,
      "bid": 9.3,
      "bidSize": 51,
      "displaySymbol": "BHF Nov 17 '23 $40 Call",
      "inTheMoney": "y",
      "lastPrice": 9.88,
      "netChange": 0.0,
      "openInterest": 3,
      "optionCategory": "STANDARD",
      "optionRootSymbol": "BHF",
      "optionType": "CALL",
      "osiKey": "BHF---231117C00040000",
      "quoteDetail": "https://api.etrade.com/v1/market/quote/BHF:2023:11:17:CALL:40.000000",
      "strikePrice": 40.0,
      "symbol": "BHF",
      "timeStamp": 1688403599,
      "volume": 0
    },
    {
      "OptionGreeks": {
        "currentValue": "true",
        "delta": 0.685,
        "gamma": 0.03426,
        "iv": 0.35374,
        "rho": 0.10016,
        "theta": -0.01261,
        "vega": 0.10437
      },
      "adjustedFlag": "false",
      "ask": 6.5,
      "askSize": 38,
      "bid": 5.8,
      "bidSize": 43,
      "displaySymbol": "BHF Nov 17 '23 $45 Call",
      "inTheMoney": "y",
      "lastPrice": 6.0,
      "netChange": 0.0,
      "openInterest": 22,
      "optionCategory": "STANDARD",
      "optionRootSymbol": "BHF",
      "optionType": "CALL",
      "osiKey": "BHF---231117C00045000",
      "quoteDetail": "https://api.etrade.com/v1/market/quote/BHF:2023:11:17:CALL:45.000000",
      "strikePrice": 45.0,
      "symbol": "BHF",
      "timeStamp": 1688403599,
      "volume": 0
    },
    {
      "OptionGreeks": {
        "currentValue": "true",
        "delta": 0.49303,
        "gamma": 0.0412,
        "iv": 0.32979,
        "rho": 0.0759,
        "theta": -0.01362,
        "vega": 0.1169
      },
      "adjustedFlag": "false",
      "ask": 3.5,
      "askSize": 7,
      "bid": 3.2,
      "bidSize": 4,
      "displaySymbol": "BHF Nov 17 '23 $50 Call",
      "inTheMoney": "n",
      "lastPrice": 2.2,
      "netChange": 0.0,
      "openInterest": 157,
      "optionCategory": "STANDARD",
      "optionRootSymbol": "BHF",
      "optionType": "CALL",
      "osiKey": "BHF---231117C00050000",
      "quoteDetail": "https://api.etrade.com/v1/market/quote/BHF:2023:11:17:CALL:50.000000",
      "strikePrice": 50.0,
      "symbol": "BHF",
      "timeStamp": 1688403599,
      "volume": 0
    },
    {
      "OptionGreeks": {
        "currentValue": "true",
        "delta": 0.30257,
        "gamma": 0.03761,
        "iv": 0.31573,
        "rho": 0.04802,
        "theta": -0.01153,
        "vega": 0.10253
      },
      "adjustedFlag": "false",
      "ask": 1.8,
      "askSize": 40,
      "bid": 1.45,
      "bidSize": 40,
      "displaySymbol": "BHF Nov 17 '23 $55 Call",
      "inTheMoney": "n",
      "lastPrice": 1.23,
      "netChange": 0.0,
      "openInterest": 32,
      "optionCategory": "STANDARD",
      "optionRootSymbol": "BHF",
      "optionType": "CALL",
      "osiKey": "BHF---231117C00055000",
      "quoteDetail": "https://api.etrade.com/v1/market/quote/BHF:2023:11:17:CALL:55.000000",
      "strikePrice": 55.0,
      "symbol": "BHF",
      "timeStamp": 1688403599,
      "volume": 0
    },
    {
      "OptionGreeks": {
        "currentValue": "true",
        "delta": 0.16427,
        "gamma": 0.02693,
        "iv": 0.31235,
        "rho": 0.02649,
        "theta": -0.00809,
        "vega": 0.07325
      },
      "adjustedFlag": "false",
      "ask": 1.05,
      "askSize": 83,
      "bid": 0.4,
      "bidSize": 202,
      "displaySymbol": "BHF Nov 17 '23 $60 Call",
      "inTheMoney": "n",
      "lastPrice": 0.6,
      "netChange": 0.0,
      "openInterest": 7,
      "optionCategory": "STANDARD",
      "optionRootSymbol": "BHF",
      "optionType": "CALL",
      "osiKey": "BHF---231117C00060000",
      "quoteDetail": "https://api.etrade.com/v1/market/quote/BHF:2023:11:17:CALL:60.000000",
      "strikePrice": 60.0,
      "symbol": "BHF",
      "timeStamp": 1688403599,
      "volume": 0
    },
    {
      "OptionGreeks": {
        "currentValue": "true",
        "delta": 0.09401,
        "gamma": 0.01737,
        "iv": 0.3277,
        "rho": 0.0152,
        "theta": -0.00572,
        "vega": 0.05
      },
      "adjustedFlag": "false",
      "ask": 0.7,
      "askSize": 59,
      "bid": 0.05,
      "bidSize": 62,
      "displaySymbol": "BHF Nov 17 '23 $65 Call",
      "inTheMoney": "n",
      "lastPrice": 1.47,
      "netChange": 0.0,
      "openInterest": 7,
      "optionCategory": "STANDARD",
      "optionRootSymbol": "BHF",
      "optionType": "CALL",
      "osiKey": "BHF---231117C00065000",
      "quoteDetail": "https://api.etrade.com/v1/market/quote/BHF:2023:11:17:CALL:65.000000",
      "strikePrice": 65.0,
      "symbol": "BHF",
      "timeStamp": 1688403586,
      "volume": 0
    },
    {
      "OptionGreeks": {
        "currentValue": "true",
        "delta": 0.16463,
        "gamma": 0.01634,
        "iv": 0.51468,
        "rho": 0.02496,
        "theta": -0.01334,
        "vega": 0.07282
      },
      "adjustedFlag": "false",
      "ask": 2.2,
      "askSize": 57,
      "bid": 0.05,
      "bidSize": 5,
      "displaySymbol": "BHF Nov 17 '23 $70 Call",
      "inTheMoney": "n",
      "lastPrice": 0.0,
      "netChange": 0.0,
      "openInterest": 0,
      "optionCategory": "STANDARD",
      "optionRootSymbol": "BHF",
      "optionType": "CALL",
      "osiKey": "BHF---231117C00070000",
      "quoteDetail": "https://api.etrade.com/v1/market/quote/BHF:2023:11:17:CALL:70.000000",
      "strikePrice": 70.0,
      "symbol": "BHF",
      "timeStamp": 1688403573,
      "volume": 0
    }
  ],
  "2023-12-15": [
    {
      "OptionGreeks": {
        "currentValue": "true",
        "delta": -0.00588,
        "gamma": 0.00105,
        "iv": 0.49224,
        "rho": -0.00133,
        "theta": -0.00077,
        "vega": 0.00554
      },
      "adjustedFlag": "false",
      "ask": 4.8,
      "askSize": 58,
      "bid": 0.0,
      "bidSize": 0,
      "displaySymbol": "BHF Dec 15 '23 $22.50 Put",
      "inTheMoney": "n",
      "lastPrice": 0.5,
      "netChange": 0.0,
      "openInterest": 2,
      "optionCategory": "STANDARD",
      "optionRootSymbol": "BHF",
      "optionType": "PUT",
      "osiKey": "BHF---231215P00022500",
      "quoteDetail": "https://api.etrade.com/v1/market/quote/BHF:2023:12:15:PUT:22.500000",
      "strikePrice": 22.5,
      "symbol": "BHF",
      "timeStamp": 1688403599,
      "volume": 0
    },
    {
      "OptionGreeks": {
        "currentValue": "true",
        "delta": -0.01445,
        "gamma": 0.00232,
        "iv": 0.49224,
        "rho": -0.00328,
        "theta": -0.0017,
        "vega": 0.01201
      },
      "adjustedFlag": "false",
      "ask": 3.8,
      "askSize": 130,
      "bid": 0.0,
      "bidSize": 0,
      "displaySymbol": "BHF Dec 15 '23 $25 Put",
      "inTheMoney": "n",
      "lastPrice": 0.6,
      "netChange": 0.0,
      "openInterest": 71,
      "optionCategory": "STANDARD",
      "optionRootSymbol": "BHF",
      "optionType": "PUT",
      "osiKey": "BHF---231215P00025000",
      "quoteDetail": "https://api.etrade.com/v1/market/quote/BHF:2023:12:15:PUT:25.000000",
      "strikePrice": 25.0,
      "symbol": "BHF",
      "timeStamp": 1688403599,
      "volume": 0
    },
    {
      "OptionGreeks": {
        "currentValue": "true",
        "delta": -0.05128,
        "gamma": 0.00667,
        "iv": 0.49224,
        "rho": -0.01176,
        "theta": -0.00494,
        "vega": 0.03416
      },
      "adjustedFlag": "false",
      "ask": 0.75,
      "askSize": 55,
      "bid": 0.0,
      "bidSize": 0,
      "displaySymbol": "BHF Dec 15 '23 $30 Put",
      "inTheMoney": "n",
      "lastPrice": 0.78,
      "netChange": 0.0,
      "openInterest": 19,
      "optionCategory": "STANDARD",
      "optionRootSymbol": "BHF",
      "optionType": "PUT",
      "osiKey": "BHF---231215P00030000",
      "quoteDetail": "https://api.etrade.com/v1/market/quote/BHF:2023:12:15:PUT:30.000000",
      "strikePrice": 30.0,
      "symbol": "BHF",
      "timeStamp": 1688403599,
      "volume": 0
    },
    {
      "OptionGreeks": {
        "currentValue": "true",
        "delta": -0.09369,
        "gamma": 0.0125,
        "iv": 0.419,
        "rho": -0.02089,
        "theta": -0.00674,
        "vega": 0.05419
      },
      "adjustedFlag": "false",
      "ask": 0.9,
      "askSize": 45,
      "bid": 0.4,
      "bidSize": 57,
      "displaySymbol": "BHF Dec 15 '23 $35 Put",
      "inTheMoney": "n",
      "lastPrice": 1.57,
      "netChange": 0.0,
      "openInterest": 22,
      "optionCategory": "STANDARD",
      "optionRootSymbol": "BHF",
      "optionType": "PUT",
      "osiKey": "BHF---231215P00035000",
      "quoteDetail": "https://api.etrade.com/v1/market/quote/BHF:2023:12:15:PUT:35.000000",
      "strikePrice": 35.0,
      "symbol": "BHF",
      "timeStamp": 1688403587,
      "volume": 0
    },
    {
      "OptionGreeks": {
        "currentValue": "true",
        "delta": -0.18845,
        "gamma": 0.02194,
        "iv": 0.38873,
        "rho": -0.04076,
        "theta": -0.01017,
        "vega": 0.08685
      },
      "adjustedFlag": "false",
      "ask": 1.7,
      "askSize": 28,
      "bid": 1.15,
      "bidSize": 47,
      "displaySymbol": "BHF Dec 15 '23 $40 Put",
      "inTheMoney": "n",
      "lastPrice": 1.5,
      "netChange": 0.0,
      "openInterest": 28,
      "optionCategory": "STANDARD",
      "optionRootSymbol": "BHF",
      "optionType": "PUT",
      "osiKey": "BHF---231215P00040000",
      "quoteDetail": "https://api.etrade.com/v1/market/quote/BHF:2023:12:15:PUT:40.000000",
      "strikePrice": 40.0,
      "symbol": "BHF",
      "timeStamp": 1688403576,
      "volume": 0
    },
    {
      "OptionGreeks": {
        "currentValue": "true",
        "delta": -0.33173,
        "gamma": 0.03197,
        "iv": 0.36557,
        "rho": -0.06784,
        "theta": -0.01301,
        "vega": 0.11604
      },
      "adjustedFlag": "false",
      "ask": 3.2,
      "askSize": 59,
      "bid": 2.55,
      "bidSize": 37,
      "displaySymbol": "BHF Dec 15 '23 $45 Put",
      "inTheMoney": "n",
      "lastPrice": 4.0,
      "netChange": 0.0,
      "openInterest": 11,
      "optionCategory": "STANDARD",
      "optionRootSymbol": "BHF",
      "optionType": "PUT",
      "osiKey": "BHF---231215P00045000",
      "quoteDetail": "https://api.etrade.com/v1/market/quote/BHF:2023:12:15:PUT:45.000000",
      "strikePrice": 45.0,
      "symbol": "BHF",
      "timeStamp": 1688403599,
      "volume": 0
    },
    {
      "OptionGreeks": {
        "currentValue": "true",
        "delta": -0.51489,
        "gamma": 0.03991,
        "iv": 0.33796,
        "rho": -0.09304,
        "theta": -0.01361,
        "vega": 0.12631
      },
      "adjustedFlag": "false",
      "ask": 5.4,
      "askSize": 39,
      "bid": 4.6,
      "bidSize": 40,
      "displaySymbol": "BHF Dec 15 '23 $50 Put",
      "inTheMoney": "y",
      "lastPrice": 10.19,
      "netChange": 0.0,
      "openInterest": 8,
      "optionCategory": "STANDARD",
      "optionRootSymbol": "BHF",
      "optionType": "PUT",
      "osiKey": "BHF---231215P00050000",
      "quoteDetail": "https://api.etrade.com/v1/market/quote/BHF:2023:12:15:PUT:50.000000",
      "strikePrice": 50.0,
      "symbol": "BHF",
      "timeStamp": 1688403599,
      "volume": 0
    },
    {
      "OptionGreeks": {
        "currentValue": "true",
        "delta": -0.71183,
        "gamma": 0.04101,
        "iv": 0.32203,
        "rho": -0.09955,
        "theta": -0.01215,
        "vega": 0.10624
      },
      "adjustedFlag": "false",
      "ask": 8.6,
      "askSize": 40,
      "bid": 7.9,
      "bidSize": 14,
      "displaySymbol": "BHF Dec 15 '23 $55 Put",
      "inTheMoney": "y",
      "lastPrice": 8.16,
      "netChange": -5.47,
      "openInterest": 8,
      "optionCategory": "STANDARD",
      "optionRootSymbol": "BHF",
      "optionType": "PUT",
      "osiKey": "BHF---231215P00055000",
      "quoteDetail": "https://api.etrade.com/v1/market/quote/BHF:2023:12:15:PUT:55.000000",
      "strikePrice": 55.0,
      "symbol": "BHF",
      "timeStamp": 1688403599,
      "volume": 1
    },
    {
      "OptionGreeks": {
        "currentValue": "true",
        "delta": -0.90237,
        "gamma": 0.03769,
        "iv": 0.30303,
        "rho": -0.05889,
        "theta": -0.00904,
        "vega": 0.0507
      },
      "adjustedFlag": "false",
      "ask": 12.7,
      "askSize": 17,
      "bid": 11.5,
      "bidSize": 91,
      "displaySymbol": "BHF Dec 15 '23 $60 Put",
      "inTheMoney": "y",
      "lastPrice": 0.0,
      "netChange": 0.0,
      "openInterest": 0,
      "optionCategory": "STANDARD",
      "optionRootSymbol": "BHF",
      "optionType": "PUT",
      "osiKey": "BHF---231215P00060000",
      "quoteDetail": "https://api.etrade.com/v1/market/quote/BHF:2023:12:15:PUT:60.000000",
      "strikePrice": 60.0,
      "symbol": "BHF",
      "timeStamp": 1688403598,
      "volume": 0
    },
    {
      "OptionGreeks": {
        "currentValue": "true",
        "delta": -0.99223,
        "gamma": 0.00846,
        "iv": 0.31372,
        "rho": -1e-05,
        "theta": -0.00725,
        "vega": 0.0
      },
      "adjustedFlag": "false",
      "ask": 18.1,
      "askSize": 43,
      "bid": 16.6,
      "bidSize": 20,
      "displaySymbol": "BHF Dec 15 '23 $65 Put",
      "inTheMoney": "y",
      "lastPrice": 0.0,
      "netChange": 0.0,
      "openInterest": 0,
      "optionCategory": "STANDARD",
      "optionRootSymbol": "BHF",
      "optionType": "PUT",
      "osiKey": "BHF---231215P00065000",
      "quoteDetail": "https://api.etrade.com/v1/market/quote/BHF:2023:12:15:PUT:65.000000",
      "strikePrice": 65.0,
      "symbol": "BHF",
      "timeStamp": 1688403579,
      "volume": 0
    },
    {
      "OptionGreeks": {
        "currentValue": "true",
        "delta": -0.99137,
        "gamma": 0.00785,
        "iv": 0.37419,
        "rho": -1e-05,
        "theta": -0.00725,
        "vega": 0.0
      },
      "adjustedFlag": "false",
      "ask": 22.8,
      "askSize": 18,
      "bid": 21.4,
      "bidSize": 86,
      "displaySymbol": "BHF Dec 15 '23 $70 Put",
      "inTheMoney": "y",
      "lastPrice": 0.0,
      "netChange": 0.0,
      "openInterest": 0,
      "optionCategory": "STANDARD",
      "optionRootSymbol": "BHF",
      "optionType": "PUT",
      "osiKey": "BHF---231215P00070000",
      "quoteDetail": "https://api.etrade.com/v1/market/quote/BHF:2023:12:15:PUT:70.000000",
      "strikePrice": 70.0,
      "symbol": "BHF",
      "timeStamp": 1688403581,
      "volume": 0
    },
    {
      "OptionGreeks": {
        "currentValue": "true",
        "delta": 0.99472,
        "gamma": 0.00104,
        "iv": 0.49224,
        "rho": 0.09723,
        "theta": 0.0,
        "vega": 0.0055
      },
      "adjustedFlag": "false",
      "ask": 26.9,
      "askSize": 1,
      "bid": 25.2,
      "bidSize": 70,
      "displaySymbol": "BHF Dec 15 '23 $22.50 Call",
      "inTheMoney": "y",
      "lastPrice": 23.0,
      "netChange": 0.0,
      "openInterest": 2,
      "optionCategory": "STANDARD",
      "optionRootSymbol": "BHF",
      "optionType": "CALL",
      "osiKey": "BHF---231215C00022500",
      "quoteDetail": "https://api.etrade.com/v1/market/quote/BHF:2023:12:15:CALL:22.500000",
      "strikePrice": 22.5,
      "symbol": "BHF",
      "timeStamp": 1688403599,
      "volume": 0
    },
    {
      "OptionGreeks": {
        "currentValue": "true",
        "delta": 0.98623,
        "gamma": 0.00229,
        "iv": 0.49224,
        "rho": 0.10627,
        "theta": 0.0,
        "vega": 0.01192
      },
      "adjustedFlag": "false",
      "ask": 24.1,
      "askSize": 20,
      "bid": 22.9,
      "bidSize": 13,
      "displaySymbol": "BHF Dec 15 '23 $25 Call",
      "inTheMoney": "y",
      "lastPrice": 17.45,
      "netChange": 0.0,
      "openInterest": 3,
      "optionCategory": "STANDARD",
      "optionRootSymbol": "BHF",
      "optionType": "CALL",
      "osiKey": "BHF---231215C00025000",
      "quoteDetail": "https://api.etrade.com/v1/market/quote/BHF:2023:12:15:CALL:25.000000",
      "strikePrice": 25.0,
      "symbol": "BHF",
      "timeStamp": 1688403597,
      "volume": 0
    },
    {
      "OptionGreeks": {
        "currentValue": "true",
        "delta": 0.94989,
        "gamma": 0.00657,
        "iv": 0.49224,
        "rho": 0.11936,
        "theta": -0.00223,
        "vega": 0.03385
      },
      "adjustedFlag": "false",
      "ask": 19.7,
      "askSize": 18,
      "bid": 18.4,
      "bidSize": 17,
      "displaySymbol": "BHF Dec 15 '23 $30 Call",
      "inTheMoney": "y",
      "lastPrice": 15.8,
      "netChange": 0.0,
      "openInterest": 8,
      "optionCategory": "STANDARD",
      "optionRootSymbol": "BHF",
      "optionType": "CALL",
      "osiKey": "BHF---231215C00030000",
      "quoteDetail": "https://api.etrade.com/v1/market/quote/BHF:2023:12:15:CALL:30.000000",
      "strikePrice": 30.0,
      "symbol": "BHF",
      "timeStamp": 1688403581,
      "volume": 0
    },
    {
      "OptionGreeks": {
        "currentValue": "true",
        "delta": 0.90843,
        "gamma": 0.01223,
        "iv": 0.419,
        "rho": 0.13138,
        "theta": -0.00465,
        "vega": 0.05363
      },
      "adjustedFlag": "false",
      "ask": 15.1,
      "askSize": 20,
      "bid": 13.8,
      "bidSize": 39,
      "displaySymbol": "BHF Dec 15 '23 $35 Call",
      "inTheMoney": "y",
      "lastPrice": 11.69,
      "netChange": 0.0,
      "openInterest": 8,
      "optionCategory": "STANDARD",
      "optionRootSymbol": "BHF",
      "optionType": "CALL",
      "osiKey": "BHF---231215C00035000",
      "quoteDetail": "https://api.etrade.com/v1/market/quote/BHF:2023:12:15:CALL:35.000000",
      "strikePrice": 35.0,
      "symbol": "BHF",
      "timeStamp": 1688403573,
      "volume": 0
    },
    {
      "OptionGreeks": {
        "currentValue": "true",
        "delta": 0.81641,
        "gamma": 0.02125,
        "iv": 0.38873,
        "rho": 0.13021,
        "theta": -0.00861,
        "vega": 0.0859
      },
      "adjustedFlag": "false",
      "ask": 10.9,
      "askSize": 40,
      "bid": 9.8,
      "bidSize": 48,
      "displaySymbol": "BHF Dec 15 '23 $40 Call",
      "inTheMoney": "y",
      "lastPrice": 0.0,
      "netChange": 0.0,
      "openInterest": 0,
      "optionCategory": "STANDARD",
      "optionRootSymbol": "BHF",
      "optionType": "CALL",
      "osiKey": "BHF---231215C00040000",
      "quoteDetail": "https://api.etrade.com/v1/market/quote/BHF:2023:12:15:CALL:40.000000",
      "strikePrice": 40.0,
      "symbol": "BHF",
      "timeStamp": 1688403599,
      "volume": 0
    },
    {
      "OptionGreeks": {
        "currentValue": "true",
        "delta": 0.67934,
        "gamma": 0.0304,
        "iv": 0.36557,
        "rho": 0.1163,
        "theta": -0.01182,
        "vega": 0.11524
      },
      "adjustedFlag": "false",
      "ask": 7.1,
      "askSize": 42,
      "bid": 6.3,
      "bidSize": 47,
      "displaySymbol": "BHF Dec 15 '23 $45 Call",
      "inTheMoney": "y",
      "lastPrice": 4.99,
      "netChange": 0.0,
      "openInterest": 21,
      "optionCategory": "STANDARD",
      "optionRootSymbol": "BHF",
      "optionType": "CALL",
      "osiKey": "BHF---231215C00045000",
      "quoteDetail": "https://api.etrade.com/v1/market/quote/BHF:2023:12:15:CALL:45.000000",
      "strikePrice": 45.0,
      "symbol": "BHF",
      "timeStamp": 1688403599,
      "volume": 0
    },
    {
      "OptionGreeks": {
        "currentValue": "true",
        "delta": 0.50938,
        "gamma": 0.03661,
        "iv": 0.33796,
        "rho": 0.09218,
        "theta": -0.0126,
        "vega": 0.12817
      },
      "adjustedFlag": "false",
      "ask": 4.1,
      "askSize": 25,
      "bid": 3.7,
      "bidSize": 13,
      "displaySymbol": "BHF Dec 15 '23 $50 Call",
      "inTheMoney": "n",
      "lastPrice": 3.5,
      "netChange": 0.0,
      "openInterest": 66,
      "optionCategory": "STANDARD",
      "optionRootSymbol": "BHF",
      "optionType": "CALL",
      "osiKey": "BHF---231215C00050000",
      "quoteDetail": "https://api.etrade.com/v1/market/quote/BHF:2023:12:15:CALL:50.000000",
      "strikePrice": 50.0,
      "symbol": "BHF",
      "timeStamp": 1688403599,
      "volume": 0
    },
    {
      "OptionGreeks": {
        "currentValue": "true",
        "delta": 0.33583,
        "gamma": 0.0351,
        "iv": 0.32203,
        "rho": 0.06293,
        "theta": -0.01114,
        "vega": 0.11742
      },
      "adjustedFlag": "false",
      "ask": 2.3,
      "askSize": 41,
      "bid": 1.8,
      "bidSize": 16,
      "displaySymbol": "BHF Dec 15 '23 $55 Call",
      "inTheMoney": "n",
      "lastPrice": 1.45,
      "netChange": 0.0,
      "openInterest": 40,
      "optionCategory": "STANDARD",
      "optionRootSymbol": "BHF",
      "optionType": "CALL",
      "osiKey": "BHF---231215C00055000",
      "quoteDetail": "https://api.etrade.com/v1/market/quote/BHF:2023:12:15:CALL:55.000000",
      "strikePrice": 55.0,
      "symbol": "BHF",
      "timeStamp": 1688403599,
      "volume": 0
    },
    {
      "OptionGreeks": {
        "currentValue": "true",
        "delta": 0.18713,
        "gamma": 0.02747,
        "iv": 0.30303,
        "rho": 0.03597,
        "theta": -0.00775,
        "vega": 0.08714
      },
      "adjustedFlag": "false",
      "ask": 1.0,
      "askSize": 2,
      "bid": 0.8,
      "bidSize": 12,
      "displaySymbol": "BHF Dec 15 '23 $60 Call",
      "inTheMoney": "n",
      "lastPrice": 0.94,
      "netChange": 0.19,
      "openInterest": 26,
      "optionCategory": "STANDARD",
      "optionRootSymbol": "BHF",
      "optionType": "CALL",
      "osiKey": "BHF---231215C00060000",
      "quoteDetail": "https://api.etrade.com/v1/market/quote/BHF:2023:12:15:CALL:60.000000",
      "strikePrice": 60.0,
      "symbol": "BHF",
      "timeStamp": 1688403597,
      "volume": 2
    },
    {
      "OptionGreeks": {
        "currentValue": "true",
        "delta": 0.11003,
        "gamma": 0.01854,
        "iv": 0.31372,
        "rho": 0.02125,
        "theta": -0.0056,
        "vega": 0.06139
      },
      "adjustedFlag": "false",
      "ask": 0.75,
      "askSize": 44,
      "bid": 0.2,
      "bidSize": 49,
      "displaySymbol": "BHF Dec 15 '23 $65 Call",
      "inTheMoney": "n",
      "lastPrice": 0.47,
      "netChange": 0.0,
      "openInterest": 7,
      "optionCategory": "STANDARD",
      "optionRootSymbol": "BHF",
      "optionType": "CALL",
      "osiKey": "BHF---231215C00065000",
      "quoteDetail": "https://api.etrade.com/v1/market/quote/BHF:2023:12:15:CALL:65.000000",
      "strikePrice": 65.0,
      "symbol": "BHF",
      "timeStamp": 1688403599,
      "volume": 0
    },
    {
      "OptionGreeks": {
        "currentValue": "true",
        "delta": 0.09971,
        "gamma": 0.01446,
        "iv": 0.37419,
        "rho": 0.01894,
        "theta": -0.00621,
        "vega": 0.05704
      },
      "adjustedFlag": "false",
      "ask": 1.0,
      "askSize": 48,
      "bid": 0.0,
      "bidSize": 0,
      "displaySymbol": "BHF Dec 15 '23 $70 Call",
      "inTheMoney": "n",
      "lastPrice": 0.7,
      "netChange": 0.0,
      "openInterest": 8,
      "optionCategory": "STANDARD",
      "optionRootSymbol": "BHF",
      "optionType": "CALL",
      "osiKey": "BHF---231215C00070000",
      "quoteDetail": "https://api.etrade.com/v1/market/quote/BHF:2023:12:15:CALL:70.000000",
      "strikePrice": 70.0,
      "symbol": "BHF",
      "timeStamp": 1688403599,
      "volume": 0
    }
  ],
  "2024-02-16": [
    {
      "OptionGreeks": {
        "currentValue": "true",
        "delta": -0.02794,
        "gamma": 0.00288,
        "iv": 0.58979,
        "rho": -0.00932,
        "theta": -0.00305,
        "vega": 0.02446
      },
      "adjustedFlag": "false",
      "ask": 4.8,
      "askSize": 64,
      "bid": 0.0,
      "bidSize": 0,
      "displaySymbol": "BHF Feb 16 '24 $22.50 Put",
      "inTheMoney": "n",
      "lastPrice": 0.0,
      "netChange": 0.0,
      "openInterest": 0,
      "optionCategory": "STANDARD",
      "optionRootSymbol": "BHF",
      "optionType": "PUT",
      "osiKey": "BHF---240216P00022500",
      "quoteDetail": "https://api.etrade.com/v1/market/quote/BHF:2024:2:16:PUT:22.500000",
      "strikePrice": 22.5,
      "symbol": "BHF",
      "timeStamp": 1688403599,
      "volume": 0
    },
    {
      "OptionGreeks": {
        "currentValue": "true",
        "delta": -0.04564,
        "gamma": 0.00431,
        "iv": 0.58979,
        "rho": -0.01536,
        "theta": -0.00459,
        "vega": 0.03656
      },
      "adjustedFlag": "false",
      "ask": 1.0,
      "askSize": 45,
      "bid": 0.0,
      "bidSize": 0,
      "displaySymbol": "BHF Feb 16 '24 $25 Put",
      "inTheMoney": "n",
      "lastPrice": 0.0,
      "netChange": 0.0,
      "openInterest": 0,
      "optionCategory": "STANDARD",
      "optionRootSymbol": "BHF",
      "optionType": "PUT",
      "osiKey": "BHF---240216P00025000",
      "quoteDetail": "https://api.etrade.com/v1/market/quote/BHF:2024:2:16:PUT:25.000000",
      "strikePrice": 25.0,
      "symbol": "BHF",
      "timeStamp": 1688403505,
      "volume": 0
    },
    {
      "OptionGreeks": {
        "currentValue": "true",
        "delta": -0.06161,
        "gamma": 0.00703,
        "iv": 0.46035,
        "rho": -0.01966,
        "theta": -0.00455,
        "vega": 0.04638
      },
      "adjustedFlag": "false",
      "ask": 0.8,
      "askSize": 41,
      "bid": 0.25,
      "bidSize": 56,
      "displaySymbol": "BHF Feb 16 '24 $30 Put",
      "inTheMoney": "n",
      "lastPrice": 0.0,
      "netChange": 0.0,
      "openInterest": 0,
      "optionCategory": "STANDARD",
      "optionRootSymbol": "BHF",
      "optionType": "PUT",
      "osiKey": "BHF---240216P00030000",
      "quoteDetail": "https://api.etrade.com/v1/market/quote/BHF:2024:2:16:PUT:30.000000",
      "strikePrice": 30.0,
      "symbol": "BHF",
      "timeStamp": 1688403599,
      "volume": 0
    },
    {
      "OptionGreeks": {
        "currentValue": "true",
        "delta": -0.11826,
        "gamma": 0.01254,
        "iv": 0.42269,
        "rho": -0.03693,
        "theta": -0.00685,
        "vega": 0.07516
      },
      "adjustedFlag": "false",
      "ask": 1.35,
      "askSize": 2,
      "bid": 0.75,
      "bidSize": 46,
      "displaySymbol": "BHF Feb 16 '24 $35 Put",
      "inTheMoney": "n",
      "lastPrice": 0.0,
      "netChange": 0.0,
      "openInterest": 0,
      "optionCategory": "STANDARD",
      "optionRootSymbol": "BHF",
      "optionType": "PUT",
      "osiKey": "BHF---240216P00035000",
      "quoteDetail": "https://api.etrade.com/v1/market/quote/BHF:2024:2:16:PUT:35.000000",
      "strikePrice": 35.0,
      "symbol": "BHF",
      "timeStamp": 1688403489,
      "volume": 0
    },
    {
      "OptionGreeks": {
        "currentValue": "true",
        "delta": -0.20665,
        "gamma": 0.01986,
        "iv": 0.38944,
        "rho": -0.06221,
        "theta": -0.00917,
        "vega": 0.10782
      },
      "adjustedFlag": "false",
      "ask": 2.3,
      "askSize": 13,
      "bid": 1.6,
      "bidSize": 46,
      "displaySymbol": "BHF Feb 16 '24 $40 Put",
      "inTheMoney": "n",
      "lastPrice": 0.0,
      "netChange": 0.0,
      "openInterest": 0,
      "optionCategory": "STANDARD",
      "optionRootSymbol": "BHF",
      "optionType": "PUT",
      "osiKey": "BHF---240216P00040000",
      "quoteDetail": "https://api.etrade.com/v1/market/quote/BHF:2024:2:16:PUT:40.000000",
      "strikePrice": 40.0,
      "symbol": "BHF",
      "timeStamp": 1688403582,
      "volume": 0
    },
    {
      "OptionGreeks": {
        "currentValue": "true",
        "delta": -0.33385,
        "gamma": 0.02743,
        "iv": 0.36819,
        "rho": -0.09447,
        "theta": -0.01118,
        "vega": 0.13637
      },
      "adjustedFlag": "false",
      "ask": 3.9,
      "askSize": 37,
      "bid": 3.1,
      "bidSize": 31,
      "displaySymbol": "BHF Feb 16 '24 $45 Put",
      "inTheMoney": "n",
      "lastPrice": 4.85,
      "netChange": 0.0,
      "openInterest": 2,
      "optionCategory": "STANDARD",
      "optionRootSymbol": "BHF",
      "optionType": "PUT",
      "osiKey": "BHF---240216P00045000",
      "quoteDetail": "https://api.etrade.com/v1/market/quote/BHF:2024:2:16:PUT:45.000000",
      "strikePrice": 45.0,
      "symbol": "BHF",
      "timeStamp": 1688403599,
      "volume": 0
    },
    {
      "OptionGreeks": {
        "currentValue": "true",
        "delta": -0.48867,
        "gamma": 0.03343,
        "iv": 0.34817,
        "rho": -0.12378,
        "theta": -0.01192,
        "vega": 0.14805
      },
      "adjustedFlag": "false",
      "ask": 6.2,
      "askSize": 39,
      "bid": 5.2,
      "bidSize": 34,
      "displaySymbol": "BHF Feb 16 '24 $50 Put",
      "inTheMoney": "y",
      "lastPrice": 0.0,
      "netChange": 0.0,
      "openInterest": 0,
      "optionCategory": "STANDARD",
      "optionRootSymbol": "BHF",
      "optionType": "PUT",
      "osiKey": "BHF---240216P00050000",
      "quoteDetail": "https://api.etrade.com/v1/market/quote/BHF:2024:2:16:PUT:50.000000",
      "strikePrice": 50.0,
      "symbol": "BHF",
      "timeStamp": 1688403599,
      "volume": 0
    },
    {
      "OptionGreeks": {
        "currentValue": "true",
        "delta": -0.65709,
        "gamma": 0.03615,
        "iv": 0.3328,
        "rho": -0.13536,
        "theta": -0.0113,
        "vega": 0.13424
      },
      "adjustedFlag": "false",
      "ask": 9.1,
      "askSize": 36,
      "bid": 8.3,
      "bidSize": 30,
      "displaySymbol": "BHF Feb 16 '24 $55 Put",
      "inTheMoney": "y",
      "lastPrice": 8.64,
      "netChange": 8.64,
      "openInterest": 0,
      "optionCategory": "STANDARD",
      "optionRootSymbol": "BHF",
      "optionType": "PUT",
      "osiKey": "BHF---240216P00055000",
      "quoteDetail": "https://api.etrade.com/v1/market/quote/BHF:2024:2:16:PUT:55.000000",
      "strikePrice": 55.0,
      "symbol": "BHF",
      "timeStamp": 1688403599,
      "volume": 5
    },
    {
      "OptionGreeks": {
        "currentValue": "true",
        "delta": -0.81375,
        "gamma": 0.03512,
        "iv": 0.32606,
        "rho": -0.11387,
        "theta": -0.00986,
        "vega": 0.09474
      },
      "adjustedFlag": "false",
      "ask": 13.4,
      "askSize": 38,
      "bid": 12.0,
      "bidSize": 134,
      "displaySymbol": "BHF Feb 16 '24 $60 Put",
      "inTheMoney": "y",
      "lastPrice": 0.0,
      "netChange": 0.0,
      "openInterest": 0,
      "optionCategory": "STANDARD",
      "optionRootSymbol": "BHF",
      "optionType": "PUT",
      "osiKey": "BHF---240216P00060000",
      "quoteDetail": "https://api.etrade.com/v1/market/quote/BHF:2024:2:16:PUT:60.000000",
      "strikePrice": 60.0,
      "symbol": "BHF",
      "timeStamp": 1688403599,
      "volume": 0
    },
    {
      "OptionGreeks": {
        "currentValue": "true",
        "delta": -0.94463,
        "gamma": 0.03227,
        "iv": 0.32446,
        "rho": -0.04096,
        "theta": -0.00806,
        "vega": 0.03961
      },
      "adjustedFlag": "false",
      "ask": 17.7,
      "askSize": 16,
      "bid": 16.4,
      "bidSize": 87,
      "displaySymbol": "BHF Feb 16 '24 $65 Put",
      "inTheMoney": "y",
      "lastPrice": 0.0,
      "netChange": 0.0,
      "openInterest": 0,
      "optionCategory": "STANDARD",
      "optionRootSymbol": "BHF",
      "optionType": "PUT",
      "osiKey": "BHF---240216P00065000",
      "quoteDetail": "https://api.etrade.com/v1/market/quote/BHF:2024:2:16:PUT:65.000000",
      "strikePrice": 65.0,
      "symbol": "BHF",
      "timeStamp": 1688403480,
      "volume": 0
    },
    {
      "OptionGreeks": {
        "currentValue": "true",
        "delta": 0.97302,
        "gamma": 0.00284,
        "iv": 0.58979,
        "rho": 0.12555,
        "theta": 0.0,
        "vega": 0.02424
      },
      "adjustedFlag": "false",
      "ask": 27.2,
      "askSize": 1,
      "bid": 25.4,
      "bidSize": 42,
      "displaySymbol": "BHF Feb 16 '24 $22.50 Call",
      "inTheMoney": "y",
      "lastPrice": 0.0,
      "netChange": 0.0,
      "openInterest": 0,
      "optionCategory": "STANDARD",
      "optionRootSymbol": "BHF",
      "optionType": "CALL",
      "osiKey": "BHF---240216C00022500",
      "quoteDetail": "https://api.etrade.com/v1/market/quote/BHF:2024:2:16:CALL:22.500000",
      "strikePrice": 22.5,
      "symbol": "BHF",
      "timeStamp": 1688403545,
      "volume": 0
    },
    {
      "OptionGreeks": {
        "currentValue": "true",
        "delta": 0.9556,
        "gamma": 0.00424,
        "iv": 0.58979,
        "rho": 0.13414,
        "theta": -0.00113,
        "vega": 0.03619
      },
      "adjustedFlag": "false",
      "ask": 24.9,
      "askSize": 37,
      "bid": 23.1,
      "bidSize": 39,
      "displaySymbol": "BHF Feb 16 '24 $25 Call",
      "inTheMoney": "y",
      "lastPrice": 0.0,
      "netChange": 0.0,
      "openInterest": 0,
      "optionCategory": "STANDARD",
      "optionRootSymbol": "BHF",
      "optionType": "CALL",
      "osiKey": "BHF---240216C00025000",
      "quoteDetail": "https://api.etrade.com/v1/market/quote/BHF:2024:2:16:CALL:25.000000",
      "strikePrice": 25.0,
      "symbol": "BHF",
      "timeStamp": 1688403599,
      "volume": 0
    },
    {
      "OptionGreeks": {
        "currentValue": "true",
        "delta": 0.94012,
        "gamma": 0.00688,
        "iv": 0.46035,
        "rho": 0.15963,
        "theta": -0.00176,
        "vega": 0.04583
      },
      "adjustedFlag": "false",
      "ask": 20.1,
      "askSize": 13,
      "bid": 18.7,
      "bidSize": 35,
      "displaySymbol": "BHF Feb 16 '24 $30 Call",
      "inTheMoney": "y",
      "lastPrice": 0.0,
      "netChange": 0.0,
      "openInterest": 0,
      "optionCategory": "STANDARD",
      "optionRootSymbol": "BHF",
      "optionType": "CALL",
      "osiKey": "BHF---240216C00030000",
      "quoteDetail": "https://api.etrade.com/v1/market/quote/BHF:2024:2:16:CALL:30.000000",
      "strikePrice": 30.0,
      "symbol": "BHF",
      "timeStamp": 1688403537,
      "volume": 0
    },
    {
      "OptionGreeks": {
        "currentValue": "true",
        "delta": 0.88516,
        "gamma": 0.01216,
        "iv": 0.42269,
        "rho": 0.17024,
        "theta": -0.00464,
        "vega": 0.07415
      },
      "adjustedFlag": "false",
      "ask": 15.8,
      "askSize": 37,
      "bid": 14.6,
      "bidSize": 38,
      "displaySymbol": "BHF Feb 16 '24 $35 Call",
      "inTheMoney": "y",
      "lastPrice": 0.0,
      "netChange": 0.0,
      "openInterest": 0,
      "optionCategory": "STANDARD",
      "optionRootSymbol": "BHF",
      "optionType": "CALL",
      "osiKey": "BHF---240216C00035000",
      "quoteDetail": "https://api.etrade.com/v1/market/quote/BHF:2024:2:16:CALL:35.000000",
      "strikePrice": 35.0,
      "symbol": "BHF",
      "timeStamp": 1688403599,
      "volume": 0
    },
    {
      "OptionGreeks": {
        "currentValue": "true",
        "delta": 0.80048,
        "gamma": 0.01898,
        "iv": 0.38944,
        "rho": 0.1697,
        "theta": -0.00746,
        "vega": 0.1063
      },
      "adjustedFlag": "false",
      "ask": 11.7,
      "askSize": 42,
      "bid": 10.6,
      "bidSize": 47,
      "displaySymbol": "BHF Feb 16 '24 $40 Call",
      "inTheMoney": "y",
      "lastPrice": 0.0,
      "netChange": 0.0,
      "openInterest": 0,
      "optionCategory": "STANDARD",
      "optionRootSymbol": "BHF",
      "optionType": "CALL",
      "osiKey": "BHF---240216C00040000",
      "quoteDetail": "https://api.etrade.com/v1/market/quote/BHF:2024:2:16:CALL:40.000000",
      "strikePrice": 40.0,
      "symbol": "BHF",
      "timeStamp": 1688403599,
      "volume": 0
    },
    {
      "OptionGreeks": {
        "currentValue": "true",
        "delta": 0.6808,
        "gamma": 0.02563,
        "iv": 0.36819,
        "rho": 0.15477,
        "theta": -0.00983,
        "vega": 0.13521
      },
      "adjustedFlag": "false",
      "ask": 8.3,
      "askSize": 31,
      "bid": 7.2,
      "bidSize": 39,
      "displaySymbol": "BHF Feb 16 '24 $45 Call",
      "inTheMoney": "y",
      "lastPrice": 0.0,
      "netChange": 0.0,
      "openInterest": 0,
      "optionCategory": "STANDARD",
      "optionRootSymbol": "BHF",
      "optionType": "CALL",
      "osiKey": "BHF---240216C00045000",
      "quoteDetail": "https://api.etrade.com/v1/market/quote/BHF:2024:2:16:CALL:45.000000",
      "strikePrice": 45.0,
      "symbol": "BHF",
      "timeStamp": 1688403599,
      "volume": 0
    },
    {
      "OptionGreeks": {
        "currentValue": "true",
        "delta": 0.53977,
        "gamma": 0.0301,
        "iv": 0.34817,
        "rho": 0.12944,
        "theta": -0.01077,
        "vega": 0.14996
      },
      "adjustedFlag": "false",
      "ask": 5.5,
      "askSize": 46,
      "bid": 4.6,
      "bidSize": 40,
      "displaySymbol": "BHF Feb 16 '24 $50 Call",
      "inTheMoney": "n",
      "lastPrice": 3.65,
      "netChange": 0.0,
      "openInterest": 1,
      "optionCategory": "STANDARD",
      "optionRootSymbol": "BHF",
      "optionType": "CALL",
      "osiKey": "BHF---240216C00050000",
      "quoteDetail": "https://api.etrade.com/v1/market/quote/BHF:2024:2:16:CALL:50.000000",
      "strikePrice": 50.0,
      "symbol": "BHF",
      "timeStamp": 1688403599,
      "volume": 0
    },
    {
      "OptionGreeks": {
        "currentValue": "true",
        "delta": 0.39425,
        "gamma": 0.0305,
        "iv": 0.3328,
        "rho": 0.09822,
        "theta": -0.01019,
        "vega": 0.14546
      },
      "adjustedFlag": "false",
      "ask": 3.5,
      "askSize": 51,
      "bid": 2.7,
      "bidSize": 13,
      "displaySymbol": "BHF Feb 16 '24 $55 Call",
      "inTheMoney": "n",
      "lastPrice": 2.86,
      "netChange": 0.0,
      "openInterest": 7,
      "optionCategory": "STANDARD",
      "optionRootSymbol": "BHF",
      "optionType": "CALL",
      "osiKey": "BHF---240216C00055000",
      "quoteDetail": "https://api.etrade.com/v1/market/quote/BHF:2024:2:16:CALL:55.000000",
      "strikePrice": 55.0,
      "symbol": "BHF",
      "timeStamp": 1688403599,
      "volume": 0
    },
    {
      "OptionGreeks": {
        "currentValue": "true",
        "delta": 0.2693,
        "gamma": 0.02669,
        "iv": 0.32606,
        "rho": 0.06871,
        "theta": -0.00864,
        "vega": 0.1252
      },
      "adjustedFlag": "false",
      "ask": 2.15,
      "askSize": 49,
      "bid": 1.4,
      "bidSize": 43,
      "displaySymbol": "BHF Feb 16 '24 $60 Call",
      "inTheMoney": "n",
      "lastPrice": 0.0,
      "netChange": 0.0,
      "openInterest": 0,
      "optionCategory": "STANDARD",
      "optionRootSymbol": "BHF",
      "optionType": "CALL",
      "osiKey": "BHF---240216C00060000",
      "quoteDetail": "https://api.etrade.com/v1/market/quote/BHF:2024:2:16:CALL:60.000000",
      "strikePrice": 60.0,
      "symbol": "BHF",
      "timeStamp": 1688403599,
      "volume": 0
    },
    {
      "OptionGreeks": {
        "currentValue": "true",
        "delta": 0.17624,
        "gamma": 0.02101,
        "iv": 0.32446,
        "rho": 0.04566,
        "theta": -0.00676,
        "vega": 0.0987
      },
      "adjustedFlag": "false",
      "ask": 1.3,
      "askSize": 44,
      "bid": 0.75,
      "bidSize": 12,
      "displaySymbol": "BHF Feb 16 '24 $65 Call",
      "inTheMoney": "n",
      "lastPrice": 0.78,
      "netChange": 0.78,
      "openInterest": 0,
      "optionCategory": "STANDARD",
      "optionRootSymbol": "BHF",
      "optionType": "CALL",
      "osiKey": "BHF---240216C00065000",
      "quoteDetail": "https://api.etrade.com/v1/market/quote/BHF:2024:2:16:CALL:65.000000",
      "strikePrice": 65.0,
      "symbol": "BHF",
      "timeStamp": 1688403505,
      "volume": 2
    }
  ],
  "quote": {
    "ExtendedHourQuoteDetail": {
      "ask": 49.21,
      "askSize": 100,
      "bid": 46.22,
      "bidSize": 100,
      "change": 0.39,
      "lastPrice": 47.74,
      "percentChange": 0.82,
      "quoteStatus": "EH_REALTIME",
      "timeOfLastTrade": 1688404708,
      "timeZone": "EST",
      "volume": 179048
    },
    "adjustedFlag": "false",
    "ahFlag": "true",
    "ask": 49.21,
    "askSize": 100,
    "askTime": "13:18:28 EDT 07-03-2023",
    "averageVolume": 593249,
    "beta": 1.82,
    "bid": 46.22,
    "bidExchange": null,
    "bidSize": 100,
    "bidTime": "13:18:28 EDT 07-03-2023",
    "cashDeliverable": 0,
    "changeClose": 0.39,
    "changeClosePercentage": 0.82,
    "companyName": "BRIGHTHOUSE FINL INC COM",
    "contractSize": 0.0,
    "dateTime": "13:18:28 EDT 07-03-2023",
    "dateTimeUTC": 1688404708,
    "daysToExpiration": 0,
    "declaredDividend": 0.0,
    "dirLast": 0,
    "dividend": 0.0,
    "dividendPayableDate": 0,
    "eps": -17.74,
    "estEarnings": 14.274,
    "exDividendDate": 0,
    "expirationDate": 0,
    "hasMiniOptions": "false",
    "high": 48.13,
    "high52": 60.54,
    "intrinsicValue": 0.0,
    "lastTrade": 47.74,
    "low": 47.2,
    "low52": 38.3802,
    "marketCap": 3191896400.0,
    "nextEarningDate": "08/02/2023",
    "open": 47.2,
    "openInterest": 0,
    "optionMultiplier": 0.0,
    "optionStyle": null,
    "optionUnderlier": null,
    "pe": 0.0,
    "previousClose": 47.35,
    "previousDayVolume": 432617,
    "primaryExchange": "NSDQ",
    "quoteStatus": "CLOSING",
    "securityType": "EQ",
    "sharesOutstanding": 66860000,
    "symbol": "BHF",
    "symbolDescription": "BRIGHTHOUSE FINL INC COM",
    "timeOfLastTrade": 1688403600,
    "timePremium": 0.0,
    "totalVolume": 179048,
    "upc": 0,
    "week52HiDate": 1676575786,
    "week52LowDate": 1657823386,
    "yield": 0.0
  }
}