{
  "2023-07-21": [
    {
      "OptionGreeks": {
        "currentValue": "true",
        "delta": -1.0,
        "gamma": 0.0,
        "iv": 1.2881,
        "rho": 0.0,
        "theta": 0.0,
        "vega": 0.0
      },
      "adjustedFlag": "false",
      "ask": 1.75,
      "askSize": 80,
      "bid": 1.2,
      "bidSize": 139,
      "displaySymbol": "DOYU Jul 21 '23 $2.50 Put",
      "inTheMoney": "y",
      "lastPrice": 0.0,
      "netChange": 0.0,
      "openInterest": 0,
      "optionCategory": "STANDARD",
      "optionRootSymbol": "DOYU",
      "optionType": "PUT",
      "osiKey": "DOYU--230721P00002500",
      "quoteDetail": "https://api.etrade.com/v1/market/quote/DOYU:2023:7:21:PUT:2.500000",
      "strikePrice": 2.5,
      "symbol": "DOYU",
      "timeStamp": 1688403599,
      "volume": 0
    },
    {
      "OptionGreeks": {
        "currentValue": "true",
        "delta": -1.0,
        "gamma": 0.0,
        "iv": 1.2881,
        "rho": 0.0,
        "theta": 0.0,
        "vega": 0.0
      },
      "adjustedFlag": "false",
      "ask": 4.1,
      "askSize": 80,
      "bid": 3.8,
      "bidSize": 130,
      "displaySymbol": "DOYU Jul 21 '23 $5 Put",
      "inTheMoney": "y",
      "lastPrice": 0.0,
      "netChange": 0.0,
      "openInterest": 0,
      "optionCategory": "STANDARD",
      "optionRootSymbol": "DOYU",
      "optionType": "PUT",
      "osiKey": "DOYU--230721P00005000",
      "quoteDetail": "https://api.etrade.com/v1/market/quote/DOYU:2023:7:21:PUT:5.000000",
      "strikePrice": 5.0,
      "symbol": "DOYU",
      "timeStamp": 1688403599,
      "volume": 0
    },
    {
      "OptionGreeks": {
        "currentValue": "true",
        "delta": -1.0,
        "gamma": 8e-05,
        "iv": 1.2881,
        "rho": 0.0,
        "theta": 0.0,
        "vega": 0.0
      },
      "adjustedFlag": "false",
      "ask": 6.6,
      "askSize": 80,
      "bid": 6.3,
      "bidSize": 130,
      "displaySymbol": "DOYU Jul 21 '23 $7.50 Put",
      "inTheMoney": "y",
      "lastPrice": 0.0,
      "netChange": 0.0,
      "openInterest": 0,
      "optionCategory": "STANDARD",
      "optionRootSymbol": "DOYU",
      "optionType": "PUT",
      "osiKey": "DOYU--230721P00007500",
      "quoteDetail": "https://api.etrade.com/v1/market/quote/DOYU:2023:7:21:PUT:7.500000",
      "strikePrice": 7.5,
      "symbol": "DOYU",
      "timeStamp": 1688403599,
      "volume": 0
    },
    {
      "OptionGreeks": {
        "currentValue": "true",
        "delta": 0.00244,
        "gamma": 0.02441,
        "iv": 1.2881,
        "rho": 0.0,
        "theta": -6e-05,
        "vega": 2e-05
      },
      "adjustedFlag": "false",
      "ask": 0.05,
      "askSize": 117,
      "bid": 0.0,
      "bidSize": 0,
      "displaySymbol": "DOYU Jul 21 '23 $2.50 Call",
      "inTheMoney": "n",
      "lastPrice": 0.05,
      "netChange": 0.0,
      "openInterest": 104,
      "optionCategory": "STANDARD",
      "optionRootSymbol": "DOYU",
      "optionType": "CALL",
      "osiKey": "DOYU--230721C00002500",
      "quoteDetail": "https://api.etrade.com/v1/market/quote/DOYU:2023:7:21:CALL:2.500000",
      "strikePrice": 2.5,
      "symbol": "DOYU",
      "timeStamp": 1688392798,
      "volume": 0
    },
    {
      "OptionGreeks": {
        "currentValue": "true",
        "delta": 0.0,
        "gamma": 0.0,
        "iv": 1.2881,
        "rho": 0.0,
        "theta": 0.0,
        "vega": 0.0
      },
      "adjustedFlag": "false",
      "ask": 0.05,
      "askSize": 1,
      "bid": 0.0,
      "bidSize": 0,
      "displaySymbol": "DOYU Jul 21 '23 $5 Call",
      "inTheMoney": "n",
      "lastPrice": 0.0,
      "netChange": 0.0,
      "openInterest": 0,
      "optionCategory": "STANDARD",
      "optionRootSymbol": "DOYU",
      "optionType": "CALL",
      "osiKey": "DOYU--230721C00005000",
      "quoteDetail": "https://api.etrade.com/v1/market/quote/DOYU:2023:7:21:CALL:5.000000",
      "strikePrice": 5.0,
      "symbol": "DOYU",
      "timeStamp": 1688391031,
      "volume": 0
    },
    {
      "OptionGreeks": {
        "currentValue": "true",
        "delta": 0.0,
        "gamma": 0.0,
        "iv": 1.2881,
        "rho": 0.0,
        "theta": 0.0,
        "vega": 0.0
      },
      "adjustedFlag": "false",
      "ask": 0.05,
      "askSize": 1,
      "bid": 0.0,
      "bidSize": 0,
      "displaySymbol": "DOYU Jul 21 '23 $7.50 Call",
      "inTheMoney": "n",
      "lastPrice": 0.0,
      "netChange": 0.0,
      "openInterest": 0,
      "optionCategory": "STANDARD",
      "optionRootSymbol": "DOYU",
      "optionType": "CALL",
      "osiKey": "DOYU--230721C00007500",
      "quoteDetail": "https://api.etrade.com/v1/market/quote/DOYU:2023:7:21:CALL:7.500000",
      "strikePrice": 7.5,
      "symbol": "DOYU",
      "timeStamp": 1688391903,
      "volume": 0
    }
  ],
  "2023-08-18": [
    {
      "OptionGreeks": {
        "currentValue": "true",
        "delta": -0.99053,
        "gamma": 0.14956,
        "iv": 1.0378,
        "rho": -0.00039,
        "theta": -4e-05,
        "vega": 8e-05
      },
      "adjustedFlag": "false",
      "ask": 1.55,
      "askSize": 70,
      "bid": 0.95,
      "bidSize": 136,
      "displaySymbol": "DOYU Aug 18 '23 $2.50 Put",
      "inTheMoney": "y",
      "lastPrice": 1.6,
      "netChange": 0.0,
      "openInterest": 0,
      "optionCategory": "STANDARD",
      "optionRootSymbol": "DOYU",
      "optionType": "PUT",
      "osiKey": "DOYU--230818P00002500",
      "quoteDetail": "https://api.etrade.com/v1/market/quote/DOYU:2023:8:18:PUT:2.500000",
      "strikePrice": 2.5,
      "symbol": "DOYU",
      "timeStamp": 1688403599,
      "volume": 0
    },
    {
      "OptionGreeks": {
        "currentValue": "true",
        "delta": -1.0,
        "gamma": 0.0,
        "iv": 1.0378,
        "rho": 0.0,
        "theta": 0.0,
        "vega": 0.0
      },
      "adjustedFlag": "false",
      "ask": 4.5,
      "askSize": 80,
      "bid": 3.4,
      "bidSize": 136,
      "displaySymbol": "DOYU Aug 18 '23 $5 Put",
      "inTheMoney": "y",
      "lastPrice": 0.0,
      "netChange": 0.0,
      "openInterest": 0,
      "optionCategory": "STANDARD",
      "optionRootSymbol": "DOYU",
      "optionType": "PUT",
      "osiKey": "DOYU--230818P00005000",
      "quoteDetail": "https://api.etrade.com/v1/market/quote/DOYU:2023:8:18:PUT:5.000000",
      "strikePrice": 5.0,
      "symbol": "DOYU",
      "timeStamp": 1688403599,
      "volume": 0
    },
    {
      "OptionGreeks": {
        "currentValue": "true",
        "delta": -1.0,
        "gamma": 5e-05,
        "iv": 1.0378,
        "rho": 0.0,
        "theta": 0.0,
        "vega": 0.0
      },
      "adjustedFlag": "false",
      "ask": 6.9,
      "askSize": 80,
      "bid": 6.0,
      "bidSize": 134,
      "displaySymbol": "DOYU Aug 18 '23 $7.50 Put",
      "inTheMoney": "y",
      "lastPrice": 5.9,
      "netChange": 0.0,
      "openInterest": 0,
      "optionCategory": "STANDARD",
      "optionRootSymbol": "DOYU",
      "optionType": "PUT",
      "osiKey": "DOYU--230818P00007500",
      "quoteDetail": "https://api.etrade.com/v1/market/quote/DOYU:2023:8:18:PUT:7.500000",
      "strikePrice": 7.5,
      "symbol": "DOYU",
      "timeStamp": 1688403599,
      "volume": 0
    },
    {
      "OptionGreeks": {
        "currentValue": "true",
        "delta": 0.01731,
        "gamma": 0.10709,
        "iv": 1.0378,
        "rho": 2e-05,
        "theta": -0.00017,
        "vega": 0.00016
      },
      "adjustedFlag": "false",
      "ask": 0.05,
      "askSize": 115,
      "bid": 0.0,
      "bidSize": 0,
      "displaySymbol": "DOYU Aug 18 '23 $2.50 Call",
      "inTheMoney": "n",
      "lastPrice": 0.05,
      "netChange": 0.0,
      "openInterest": 1807,
      "optionCategory": "STANDARD",
      "optionRootSymbol": "DOYU",
      "optionType": "CALL",
      "osiKey": "DOYU--230818C00002500",
      "quoteDetail": "https://api.etrade.com/v1/market/quote/DOYU:2023:8:18:CALL:2.500000",
      "strikePrice": 2.5,
      "symbol": "DOYU",
      "timeStamp": 1688399009,
      "volume": 0
    },
    {
      "OptionGreeks": {
        "currentValue": "true",
        "delta": 3e-05,
        "gamma": 0.0003,
        "iv": 1.0378,
        "rho": 0.0,
        "theta": 0.0,
        "vega": 0.0
      },
      "adjustedFlag": "false",
      "ask": 0.1,
      "askSize": 418,
      "bid": 0.0,
      "bidSize": 0,
      "displaySymbol": "DOYU Aug 18 '23 $5 Call",
      "inTheMoney": "n",
      "lastPrice": 0.1,
      "netChange": 0.0,
      "openInterest": 65,
      "optionCategory": "STANDARD",
      "optionRootSymbol": "DOYU",
      "optionType": "CALL",
      "osiKey": "DOYU--230818C00005000",
      "quoteDetail": "https://api.etrade.com/v1/market/quote/DOYU:2023:8:18:CALL:5.000000",
      "strikePrice": 5.0,
      "symbol": "DOYU",
      "timeStamp": 1688399117,
      "volume": 0
    },
    {
      "OptionGreeks": {
        "currentValue": "true",
        "delta": 0.0,
        "gamma": 0.0,
        "iv": 1.0378,
        "rho": 0.0,
        "theta": 0.0,
        "vega": 0.0
      },
      "adjustedFlag": "false",
      "ask": 0.1,
      "askSize": 451,
      "bid": 0.0,
      "bidSize": 0,
      "displaySymbol": "DOYU Aug 18 '23 $7.50 Call",
      "inTheMoney": "n",
      "lastPrice": 0.05,
      "netChange": 0.0,
      "openInterest": 73,
      "optionCategory": "STANDARD",
      "optionRootSymbol": "DOYU",
      "optionType": "CALL",
      "osiKey": "DOYU--230818C00007500",
      "quoteDetail": "https://api.etrade.com/v1/market/quote/DOYU:2023:8:18:CALL:7.500000",
      "strikePrice": 7.5,
      "symbol": "DOYU",
      "timeStamp": 1688399117,
      "volume": 0
    }
  ],
  "2023-11-17": [
    {
      "OptionGreeks": {
        "currentValue": "true",
        "delta": -0.84889,
        "gamma": 0.38895,
        "iv": 1.0329,
        "rho": -0.004,
        "theta": -0.00044,
        "vega": 0.00143
      },
      "adjustedFlag": "false",
      "ask": 1.85,
      "askSize": 120,
      "bid": 1.15,
      "bidSize": 161,
      "displaySymbol": "DOYU Nov 17 '23 $2.50 Put",
      "inTheMoney": "y",
      "lastPrice": 1.46,
      "netChange": 0.0,
      "openInterest": 4,
      "optionCategory": "STANDARD",
      "optionRootSymbol": "DOYU",
      "optionType": "PUT",
      "osiKey": "DOYU--231117P00002500",
      "quoteDetail": "https://api.etrade.com/v1/market/quote/DOYU:2023:11:17:PUT:2.500000",
      "strikePrice": 2.5,
      "symbol": "DOYU",
      "timeStamp": 1688403505,
      "volume": 0
    },
    {
      "OptionGreeks": {
        "currentValue": "true",
        "delta": -1.0,
        "gamma": 0.0,
        "iv": 1.0329,
        "rho": 0.0,
        "theta": 0.0,
        "vega": 0.0
      },
      "adjustedFlag": "false",
      "ask": 4.5,
      "askSize": 80,
      "bid": 3.4,
      "bidSize": 136,
      "displaySymbol": "DOYU Nov 17 '23 $5 Put",
      "inTheMoney": "y",
      "lastPrice": 0.0,
      "netChange": 0.0,
      "openInterest": 0,
      "optionCategory": "STANDARD",
      "optionRootSymbol": "DOYU",
      "optionType": "PUT",
      "osiKey": "DOYU--231117P00005000",
      "quoteDetail": "https://api.etrade.com/v1/market/quote/DOYU:2023:11:17:PUT:5.000000",
      "strikePrice": 5.0,
      "symbol": "DOYU",
      "timeStamp": 1688403599,
      "volume": 0
    },
    {
      "OptionGreeks": {
        "currentValue": "true",
        "delta": -1.0,
        "gamma": 0.0,
        "iv": 1.0329,
        "rho": 0.0,
        "theta": 0.0,
        "vega": 0.0
      },
      "adjustedFlag": "false",
      "ask": 6.9,
      "askSize": 80,
      "bid": 5.9,
      "bidSize": 134,
      "displaySymbol": "DOYU Nov 17 '23 $7.50 Put",
      "inTheMoney": "y",
      "lastPrice": 0.0,
      "netChange": 0.0,
      "openInterest": 0,
      "optionCategory": "STANDARD",
      "optionRootSymbol": "DOYU",
      "optionType": "PUT",
      "osiKey": "DOYU--231117P00007500",
      "quoteDetail": "https://api.etrade.com/v1/market/quote/DOYU:2023:11:17:PUT:7.500000",
      "strikePrice": 7.5,
      "symbol": "DOYU",
      "timeStamp": 1688403599,
      "volume": 0
    },
    {
      "OptionGreeks": {
        "currentValue": "true",
        "delta": 0.15144,
        "gamma": 0.34091,
        "iv": 1.0329,
        "rho": 0.00043,
        "theta": -0.00056,
        "vega": 0.00152
      },
      "adjustedFlag": "false",
      "ask": 0.1,
      "askSize": 340,
      "bid": 0.0,
      "bidSize": 0,
      "displaySymbol": "DOYU Nov 17 '23 $2.50 Call",
      "inTheMoney": "n",
      "lastPrice": 0.05,
      "netChange": 0.0,
      "openInterest": 434,
      "optionCategory": "STANDARD",
      "optionRootSymbol": "DOYU",
      "optionType": "CALL",
      "osiKey": "DOYU--231117C00002500",
      "quoteDetail": "https://api.etrade.com/v1/market/quote/DOYU:2023:11:17:CALL:2.500000",
      "strikePrice": 2.5,
      "symbol": "DOYU",
      "timeStamp": 1688403505,
      "volume": 0
    },
    {
      "OptionGreeks": {
        "currentValue": "true",
        "delta": 0.01692,
        "gamma": 0.06082,
        "iv": 1.0329,
        "rho": 5e-05,
        "theta": -0.0001,
        "vega": 0.00027
      },
      "adjustedFlag": "false",
      "ask": 0.1,
      "askSize": 266,
      "bid": 0.0,
      "bidSize": 0,
      "displaySymbol": "DOYU Nov 17 '23 $5 Call",
      "inTheMoney": "n",
      "lastPrice": 0.0,
      "netChange": 0.0,
      "openInterest": 0,
      "optionCategory": "STANDARD",
      "optionRootSymbol": "DOYU",
      "optionType": "CALL",
      "osiKey": "DOYU--231117C00005000",
      "quoteDetail": "https://api.etrade.com/v1/market/quote/DOYU:2023:11:17:CALL:5.000000",
      "strikePrice": 5.0,
      "symbol": "DOYU",
      "timeStamp": 1688399009,
      "volume": 0
    },
    {
      "OptionGreeks": {
        "currentValue": "true",
        "delta": 0.00283,
        "gamma": 0.01252,
        "iv": 1.0329,
        "rho": 1e-05,
        "theta": -2e-05,
        "vega": 6e-05
      },
      "adjustedFlag": "false",
      "ask": 0.6,
      "askSize": 673,
      "bid": 0.0,
      "bidSize": 0,
      "displaySymbol": "DOYU Nov 17 '23 $7.50 Call",
      "inTheMoney": "n",
      "lastPrice": 0.0,
      "netChange": 0.0,
      "openInterest": 0,
      "optionCategory": "STANDARD",
      "optionRootSymbol": "DOYU",
      "optionType": "CALL",
      "osiKey": "DOYU--231117C00007500",
      "quoteDetail": "https://api.etrade.com/v1/market/quote/DOYU:2023:11:17:CALL:7.500000",
      "strikePrice": 7.5,
      "symbol": "DOYU",
      "timeStamp": 1688399686,
      "volume": 0
    }
  ],
  "2024-01-19": [
    {
      "OptionGreeks": {
        "currentValue": "true",
        "delta": -0.7887,
        "gamma": 0.44765,
        "iv": 1.0264,
        "rho": -0.00535,
        "theta": -0.00053,
        "vega": 0.00218
      },
      "adjustedFlag": "false",
      "ask": 1.5,
      "askSize": 2,
      "bid": 1.4,
      "bidSize": 1,
      "displaySymbol": "DOYU Jan 19 '24 $2.50 Put",
      "inTheMoney": "y",
      "lastPrice": 1.46,
      "netChange": 0.0,
      "openInterest": 1109,
      "optionCategory": "STANDARD",
      "optionRootSymbol": "DOYU",
      "optionType": "PUT",
      "osiKey": "DOYU--240119P00002500",
      "quoteDetail": "https://api.etrade.com/v1/market/quote/DOYU:2024:1:19:PUT:2.500000",
      "strikePrice": 2.5,
      "symbol": "DOYU",
      "timeStamp": 1688395109,
      "volume": 0
    },
    {
      "OptionGreeks": {
        "currentValue": "true",
        "delta": -1.0,
        "gamma": 0.0,
        "iv": 1.0264,
        "rho": 0.0,
        "theta": -0.00012,
        "vega": 0.0
      },
      "adjustedFlag": "false",
      "ask": 4.4,
      "askSize": 80,
      "bid": 3.4,
      "bidSize": 128,
      "displaySymbol": "DOYU Jan 19 '24 $5 Put",
      "inTheMoney": "y",
      "lastPrice": 3.5,
      "netChange": 0.0,
      "openInterest": 0,
      "optionCategory": "STANDARD",
      "optionRootSymbol": "DOYU",
      "optionType": "PUT",
      "osiKey": "DOYU--240119P00005000",
      "quoteDetail": "https://api.etrade.com/v1/market/quote/DOYU:2024:1:19:PUT:5.000000",
      "strikePrice": 5.0,
      "symbol": "DOYU",
      "timeStamp": 1688403599,
      "volume": 0
    },
    {
      "OptionGreeks": {
        "currentValue": "true",
        "delta": -1.0,
        "gamma": 1e-05,
        "iv": 1.0264,
        "rho": 0.0,
        "theta": -0.00012,
        "vega": 0.0
      },
      "adjustedFlag": "false",
      "ask": 6.8,
      "askSize": 80,
      "bid": 6.2,
      "bidSize": 127,
      "displaySymbol": "DOYU Jan 19 '24 $7.50 Put",
      "inTheMoney": "y",
      "lastPrice": 6.2,
      "netChange": 0.0,
      "openInterest": 0,
      "optionCategory": "STANDARD",
      "optionRootSymbol": "DOYU",
      "optionType": "PUT",
      "osiKey": "DOYU--240119P00007500",
      "quoteDetail": "https://api.etrade.com/v1/market/quote/DOYU:2024:1:19:PUT:7.500000",
      "strikePrice": 7.5,
      "symbol": "DOYU",
      "timeStamp": 1688403599,
      "volume": 0
    },
    {
      "OptionGreeks": {
        "currentValue": "true",
        "delta": 0.24231,
        "gamma": 0.37934,
        "iv": 1.0264,
        "rho": 0.00095,
        "theta": -0.00062,
        "vega": 0.00246
      },
      "adjustedFlag": "false",
      "ask": 0.15,
      "askSize": 46,
      "bid": 0.05,
      "bidSize": 199,
      "displaySymbol": "DOYU Jan 19 '24 $2.50 Call",
      "inTheMoney": "n",
      "lastPrice": 0.07,
      "netChange": 0.0,
      "openInterest": 1956,
      "optionCategory": "STANDARD",
      "optionRootSymbol": "DOYU",
      "optionType": "CALL",
      "osiKey": "DOYU--240119C00002500",
      "quoteDetail": "https://api.etrade.com/v1/market/quote/DOYU:2024:1:19:CALL:2.500000",
      "strikePrice": 2.5,
      "symbol": "DOYU",
      "timeStamp": 1688403599,
      "volume": 0
    },
    {
      "OptionGreeks": {
        "currentValue": "true",
        "delta": 0.05393,
        "gamma": 0.1325,
        "iv": 1.0264,
        "rho": 0.00023,
        "theta": -0.00021,
        "vega": 0.00086
      },
      "adjustedFlag": "false",
      "ask": 0.1,
      "askSize": 3,
      "bid": 0.0,
      "bidSize": 0,
      "displaySymbol": "DOYU Jan 19 '24 $5 Call",
      "inTheMoney": "n",
      "lastPrice": 0.05,
      "netChange": 0.0,
      "openInterest": 1121,
      "optionCategory": "STANDARD",
      "optionRootSymbol": "DOYU",
      "optionType": "CALL",
      "osiKey": "DOYU--240119C00005000",
      "quoteDetail": "https://api.etrade.com/v1/market/quote/DOYU:2024:1:19:CALL:5.000000",
      "strikePrice": 5.0,
      "symbol": "DOYU",
      "timeStamp": 1688391911,
      "volume": 0
    },
    {
      "OptionGreeks": {
        "currentValue": "true",
        "delta": 0.01605,
        "gamma": 0.04841,
        "iv": 1.0264,
        "rho": 7e-05,
        "theta": -8e-05,
        "vega": 0.00031
      },
      "adjustedFlag": "false",
      "ask": 0.65,
      "askSize": 2055,
      "bid": 0.0,
      "bidSize": 0,
      "displaySymbol": "DOYU Jan 19 '24 $7.50 Call",
      "inTheMoney": "n",
      "lastPrice": 0.1,
      "netChange": 0.0,
      "openInterest": 812,
      "optionCategory": "STANDARD",
      "optionRootSymbol": "DOYU",
      "optionType": "CALL",
      "osiKey": "DOYU--240119C00007500",
      "quoteDetail": "https://api.etrade.com/v1/market/quote/DOYU:2024:1:19:CALL:7.500000",
      "strikePrice": 7.5,
      "symbol": "DOYU",
      "timeStamp": 1688399117,
      "volume": 0
    }
  ],
  "2024-02-16": [
    {
      "OptionGreeks": {
        "currentValue": "true",
        "delta": -0.85153,
        "gamma": 0.61594,
        "iv": 1.0232,
        "rho": -0.00318,
        "theta": -0.00081,
        "vega": 0.00185
      },
      "adjustedFlag": "false",
      "ask": 1.85,
      "askSize": 183,
      "bid": 1.15,
      "bidSize": 288,
      "displaySymbol": "DOYU Feb 16 '24 $2.50 Put",
      "inTheMoney": "y",
      "lastPrice": 0.0,
      "netChange": 0.0,
      "openInterest": 0,
      "optionCategory": "STANDARD",
      "optionRootSymbol": "DOYU",
      "optionType": "PUT",
      "osiKey": "DOYU--240216P00002500",
      "quoteDetail": "https://api.etrade.com/v1/market/quote/DOYU:2024:2:16:PUT:2.500000",
      "strikePrice": 2.5,
      "symbol": "DOYU",
      "timeStamp": 1688403505,
      "volume": 0
    },
    {
      "OptionGreeks": {
        "currentValue": "true",
        "delta": -1.0,
        "gamma": 0.0,
        "iv": 1.0232,
        "rho": 0.0,
        "theta": -0.00069,
        "vega": 0.0
      },
      "adjustedFlag": "false",
      "ask": 4.4,
      "askSize": 80,
      "bid": 3.5,
      "bidSize": 132,
      "displaySymbol": "DOYU Feb 16 '24 $5 Put",
      "inTheMoney": "y",
      "lastPrice": 0.0,
      "netChange": 0.0,
      "openInterest": 0,
      "optionCategory": "STANDARD",
      "optionRootSymbol": "DOYU",
      "optionType": "PUT",
      "osiKey": "DOYU--240216P00005000",
      "quoteDetail": "https://api.etrade.com/v1/market/quote/DOYU:2024:2:16:PUT:5.000000",
      "strikePrice": 5.0,
      "symbol": "DOYU",
      "timeStamp": 1688403599,
      "volume": 0
    },
    {
      "OptionGreeks": {
        "currentValue": "true",
        "delta": -1.0,
        "gamma": 1e-05,
        "iv": 1.0232,
        "rho": 0.0,
        "theta": -0.00069,
        "vega": 0.0
      },
      "adjustedFlag": "false",
      "ask": 7.1,
      "askSize": 80,
      "bid": 5.8,
      "bidSize": 136,
      "displaySymbol": "DOYU Feb 16 '24 $7.50 Put",
      "inTheMoney": "y",
      "lastPrice": 0.0,
      "netChange": 0.0,
      "openInterest": 0,
      "optionCategory": "STANDARD",
      "optionRootSymbol": "DOYU",
      "optionType": "PUT",
      "osiKey": "DOYU--240216P00007500",
      "quoteDetail": "https://api.etrade.com/v1/market/quote/DOYU:2024:2:16:PUT:7.500000",
      "strikePrice": 7.5,
      "symbol": "DOYU",
      "timeStamp": 1688403599,
      "volume": 0
    },
    {
      "OptionGreeks": {
        "currentValue": "true",
        "delta": 0.36504,
        "gamma": 0.4619,
        "iv": 1.0232,
        "rho": 0.00154,
        "theta": -0.00074,
        "vega": 0.00341
      },
      "adjustedFlag": "false",
      "ask": 0.15,
      "askSize": 16,
      "bid": 0.05,
      "bidSize": 5,
      "displaySymbol": "DOYU Feb 16 '24 $2.50 Call",
      "inTheMoney": "n",
      "lastPrice": 0.1,
      "netChange": 0.0,
      "openInterest": 18,
      "optionCategory": "STANDARD",
      "optionRootSymbol": "DOYU",
      "optionType": "CALL",
      "osiKey": "DOYU--240216C00002500",
      "quoteDetail": "https://api.etrade.com/v1/market/quote/DOYU:2024:2:16:CALL:2.500000",
      "strikePrice": 2.5,
      "symbol": "DOYU",
      "timeStamp": 1688403140,
      "volume": 0
    },
    {
      "OptionGreeks": {
        "currentValue": "true",
        "delta": 0.10735,
        "gamma": 0.21709,
        "iv": 1.0232,
        "rho": 0.0005,
        "theta": -0.00035,
        "vega": 0.0016
      },
      "adjustedFlag": "false",
      "ask": 0.1,
      "askSize": 20,
      "bid": 0.0,
      "bidSize": 0,
      "displaySymbol": "DOYU Feb 16 '24 $5 Call",
      "inTheMoney": "n",
      "lastPrice": 0.0,
      "netChange": 0.0,
      "openInterest": 0,
      "optionCategory": "STANDARD",
      "optionRootSymbol": "DOYU",
      "optionType": "CALL",
      "osiKey": "DOYU--240216C00005000",
      "quoteDetail": "https://api.etrade.com/v1/market/quote/DOYU:2024:2:16:CALL:5.000000",
      "strikePrice": 5.0,
      "symbol": "DOYU",
      "timeStamp": 1688403300,
      "volume": 0
    },
    {
      "OptionGreeks": {
        "currentValue": "true",
        "delta": 0.03956,
        "gamma": 0.09903,
        "iv": 1.0232,
        "rho": 0.00019,
        "theta": -0.00016,
        "vega": 0.00073
      },
      "adjustedFlag": "false",
      "ask": 0.7,
      "askSize": 660,
      "bid": 0.0,
      "bidSize": 0,
      "displaySymbol": "DOYU Feb 16 '24 $7.50 Call",
      "inTheMoney": "n",
      "lastPrice": 0.0,
      "netChange": 0.0,
      "openInterest": 0,
      "optionCategory": "STANDARD",
      "optionRootSymbol": "DOYU",
      "optionType": "CALL",
      "osiKey": "DOYU--240216C00007500",
      "quoteDetail": "https://api.etrade.com/v1/market/quote/DOYU:2024:2:16:CALL:7.500000",
      "strikePrice": 7.5,
      "symbol": "DOYU",
      "timeStamp": 1688399686,
      "volume": 0
    }
  ],
  "quote": {
    "ExtendedHourQuoteDetail": {
      "ask": 1.08,
      "askSize": 700,
      "bid": 1.06,
      "bidSize": 900,
      "change": 0.02,
      "lastPrice": 1.07,
      "percentChange": 1.9,
      "quoteStatus": "EH_REALTIME",
      "timeOfLastTrade": 1688405218,
      "timeZone": "EST",
      "volume": 273319
    },
    "adjustedFlag": "false",
    "ahFlag": "true",
    "ask": 1.08,
    "askSize": 700,
    "askTime": "13:26:58 EDT 07-03-2023",
    "averageVolume": 736939,
    "beta": 1.77,
    "bid": 1.06,
    "bidExchange": null,
    "bidSize": 900,
    "bidTime": "13:26:58 EDT 07-03-2023",
    "cashDeliverable": 0,
    "changeClose": 0.02,
    "changeClosePercentage": 1.9,
    "companyName": "DOUYU INTL HLDGS LTD SPONSORED ADS",
    "contractSize": 0.0,
    "dateTime": "13:26:58 EDT 07-03-2023",
    "dateTimeUTC": 1688405218,
    "daysToExpiration": 0,
    "declaredDividend": 0.0,
    "dirLast": 0,
    "dividend": 0.0,
    "dividendPayableDate": 0,
    "eps": 0.1415,
    "estEarnings": 0.005,
    "exDividendDate": 0,
    "expirationDate": 0,
    "hasMiniOptions": "false",
    "high": 1.09,
    "high52": 2.12,
    "intrinsicValue": 0.0,
    "lastTrade": 1.07,
    "low": 1.05,
    "low52": 0.9,
    "marketCap": 34215390.0,
    "nextEarningDate": "08/14/2023",
    "open": 1.05,
    "openInterest": 0,
    "optionMultiplier": 0.0,
    "optionStyle": null,
    "optionUnderlier": null,
    "pe": 0.0,
    "previousClose": 1.05,
    "previousDayVolume": 300098,
    "primaryExchange": "NSDQ",
    "quoteStatus": "CLOSING",
    "securityType": "EQ",
    "sharesOutstanding": 31977000,
    "symbol": "DOYU",
    "symbolDescription": "DOUYU INTL HLDGS LTD SPONSORED ADS",
    "timeOfLastTrade": 1688403600,
    "timePremium": 0.0,
    "totalVolume": 273319,
    "upc": 0,
    "week52HiDate": 1674847785,
    "week52LowDate": 1665685785,
    "yield": 0.0
  }
}