{
  "quote": {
    "adjustedFlag": "false",
    "ahFlag": "false",
    "ask": 0.61,
    "askSize": 0,
    "askTime": "14:00:05 EDT 07-03-2023",
    "averageVolume": 14565162,
    "beta": 0.0,
    "bid": 0.5801,
    "bidExchange": null,
    "bidSize": 0,
    "bidTime": "14:00:05 EDT 07-03-2023",
    "cashDeliverable": 0,
    "changeClose": 0.0302,
    "changeClosePercentage": 5.49,
    "companyName": "FIRST REP BK SAN FRANCISCO CAL COM",
    "contractSize": 0.0,
    "dateTime": "14:00:05 EDT 07-03-2023",
    "dateTimeUTC": 1688407205,
    "daysToExpiration": 0,
    "declaredDividend": 0.0,
    "dirLast": 0,
    "dividend": 0.0,
    "dividendPayableDate": 0,
    "eps": 8.25,
    "estEarnings": -3.0,
    "exDividendDate": 0,
    "expirationDate": 0,
    "hasMiniOptions": "false",
    "high": 0.62,
    "high52": 171.09,
    "intrinsicValue": 0.0,
    "lastTrade": 0.5802,
    "low": 0.5159,
    "low52": 0.1611,
    "marketCap": 108043683.6,
    "nextEarningDate": null,
    "open": 0.5511,
    "openInterest": 0,
    "optionMultiplier": 0.0,
    "optionStyle": null,
    "optionUnderlier": null,
    "pe": 0.0735,
    "previousClose": 0.55,
    "previousDayVolume": 19934985,
    "primaryExchange": "PK",
    "quoteStatus": "CLOSING",
    "securityType": "EQ",
    "sharesOutstanding": 186218000,
    "symbol": "FRCB",
    "symbolDescription": "FIRST REP BK SAN FRANCISCO CAL COM",
    "timeOfLastTrade": 1688407205,
    "timePremium": 0.0,
    "totalVolume": 7267103,
    "upc": 0,
    "week52HiDate": 1660674564,
    "week52LowDate": 1686767364,
    "yield": 0.0
  }
}