{
  "2023-07-21": [
    {
      "OptionGreeks": {
        "currentValue": "true",
        "delta": 0.0,
        "gamma": 0.0,
        "iv": 0.44105,
        "rho": 0.0,
        "theta": 0.0,
        "vega": 0.0
      },
      "adjustedFlag": "false",
      "ask": 4.8,
      "askSize": 42,
      "bid": 0.0,
      "bidSize": 0,
      "displaySymbol": "HQY Jul 21 '23 $30 Put",
      "inTheMoney": "n",
      "lastPrice": 0.0,
      "netChange": 0.0,
      "openInterest": 0,
      "optionCategory": "STANDARD",
      "optionRootSymbol": "HQY",
      "optionType": "PUT",
      "osiKey": "HQY---230721P00030000",
      "quoteDetail": "https://api.etrade.com/v1/market/quote/HQY:2023:7:21:PUT:30.000000",
      "strikePrice": 30.0,
      "symbol": "HQY",
      "timeStamp": 1688403588,
      "volume": 0
    },
    {
      "OptionGreeks": {
        "currentValue": "true",
        "delta": 0.0,
        "gamma": 0.0,
        "iv": 0.44105,
        "rho": 0.0,
        "theta": 0.0,
        "vega": 0.0
      },
      "adjustedFlag": "false",
      "ask": 4.8,
      "askSize": 42,
      "bid": 0.0,
      "bidSize": 0,
      "displaySymbol": "HQY Jul 21 '23 $35 Put",
      "inTheMoney": "n",
      "lastPrice": 0.0,
      "netChange": 0.0,
      "openInterest": 0,
      "optionCategory": "STANDARD",
      "optionRootSymbol": "HQY",
      "optionType": "PUT",
      "osiKey": "HQY---230721P00035000",
      "quoteDetail": "https://api.etrade.com/v1/market/quote/HQY:2023:7:21:PUT:35.000000",
      "strikePrice": 35.0,
      "symbol": "HQY",
      "timeStamp": 1688403599,
      "volume": 0
    },
    {
      "OptionGreeks": {
        "currentValue": "true",
        "delta": 0.0,
        "gamma": 0.0,
        "iv": 0.44105,
        "rho": 0.0,
        "theta": 0.0,
        "vega": 0.0
      },
      "adjustedFlag": "false",
      "ask": 4.8,
      "askSize": 43,
      "bid": 0.0,
      "bidSize": 0,
      "displaySymbol": "HQY Jul 21 '23 $40 Put",
      "inTheMoney": "n",
      "lastPrice": 0.0,
      "netChange": 0.0,
      "openInterest": 0,
      "optionCategory": "STANDARD",
      "optionRootSymbol": "HQY",
      "optionType": "PUT",
      "osiKey": "HQY---230721P00040000",
      "quoteDetail": "https://api.etrade.com/v1/market/quote/HQY:2023:7:21:PUT:40.000000",
      "strikePrice": 40.0,
      "symbol": "HQY",
      "timeStamp": 1688403599,
      "volume": 0
    },
    {
      "OptionGreeks": {
        "currentValue": "true",
        "delta": -0.00028,
        "gamma": 0.00017,
        "iv": 0.44105,
        "rho": -1e-05,
        "theta": -0.00015,
        "vega": 0.00015
      },
      "adjustedFlag": "false",
      "ask": 4.8,
      "askSize": 42,
      "bid": 0.0,
      "bidSize": 0,
      "displaySymbol": "HQY Jul 21 '23 $45 Put",
      "inTheMoney": "n",
      "lastPrice": 0.0,
      "netChange": 0.0,
      "openInterest": 0,
      "optionCategory": "STANDARD",
      "optionRootSymbol": "HQY",
      "optionType": "PUT",
      "osiKey": "HQY---230721P00045000",
      "quoteDetail": "https://api.etrade.com/v1/market/quote/HQY:2023:7:21:PUT:45.000000",
      "strikePrice": 45.0,
      "symbol": "HQY",
      "timeStamp": 1688403588,
      "volume": 0
    },
    {
      "OptionGreeks": {
        "currentValue": "true",
        "delta": -0.00993,
        "gamma": 0.0043,
        "iv": 0.44105,
        "rho": -0.0003,
        "theta": -0.00415,
        "vega": 0.00378
      },
      "adjustedFlag": "false",
      "ask": 4.8,
      "askSize": 39,
      "bid": 0.0,
      "bidSize": 0,
      "displaySymbol": "HQY Jul 21 '23 $50 Put",
      "inTheMoney": "n",
      "lastPrice": 0.05,
      "netChange": 0.0,
      "openInterest": 41,
      "optionCategory": "STANDARD",
      "optionRootSymbol": "HQY",
      "optionType": "PUT",
      "osiKey": "HQY---230721P00050000",
      "quoteDetail": "https://api.etrade.com/v1/market/quote/HQY:2023:7:21:PUT:50.000000",
      "strikePrice": 50.0,
      "symbol": "HQY",
      "timeStamp": 1688403586,
      "volume": 0
    },
    {
      "OptionGreeks": {
        "currentValue": "true",
        "delta": -0.08809,
        "gamma": 0.02605,
        "iv": 0.44105,
        "rho": -0.00266,
        "theta": -0.02661,
        "vega": 0.02238
      },
      "adjustedFlag": "false",
      "ask": 0.5,
      "askSize": 39,
      "bid": 0.0,
      "bidSize": 0,
      "displaySymbol": "HQY Jul 21 '23 $55 Put",
      "inTheMoney": "n",
      "lastPrice": 0.29,
      "netChange": 0.0,
      "openInterest": 33,
      "optionCategory": "STANDARD",
      "optionRootSymbol": "HQY",
      "optionType": "PUT",
      "osiKey": "HQY---230721P00055000",
      "quoteDetail": "https://api.etrade.com/v1/market/quote/HQY:2023:7:21:PUT:55.000000",
      "strikePrice": 55.0,
      "symbol": "HQY",
      "timeStamp": 1688403576,
      "volume": 0
    },
    {
      "OptionGreeks": {
        "currentValue": "true",
        "delta": -0.24954,
        "gamma": 0.0801,
        "iv": 0.28682,
        "rho": -0.00711,
        "theta": -0.0353,
        "vega": 0.04424
      },
      "adjustedFlag": "false",
      "ask": 0.75,
      "askSize": 28,
      "bid": 0.4,
      "bidSize": 1,
      "displaySymbol": "HQY Jul 21 '23 $60 Put",
      "inTheMoney": "n",
      "lastPrice": 0.66,
      "netChange": 0.0,
      "openInterest": 162,
      "optionCategory": "STANDARD",
      "optionRootSymbol": "HQY",
      "optionType": "PUT",
      "osiKey": "HQY---230721P00060000",
      "quoteDetail": "https://api.etrade.com/v1/market/quote/HQY:2023:7:21:PUT:60.000000",
      "strikePrice": 60.0,
      "symbol": "HQY",
      "timeStamp": 1688403599,
      "volume": 0
    },
    {
      "OptionGreeks": {
        "currentValue": "true",
        "delta": -0.78499,
        "gamma": 0.10357,
        "iv": 0.23034,
        "rho": -0.01488,
        "theta": -0.02903,
        "vega": 0.04038
      },
      "adjustedFlag": "false",
      "ask": 3.4,
      "askSize": 41,
      "bid": 1.6,
      "bidSize": 43,
      "displaySymbol": "HQY Jul 21 '23 $65 Put",
      "inTheMoney": "y",
      "lastPrice": 3.7,
      "netChange": 0.0,
      "openInterest": 23,
      "optionCategory": "STANDARD",
      "optionRootSymbol": "HQY",
      "optionType": "PUT",
      "osiKey": "HQY---230721P00065000",
      "quoteDetail": "https://api.etrade.com/v1/market/quote/HQY:2023:7:21:PUT:65.000000",
      "strikePrice": 65.0,
      "symbol": "HQY",
      "timeStamp": 1688403599,
      "volume": 0
    },
    {
      "OptionGreeks": {
        "currentValue": "true",
        "delta": -0.9117,
        "gamma": 0.0368,
        "iv": 0.39046,
        "rho": -0.01365,
        "theta": -0.02845,
        "vega": 0.02205
      },
      "adjustedFlag": "false",
      "ask": 8.1,
      "askSize": 30,
      "bid": 7.2,
      "bidSize": 30,
      "displaySymbol": "HQY Jul 21 '23 $70 Put",
      "inTheMoney": "y",
      "lastPrice": 0.0,
      "netChange": 0.0,
      "openInterest": 0,
      "optionCategory": "STANDARD",
      "optionRootSymbol": "HQY",
      "optionType": "PUT",
      "osiKey": "HQY---230721P00070000",
      "quoteDetail": "https://api.etrade.com/v1/market/quote/HQY:2023:7:21:PUT:70.000000",
      "strikePrice": 70.0,
      "symbol": "HQY",
      "timeStamp": 1688403588,
      "volume": 0
    },
    {
      "OptionGreeks": {
        "currentValue": "true",
        "delta": -0.94453,
        "gamma": 0.02002,
        "iv": 0.53141,
        "rho": -0.01271,
        "theta": -0.0277,
        "vega": 0.0153
      },
      "adjustedFlag": "false",
      "ask": 13.8,
      "askSize": 30,
      "bid": 11.1,
      "bidSize": 30,
      "displaySymbol": "HQY Jul 21 '23 $75 Put",
      "inTheMoney": "y",
      "lastPrice": 0.0,
      "netChange": 0.0,
      "openInterest": 0,
      "optionCategory": "STANDARD",
      "optionRootSymbol": "HQY",
      "optionType": "PUT",
      "osiKey": "HQY---230721P00075000",
      "quoteDetail": "https://api.etrade.com/v1/market/quote/HQY:2023:7:21:PUT:75.000000",
      "strikePrice": 75.0,
      "symbol": "HQY",
      "timeStamp": 1688403597,
      "volume": 0
    },
    {
      "OptionGreeks": {
        "currentValue": "true",
        "delta": -0.99766,
        "gamma": 0.00351,
        "iv": 0.53141,
        "rho": -1e-05,
        "theta": -0.01171,
        "vega": 0.0
      },
      "adjustedFlag": "false",
      "ask": 18.8,
      "askSize": 30,
      "bid": 17.3,
      "bidSize": 31,
      "displaySymbol": "HQY Jul 21 '23 $80 Put",
      "inTheMoney": "y",
      "lastPrice": 0.0,
      "netChange": 0.0,
      "openInterest": 0,
      "optionCategory": "STANDARD",
      "optionRootSymbol": "HQY",
      "optionType": "PUT",
      "osiKey": "HQY---230721P00080000",
      "quoteDetail": "https://api.etrade.com/v1/market/quote/HQY:2023:7:21:PUT:80.000000",
      "strikePrice": 80.0,
      "symbol": "HQY",
      "timeStamp": 1688403578,
      "volume": 0
    },
    {
      "OptionGreeks": {
        "currentValue": "true",
        "delta": -1.0,
        "gamma": 0.0,
        "iv": 0.53141,
        "rho": 0.0,
        "theta": -0.01175,
        "vega": 0.0
      },
      "adjustedFlag": "false",
      "ask": 23.8,
      "askSize": 30,
      "bid": 21.4,
      "bidSize": 30,
      "displaySymbol": "HQY Jul 21 '23 $85 Put",
      "inTheMoney": "y",
      "lastPrice": 0.0,
      "netChange": 0.0,
      "openInterest": 0,
      "optionCategory": "STANDARD",
      "optionRootSymbol": "HQY",
      "optionType": "PUT",
      "osiKey": "HQY---230721P00085000",
      "quoteDetail": "https://api.etrade.com/v1/market/quote/HQY:2023:7:21:PUT:85.000000",
      "strikePrice": 85.0,
      "symbol": "HQY",
      "timeStamp": 1688403546,
      "volume": 0
    },
    {
      "OptionGreeks": {
        "currentValue": "true",
        "delta": -1.0,
        "gamma": 0.0,
        "iv": 0.53141,
        "rho": 0.0,
        "theta": -0.01175,
        "vega": 0.0
      },
      "adjustedFlag": "false",
      "ask": 29.3,
      "askSize": 30,
      "bid": 25.4,
      "bidSize": 30,
      "displaySymbol": "HQY Jul 21 '23 $90 Put",
      "inTheMoney": "y",
      "lastPrice": 0.0,
      "netChange": 0.0,
      "openInterest": 0,
      "optionCategory": "STANDARD",
      "optionRootSymbol": "HQY",
      "optionType": "PUT",
      "osiKey": "HQY---230721P00090000",
      "quoteDetail": "https://api.etrade.com/v1/market/quote/HQY:2023:7:21:PUT:90.000000",
      "strikePrice": 90.0,
      "symbol": "HQY",
      "timeStamp": 1688403592,
      "volume": 0
    },
    {
      "OptionGreeks": {
        "currentValue": "true",
        "delta": -1.0,
        "gamma": 0.0,
        "iv": 0.53141,
        "rho": -1e-05,
        "theta": -0.01175,
        "vega": 0.0
      },
      "adjustedFlag": "false",
      "ask": 33.9,
      "askSize": 30,
      "bid": 31.1,
      "bidSize": 30,
      "displaySymbol": "HQY Jul 21 '23 $95 Put",
      "inTheMoney": "y",
      "lastPrice": 0.0,
      "netChange": 0.0,
      "openInterest": 0,
      "optionCategory": "STANDARD",
      "optionRootSymbol": "HQY",
      "optionType": "PUT",
      "osiKey": "HQY---230721P00095000",
      "quoteDetail": "https://api.etrade.com/v1/market/quote/HQY:2023:7:21:PUT:95.000000",
      "strikePrice": 95.0,
      "symbol": "HQY",
      "timeStamp": 1688403531,
      "volume": 0
    },
    {
      "OptionGreeks": {
        "currentValue": "true",
        "delta": -1.0,
        "gamma": 0.0,
        "iv": 0.53141,
        "rho": -1e-05,
        "theta": -0.01175,
        "vega": 0.0
      },
      "adjustedFlag": "false",
      "ask": 38.7,
      "askSize": 30,
      "bid": 36.1,
      "bidSize": 30,
      "displaySymbol": "HQY Jul 21 '23 $100 Put",
      "inTheMoney": "y",
      "lastPrice": 0.0,
      "netChange": 0.0,
      "openInterest": 0,
      "optionCategory": "STANDARD",
      "optionRootSymbol": "HQY",
      "optionType": "PUT",
      "osiKey": "HQY---230721P00100000",
      "quoteDetail": "https://api.etrade.com/v1/market/quote/HQY:2023:7:21:PUT:100.000000",
      "strikePrice": 100.0,
      "symbol": "HQY",
      "timeStamp": 1688403518,
      "volume": 0
    },
    {
      "OptionGreeks": {
        "currentValue": "true",
        "delta": 1.0,
        "gamma": 0.0,
        "iv": 0.44105,
        "rho": 0.01393,
        "theta": 0.0,
        "vega": 0.0
      },
      "adjustedFlag": "false",
      "ask": 34.3,
      "askSize": 30,
      "bid": 30.5,
      "bidSize": 30,
      "displaySymbol": "HQY Jul 21 '23 $30 Call",
      "inTheMoney": "y",
      "lastPrice": 0.0,
      "netChange": 0.0,
      "openInterest": 0,
      "optionCategory": "STANDARD",
      "optionRootSymbol": "HQY",
      "optionType": "CALL",
      "osiKey": "HQY---230721C00030000",
      "quoteDetail": "https://api.etrade.com/v1/market/quote/HQY:2023:7:21:CALL:30.000000",
      "strikePrice": 30.0,
      "symbol": "HQY",
      "timeStamp": 1688403594,
      "volume": 0
    },
    {
      "OptionGreeks": {
        "currentValue": "true",
        "delta": 1.0,
        "gamma": 0.0,
        "iv": 0.44105,
        "rho": 0.01653,
        "theta": 0.0,
        "vega": 0.0
      },
      "adjustedFlag": "false",
      "ask": 29.4,
      "askSize": 30,
      "bid": 25.4,
      "bidSize": 30,
      "displaySymbol": "HQY Jul 21 '23 $35 Call",
      "inTheMoney": "y",
      "lastPrice": 28.5,
      "netChange": 0.0,
      "openInterest": 1,
      "optionCategory": "STANDARD",
      "optionRootSymbol": "HQY",
      "optionType": "CALL",
      "osiKey": "HQY---230721C00035000",
      "quoteDetail": "https://api.etrade.com/v1/market/quote/HQY:2023:7:21:CALL:35.000000",
      "strikePrice": 35.0,
      "symbol": "HQY",
      "timeStamp": 1688403588,
      "volume": 0
    },
    {
      "OptionGreeks": {
        "currentValue": "true",
        "delta": 1.0,
        "gamma": 0.0,
        "iv": 0.44105,
        "rho": 0.01912,
        "theta": 0.0,
        "vega": 0.0
      },
      "adjustedFlag": "false",
      "ask": 23.7,
      "askSize": 30,
      "bid": 21.3,
      "bidSize": 30,
      "displaySymbol": "HQY Jul 21 '23 $40 Call",
      "inTheMoney": "y",
      "lastPrice": 0.0,
      "netChange": 0.0,
      "openInterest": 0,
      "optionCategory": "STANDARD",
      "optionRootSymbol": "HQY",
      "optionType": "CALL",
      "osiKey": "HQY---230721C00040000",
      "quoteDetail": "https://api.etrade.com/v1/market/quote/HQY:2023:7:21:CALL:40.000000",
      "strikePrice": 40.0,
      "symbol": "HQY",
      "timeStamp": 1688403596,
      "volume": 0
    },
    {
      "OptionGreeks": {
        "currentValue": "true",
        "delta": 1.0,
        "gamma": 0.00017,
        "iv": 0.44105,
        "rho": 0.02172,
        "theta": 0.0,
        "vega": 0.00015
      },
      "adjustedFlag": "false",
      "ask": 18.1,
      "askSize": 30,
      "bid": 16.3,
      "bidSize": 30,
      "displaySymbol": "HQY Jul 21 '23 $45 Call",
      "inTheMoney": "y",
      "lastPrice": 0.0,
      "netChange": 0.0,
      "openInterest": 0,
      "optionCategory": "STANDARD",
      "optionRootSymbol": "HQY",
      "optionType": "CALL",
      "osiKey": "HQY---230721C00045000",
      "quoteDetail": "https://api.etrade.com/v1/market/quote/HQY:2023:7:21:CALL:45.000000",
      "strikePrice": 45.0,
      "symbol": "HQY",
      "timeStamp": 1688403593,
      "volume": 0
    },
    {
      "OptionGreeks": {
        "currentValue": "true",
        "delta": 0.99091,
        "gamma": 0.00429,
        "iv": 0.44105,
        "rho": 0.02402,
        "theta": -0.00234,
        "vega": 0.00378
      },
      "adjustedFlag": "false",
      "ask": 14.2,
      "askSize": 30,
      "bid": 10.8,
      "bidSize": 30,
      "displaySymbol": "HQY Jul 21 '23 $50 Call",
      "inTheMoney": "y",
      "lastPrice": 15.2,
      "netChange": 0.0,
      "openInterest": 12,
      "optionCategory": "STANDARD",
      "optionRootSymbol": "HQY",
      "optionType": "CALL",
      "osiKey": "HQY---230721C00050000",
      "quoteDetail": "https://api.etrade.com/v1/market/quote/HQY:2023:7:21:CALL:50.000000",
      "strikePrice": 50.0,
      "symbol": "HQY",
      "timeStamp": 1688403565,
      "volume": 0
    },
    {
      "OptionGreeks": {
        "currentValue": "true",
        "delta": 0.91308,
        "gamma": 0.02592,
        "iv": 0.44105,
        "rho": 0.02413,
        "theta": -0.0254,
        "vega": 0.02232
      },
      "adjustedFlag": "false",
      "ask": 8.0,
      "askSize": 30,
      "bid": 7.0,
      "bidSize": 30,
      "displaySymbol": "HQY Jul 21 '23 $55 Call",
      "inTheMoney": "y",
      "lastPrice": 11.9,
      "netChange": 0.0,
      "openInterest": 1,
      "optionCategory": "STANDARD",
      "optionRootSymbol": "HQY",
      "optionType": "CALL",
      "osiKey": "HQY---230721C00055000",
      "quoteDetail": "https://api.etrade.com/v1/market/quote/HQY:2023:7:21:CALL:55.000000",
      "strikePrice": 55.0,
      "symbol": "HQY",
      "timeStamp": 1688403575,
      "volume": 0
    },
    {
      "OptionGreeks": {
        "currentValue": "true",
        "delta": 0.75362,
        "gamma": 0.07905,
        "iv": 0.28682,
        "rho": 0.02163,
        "theta": -0.03448,
        "vega": 0.04408
      },
      "adjustedFlag": "false",
      "ask": 3.4,
      "askSize": 33,
      "bid": 2.55,
      "bidSize": 43,
      "displaySymbol": "HQY Jul 21 '23 $60 Call",
      "inTheMoney": "y",
      "lastPrice": 3.23,
      "netChange": -0.57,
      "openInterest": 81,
      "optionCategory": "STANDARD",
      "optionRootSymbol": "HQY",
      "optionType": "CALL",
      "osiKey": "HQY---230721C00060000",
      "quoteDetail": "https://api.etrade.com/v1/market/quote/HQY:2023:7:21:CALL:60.000000",
      "strikePrice": 60.0,
      "symbol": "HQY",
      "timeStamp": 1688403599,
      "volume": 2
    },
    {
      "OptionGreeks": {
        "currentValue": "true",
        "delta": 0.23782,
        "gamma": 0.09636,
        "iv": 0.23034,
        "rho": 0.00707,
        "theta": -0.02735,
        "vega": 0.04329
      },
      "adjustedFlag": "false",
      "ask": 0.7,
      "askSize": 31,
      "bid": 0.2,
      "bidSize": 63,
      "displaySymbol": "HQY Jul 21 '23 $65 Call",
      "inTheMoney": "n",
      "lastPrice": 0.6,
      "netChange": 0.1,
      "openInterest": 181,
      "optionCategory": "STANDARD",
      "optionRootSymbol": "HQY",
      "optionType": "CALL",
      "osiKey": "HQY---230721C00065000",
      "quoteDetail": "https://api.etrade.com/v1/market/quote/HQY:2023:7:21:CALL:65.000000",
      "strikePrice": 65.0,
      "symbol": "HQY",
      "timeStamp": 1688403599,
      "volume": 3
    },
    {
      "OptionGreeks": {
        "currentValue": "true",
        "delta": 0.10745,
        "gamma": 0.03393,
        "iv": 0.39046,
        "rho": 0.00313,
        "theta": -0.0272,
        "vega": 0.02593
      },
      "adjustedFlag": "false",
      "ask": 0.45,
      "askSize": 41,
      "bid": 0.1,
      "bidSize": 1,
      "displaySymbol": "HQY Jul 21 '23 $70 Call",
      "inTheMoney": "n",
      "lastPrice": 0.2,
      "netChange": 0.0,
      "openInterest": 124,
      "optionCategory": "STANDARD",
      "optionRootSymbol": "HQY",
      "optionType": "CALL",
      "osiKey": "HQY---230721C00070000",
      "quoteDetail": "https://api.etrade.com/v1/market/quote/HQY:2023:7:21:CALL:70.000000",
      "strikePrice": 70.0,
      "symbol": "HQY",
      "timeStamp": 1688403599,
      "volume": 0
    },
    {
      "OptionGreeks": {
        "currentValue": "true",
        "delta": 0.07156,
        "gamma": 0.0184,
        "iv": 0.53141,
        "rho": 0.00206,
        "theta": -0.02702,
        "vega": 0.01909
      },
      "adjustedFlag": "false",
      "ask": 0.45,
      "askSize": 30,
      "bid": 0.0,
      "bidSize": 0,
      "displaySymbol": "HQY Jul 21 '23 $75 Call",
      "inTheMoney": "n",
      "lastPrice": 0.1,
      "netChange": 0.0,
      "openInterest": 25,
      "optionCategory": "STANDARD",
      "optionRootSymbol": "HQY",
      "optionType": "CALL",
      "osiKey": "HQY---230721C00075000",
      "quoteDetail": "https://api.etrade.com/v1/market/quote/HQY:2023:7:21:CALL:75.000000",
      "strikePrice": 75.0,
      "symbol": "HQY",
      "timeStamp": 1688403578,
      "volume": 0
    },
    {
      "OptionGreeks": {
        "currentValue": "true",
        "delta": 0.02222,
        "gamma": 0.00712,
        "iv": 0.53141,
        "rho": 0.00064,
        "theta": -0.01012,
        "vega": 0.00744
      },
      "adjustedFlag": "false",
      "ask": 4.8,
      "askSize": 41,
      "bid": 0.0,
      "bidSize": 0,
      "displaySymbol": "HQY Jul 21 '23 $80 Call",
      "inTheMoney": "n",
      "lastPrice": 0.0,
      "netChange": 0.0,
      "openInterest": 0,
      "optionCategory": "STANDARD",
      "optionRootSymbol": "HQY",
      "optionType": "CALL",
      "osiKey": "HQY---230721C00080000",
      "quoteDetail": "https://api.etrade.com/v1/market/quote/HQY:2023:7:21:CALL:80.000000",
      "strikePrice": 80.0,
      "symbol": "HQY",
      "timeStamp": 1688403599,
      "volume": 0
    },
    {
      "OptionGreeks": {
        "currentValue": "true",
        "delta": 0.0062,
        "gamma": 0.00234,
        "iv": 0.53141,
        "rho": 0.00018,
        "theta": -0.00323,
        "vega": 0.00249
      },
      "adjustedFlag": "false",
      "ask": 4.8,
      "askSize": 43,
      "bid": 0.0,
      "bidSize": 0,
      "displaySymbol": "HQY Jul 21 '23 $85 Call",
      "inTheMoney": "n",
      "lastPrice": 0.0,
      "netChange": 0.0,
      "openInterest": 0,
      "optionCategory": "STANDARD",
      "optionRootSymbol": "HQY",
      "optionType": "CALL",
      "osiKey": "HQY---230721C00085000",
      "quoteDetail": "https://api.etrade.com/v1/market/quote/HQY:2023:7:21:CALL:85.000000",
      "strikePrice": 85.0,
      "symbol": "HQY",
      "timeStamp": 1688403588,
      "volume": 0
    },
    {
      "OptionGreeks": {
        "currentValue": "true",
        "delta": 0.00145,
        "gamma": 0.00063,
        "iv": 0.53141,
        "rho": 4e-05,
        "theta": -0.00083,
        "vega": 0.00068
      },
      "adjustedFlag": "false",
      "ask": 4.8,
      "askSize": 41,
      "bid": 0.0,
      "bidSize": 0,
      "displaySymbol": "HQY Jul 21 '23 $90 Call",
      "inTheMoney": "n",
      "lastPrice": 0.0,
      "netChange": 0.0,
      "openInterest": 0,
      "optionCategory": "STANDARD",
      "optionRootSymbol": "HQY",
      "optionType": "CALL",
      "osiKey": "HQY---230721C00090000",
      "quoteDetail": "https://api.etrade.com/v1/market/quote/HQY:2023:7:21:CALL:90.000000",
      "strikePrice": 90.0,
      "symbol": "HQY",
      "timeStamp": 1688403588,
      "volume": 0
    },
    {
      "OptionGreeks": {
        "currentValue": "true",
        "delta": 0.00029,
        "gamma": 0.00014,
        "iv": 0.53141,
        "rho": 1e-05,
        "theta": -0.00018,
        "vega": 0.00015
      },
      "adjustedFlag": "false",
      "ask": 4.8,
      "askSize": 41,
      "bid": 0.0,
      "bidSize": 0,
      "displaySymbol": "HQY Jul 21 '23 $95 Call",
      "inTheMoney": "n",
      "lastPrice": 0.0,
      "netChange": 0.0,
      "openInterest": 0,
      "optionCategory": "STANDARD",
      "optionRootSymbol": "HQY",
      "optionType": "CALL",
      "osiKey": "HQY---230721C00095000",
      "quoteDetail": "https://api.etrade.com/v1/market/quote/HQY:2023:7:21:CALL:95.000000",
      "strikePrice": 95.0,
      "symbol": "HQY",
      "timeStamp": 1688403599,
      "volume": 0
    },
    {
      "OptionGreeks": {
        "currentValue": "true",
        "delta": 5e-05,
        "gamma": 3e-05,
        "iv": 0.53141,
        "rho": 0.0,
        "theta": -3e-05,
        "vega": 3e-05
      },
      "adjustedFlag": "false",
      "ask": 4.8,
      "askSize": 42,
      "bid": 0.0,
      "bidSize": 0,
      "displaySymbol": "HQY Jul 21 '23 $100 Call",
      "inTheMoney": "n",
      "lastPrice": 0.0,
      "netChange": 0.0,
      "openInterest": 0,
      "optionCategory": "STANDARD",
      "optionRootSymbol": "HQY",
      "optionType": "CALL",
      "osiKey": "HQY---230721C00100000",
      "quoteDetail": "https://api.etrade.com/v1/market/quote/HQY:2023:7:21:CALL:100.000000",
      "strikePrice": 100.0,
      "symbol": "HQY",
      "timeStamp": 1688403588,
      "volume": 0
    }
  ],
  "2023-08-18": [
    {
      "OptionGreeks": {
        "currentValue": "true",
        "delta": -0.00017,
        "gamma": 6e-05,
        "iv": 0.47287,
        "rho": -1e-05,
        "theta": -7e-05,
        "vega": 0.00016
      },
      "adjustedFlag": "false",
      "ask": 4.8,
      "askSize": 40,
      "bid": 0.0,
      "bidSize": 0,
      "displaySymbol": "HQY Aug 18 '23 $35 Put",
      "inTheMoney": "n",
      "lastPrice": 0.0,
      "netChange": 0.0,
      "openInterest": 0,
      "optionCategory": "STANDARD",
      "optionRootSymbol": "HQY",
      "optionType": "PUT",
      "osiKey": "HQY---230818P00035000",
      "quoteDetail": "https://api.etrade.com/v1/market/quote/HQY:2023:8:18:PUT:35.000000",
      "strikePrice": 35.0,
      "symbol": "HQY",
      "timeStamp": 1688403576,
      "volume": 0
    },
    {
      "OptionGreeks": {
        "currentValue": "true",
        "delta": -0.00276,
        "gamma": 0.0008,
        "iv": 0.47287,
        "rho": -0.00022,
        "theta": -0.00091,
        "vega": 0.00196
      },
      "adjustedFlag": "false",
      "ask": 4.8,
      "askSize": 42,
      "bid": 0.0,
      "bidSize": 0,
      "displaySymbol": "HQY Aug 18 '23 $40 Put",
      "inTheMoney": "n",
      "lastPrice": 0.0,
      "netChange": 0.0,
      "openInterest": 0,
      "optionCategory": "STANDARD",
      "optionRootSymbol": "HQY",
      "optionType": "PUT",
      "osiKey": "HQY---230818P00040000",
      "quoteDetail": "https://api.etrade.com/v1/market/quote/HQY:2023:8:18:PUT:40.000000",
      "strikePrice": 40.0,
      "symbol": "HQY",
      "timeStamp": 1688403573,
      "volume": 0
    },
    {
      "OptionGreeks": {
        "currentValue": "true",
        "delta": -0.0202,
        "gamma": 0.00464,
        "iv": 0.47287,
        "rho": -0.0016,
        "theta": -0.00538,
        "vega": 0.01104
      },
      "adjustedFlag": "false",
      "ask": 1.4,
      "askSize": 43,
      "bid": 0.0,
      "bidSize": 0,
      "displaySymbol": "HQY Aug 18 '23 $45 Put",
      "inTheMoney": "n",
      "lastPrice": 0.0,
      "netChange": 0.0,
      "openInterest": 0,
      "optionCategory": "STANDARD",
      "optionRootSymbol": "HQY",
      "optionType": "PUT",
      "osiKey": "HQY---230818P00045000",
      "quoteDetail": "https://api.etrade.com/v1/market/quote/HQY:2023:8:18:PUT:45.000000",
      "strikePrice": 45.0,
      "symbol": "HQY",
      "timeStamp": 1688403587,
      "volume": 0
    },
    {
      "OptionGreeks": {
        "currentValue": "true",
        "delta": -0.07737,
        "gamma": 0.01379,
        "iv": 0.47287,
        "rho": -0.00614,
        "theta": -0.01627,
        "vega": 0.0324
      },
      "adjustedFlag": "false",
      "ask": 0.75,
      "askSize": 38,
      "bid": 0.0,
      "bidSize": 0,
      "displaySymbol": "HQY Aug 18 '23 $50 Put",
      "inTheMoney": "n",
      "lastPrice": 0.0,
      "netChange": 0.0,
      "openInterest": 0,
      "optionCategory": "STANDARD",
      "optionRootSymbol": "HQY",
      "optionType": "PUT",
      "osiKey": "HQY---230818P00050000",
      "quoteDetail": "https://api.etrade.com/v1/market/quote/HQY:2023:8:18:PUT:50.000000",
      "strikePrice": 50.0,
      "symbol": "HQY",
      "timeStamp": 1688403597,
      "volume": 0
    },
    {
      "OptionGreeks": {
        "currentValue": "true",
        "delta": -0.14349,
        "gamma": 0.02801,
        "iv": 0.36427,
        "rho": -0.01107,
        "theta": -0.01969,
        "vega": 0.05052
      },
      "adjustedFlag": "false",
      "ask": 0.85,
      "askSize": 10,
      "bid": 0.35,
      "bidSize": 58,
      "displaySymbol": "HQY Aug 18 '23 $55 Put",
      "inTheMoney": "n",
      "lastPrice": 1.0,
      "netChange": 0.0,
      "openInterest": 44,
      "optionCategory": "STANDARD",
      "optionRootSymbol": "HQY",
      "optionType": "PUT",
      "osiKey": "HQY---230818P00055000",
      "quoteDetail": "https://api.etrade.com/v1/market/quote/HQY:2023:8:18:PUT:55.000000",
      "strikePrice": 55.0,
      "symbol": "HQY",
      "timeStamp": 1688403599,
      "volume": 0
    },
    {
      "OptionGreeks": {
        "currentValue": "true",
        "delta": -0.33051,
        "gamma": 0.05278,
        "iv": 0.3117,
        "rho": -0.02425,
        "theta": -0.02725,
        "vega": 0.08025
      },
      "adjustedFlag": "false",
      "ask": 1.8,
      "askSize": 1,
      "bid": 1.3,
      "bidSize": 35,
      "displaySymbol": "HQY Aug 18 '23 $60 Put",
      "inTheMoney": "n",
      "lastPrice": 0.0,
      "netChange": 0.0,
      "openInterest": 0,
      "optionCategory": "STANDARD",
      "optionRootSymbol": "HQY",
      "optionType": "PUT",
      "osiKey": "HQY---230818P00060000",
      "quoteDetail": "https://api.etrade.com/v1/market/quote/HQY:2023:8:18:PUT:60.000000",
      "strikePrice": 60.0,
      "symbol": "HQY",
      "timeStamp": 1688403599,
      "volume": 0
    },
    {
      "OptionGreeks": {
        "currentValue": "true",
        "delta": -0.64193,
        "gamma": 0.06584,
        "iv": 0.26737,
        "rho": -0.0398,
        "theta": -0.02468,
        "vega": 0.08225
      },
      "adjustedFlag": "false",
      "ask": 5.4,
      "askSize": 42,
      "bid": 2.1,
      "bidSize": 42,
      "displaySymbol": "HQY Aug 18 '23 $65 Put",
      "inTheMoney": "y",
      "lastPrice": 0.0,
      "netChange": 0.0,
      "openInterest": 0,
      "optionCategory": "STANDARD",
      "optionRootSymbol": "HQY",
      "optionType": "PUT",
      "osiKey": "HQY---230818P00065000",
      "quoteDetail": "https://api.etrade.com/v1/market/quote/HQY:2023:8:18:PUT:65.000000",
      "strikePrice": 65.0,
      "symbol": "HQY",
      "timeStamp": 1688403599,
      "volume": 0
    },
    {
      "OptionGreeks": {
        "currentValue": "true",
        "delta": -0.85174,
        "gamma": 0.0401,
        "iv": 0.30445,
        "rho": -0.03926,
        "theta": -0.01864,
        "vega": 0.05081
      },
      "adjustedFlag": "false",
      "ask": 10.5,
      "askSize": 37,
      "bid": 7.2,
      "bidSize": 41,
      "displaySymbol": "HQY Aug 18 '23 $70 Put",
      "inTheMoney": "y",
      "lastPrice": 0.0,
      "netChange": 0.0,
      "openInterest": 0,
      "optionCategory": "STANDARD",
      "optionRootSymbol": "HQY",
      "optionType": "PUT",
      "osiKey": "HQY---230818P00070000",
      "quoteDetail": "https://api.etrade.com/v1/market/quote/HQY:2023:8:18:PUT:70.000000",
      "strikePrice": 70.0,
      "symbol": "HQY",
      "timeStamp": 1688403599,
      "volume": 0
    },
    {
      "OptionGreeks": {
        "currentValue": "true",
        "delta": -0.90664,
        "gamma": 0.02407,
        "iv": 0.3918,
        "rho": -0.03657,
        "theta": -0.01774,
        "vega": 0.03635
      },
      "adjustedFlag": "false",
      "ask": 14.3,
      "askSize": 30,
      "bid": 11.8,
      "bidSize": 30,
      "displaySymbol": "HQY Aug 18 '23 $75 Put",
      "inTheMoney": "y",
      "lastPrice": 0.0,
      "netChange": 0.0,
      "openInterest": 0,
      "optionCategory": "STANDARD",
      "optionRootSymbol": "HQY",
      "optionType": "PUT",
      "osiKey": "HQY---230818P00075000",
      "quoteDetail": "https://api.etrade.com/v1/market/quote/HQY:2023:8:18:PUT:75.000000",
      "strikePrice": 75.0,
      "symbol": "HQY",
      "timeStamp": 1688403589,
      "volume": 0
    },
    {
      "OptionGreeks": {
        "currentValue": "true",
        "delta": -0.98208,
        "gamma": 0.01425,
        "iv": 0.3918,
        "rho": -0.01231,
        "theta": -0.00892,
        "vega": 0.00975
      },
      "adjustedFlag": "false",
      "ask": 18.1,
      "askSize": 30,
      "bid": 16.3,
      "bidSize": 30,
      "displaySymbol": "HQY Aug 18 '23 $80 Put",
      "inTheMoney": "y",
      "lastPrice": 0.0,
      "netChange": 0.0,
      "openInterest": 0,
      "optionCategory": "STANDARD",
      "optionRootSymbol": "HQY",
      "optionType": "PUT",
      "osiKey": "HQY---230818P00080000",
      "quoteDetail": "https://api.etrade.com/v1/market/quote/HQY:2023:8:18:PUT:80.000000",
      "strikePrice": 80.0,
      "symbol": "HQY",
      "timeStamp": 1688403573,
      "volume": 0
    },
    {
      "OptionGreeks": {
        "currentValue": "true",
        "delta": -1.0,
        "gamma": 0.0,
        "iv": 0.3918,
        "rho": 0.0,
        "theta": -0.00677,
        "vega": 0.0
      },
      "adjustedFlag": "false",
      "ask": 24.3,
      "askSize": 30,
      "bid": 20.7,
      "bidSize": 30,
      "displaySymbol": "HQY Aug 18 '23 $85 Put",
      "inTheMoney": "y",
      "lastPrice": 0.0,
      "netChange": 0.0,
      "openInterest": 0,
      "optionCategory": "STANDARD",
      "optionRootSymbol": "HQY",
      "optionType": "PUT",
      "osiKey": "HQY---230818P00085000",
      "quoteDetail": "https://api.etrade.com/v1/market/quote/HQY:2023:8:18:PUT:85.000000",
      "strikePrice": 85.0,
      "symbol": "HQY",
      "timeStamp": 1688403580,
      "volume": 0
    },
    {
      "OptionGreeks": {
        "currentValue": "true",
        "delta": -1.0,
        "gamma": 0.0,
        "iv": 0.3918,
        "rho": 0.0,
        "theta": -0.00677,
        "vega": 0.0
      },
      "adjustedFlag": "false",
      "ask": 29.4,
      "askSize": 30,
      "bid": 25.4,
      "bidSize": 30,
      "displaySymbol": "HQY Aug 18 '23 $90 Put",
      "inTheMoney": "y",
      "lastPrice": 0.0,
      "netChange": 0.0,
      "openInterest": 0,
      "optionCategory": "STANDARD",
      "optionRootSymbol": "HQY",
      "optionType": "PUT",
      "osiKey": "HQY---230818P00090000",
      "quoteDetail": "https://api.etrade.com/v1/market/quote/HQY:2023:8:18:PUT:90.000000",
      "strikePrice": 90.0,
      "symbol": "HQY",
      "timeStamp": 1688403595,
      "volume": 0
    },
    {
      "OptionGreeks": {
        "currentValue": "true",
        "delta": -1.0,
        "gamma": 0.0,
        "iv": 0.3918,
        "rho": -1e-05,
        "theta": -0.00677,
        "vega": 0.0
      },
      "adjustedFlag": "false",
      "ask": 34.0,
      "askSize": 30,
      "bid": 30.9,
      "bidSize": 30,
      "displaySymbol": "HQY Aug 18 '23 $95 Put",
      "inTheMoney": "y",
      "lastPrice": 0.0,
      "netChange": 0.0,
      "openInterest": 0,
      "optionCategory": "STANDARD",
      "optionRootSymbol": "HQY",
      "optionType": "PUT",
      "osiKey": "HQY---230818P00095000",
      "quoteDetail": "https://api.etrade.com/v1/market/quote/HQY:2023:8:18:PUT:95.000000",
      "strikePrice": 95.0,
      "symbol": "HQY",
      "timeStamp": 1688403580,
      "volume": 0
    },
    {
      "OptionGreeks": {
        "currentValue": "true",
        "delta": 0.99816,
        "gamma": 6e-05,
        "iv": 0.47287,
        "rho": 0.04371,
        "theta": 0.0,
        "vega": 0.00016
      },
      "adjustedFlag": "false",
      "ask": 29.0,
      "askSize": 30,
      "bid": 26.1,
      "bidSize": 30,
      "displaySymbol": "HQY Aug 18 '23 $35 Call",
      "inTheMoney": "y",
      "lastPrice": 0.0,
      "netChange": 0.0,
      "openInterest": 0,
      "optionCategory": "STANDARD",
      "optionRootSymbol": "HQY",
      "optionType": "CALL",
      "osiKey": "HQY---230818C00035000",
      "quoteDetail": "https://api.etrade.com/v1/market/quote/HQY:2023:8:18:CALL:35.000000",
      "strikePrice": 35.0,
      "symbol": "HQY",
      "timeStamp": 1688403581,
      "volume": 0
    },
    {
      "OptionGreeks": {
        "currentValue": "true",
        "delta": 0.99558,
        "gamma": 0.0008,
        "iv": 0.47287,
        "rho": 0.0498,
        "theta": 0.0,
        "vega": 0.00196
      },
      "adjustedFlag": "false",
      "ask": 24.0,
      "askSize": 30,
      "bid": 21.6,
      "bidSize": 30,
      "displaySymbol": "HQY Aug 18 '23 $40 Call",
      "inTheMoney": "y",
      "lastPrice": 0.0,
      "netChange": 0.0,
      "openInterest": 0,
      "optionCategory": "STANDARD",
      "optionRootSymbol": "HQY",
      "optionType": "CALL",
      "osiKey": "HQY---230818C00040000",
      "quoteDetail": "https://api.etrade.com/v1/market/quote/HQY:2023:8:18:CALL:40.000000",
      "strikePrice": 40.0,
      "symbol": "HQY",
      "timeStamp": 1688403549,
      "volume": 0
    },
    {
      "OptionGreeks": {
        "currentValue": "true",
        "delta": 0.9782,
        "gamma": 0.00462,
        "iv": 0.47287,
        "rho": 0.05465,
        "theta": -0.00285,
        "vega": 0.01101
      },
      "adjustedFlag": "false",
      "ask": 19.2,
      "askSize": 30,
      "bid": 17.2,
      "bidSize": 30,
      "displaySymbol": "HQY Aug 18 '23 $45 Call",
      "inTheMoney": "y",
      "lastPrice": 0.0,
      "netChange": 0.0,
      "openInterest": 0,
      "optionCategory": "STANDARD",
      "optionRootSymbol": "HQY",
      "optionType": "CALL",
      "osiKey": "HQY---230818C00045000",
      "quoteDetail": "https://api.etrade.com/v1/market/quote/HQY:2023:8:18:CALL:45.000000",
      "strikePrice": 45.0,
      "symbol": "HQY",
      "timeStamp": 1688403572,
      "volume": 0
    },
    {
      "OptionGreeks": {
        "currentValue": "true",
        "delta": 0.92126,
        "gamma": 0.01372,
        "iv": 0.47287,
        "rho": 0.05611,
        "theta": -0.01439,
        "vega": 0.03231
      },
      "adjustedFlag": "false",
      "ask": 15.3,
      "askSize": 30,
      "bid": 11.0,
      "bidSize": 31,
      "displaySymbol": "HQY Aug 18 '23 $50 Call",
      "inTheMoney": "y",
      "lastPrice": 0.0,
      "netChange": 0.0,
      "openInterest": 0,
      "optionCategory": "STANDARD",
      "optionRootSymbol": "HQY",
      "optionType": "CALL",
      "osiKey": "HQY---230818C00050000",
      "quoteDetail": "https://api.etrade.com/v1/market/quote/HQY:2023:8:18:CALL:50.000000",
      "strikePrice": 50.0,
      "symbol": "HQY",
      "timeStamp": 1688403588,
      "volume": 0
    },
    {
      "OptionGreeks": {
        "currentValue": "true",
        "delta": 0.8557,
        "gamma": 0.02779,
        "iv": 0.36427,
        "rho": 0.05697,
        "theta": -0.01845,
        "vega": 0.05034
      },
      "adjustedFlag": "false",
      "ask": 8.8,
      "askSize": 40,
      "bid": 6.4,
      "bidSize": 40,
      "displaySymbol": "HQY Aug 18 '23 $55 Call",
      "inTheMoney": "y",
      "lastPrice": 0.0,
      "netChange": 0.0,
      "openInterest": 0,
      "optionCategory": "STANDARD",
      "optionRootSymbol": "HQY",
      "optionType": "CALL",
      "osiKey": "HQY---230818C00055000",
      "quoteDetail": "https://api.etrade.com/v1/market/quote/HQY:2023:8:18:CALL:55.000000",
      "strikePrice": 55.0,
      "symbol": "HQY",
      "timeStamp": 1688403599,
      "volume": 0
    },
    {
      "OptionGreeks": {
        "currentValue": "true",
        "delta": 0.67108,
        "gamma": 0.052,
        "iv": 0.3117,
        "rho": 0.04751,
        "theta": -0.02647,
        "vega": 0.08003
      },
      "adjustedFlag": "false",
      "ask": 5.2,
      "askSize": 35,
      "bid": 2.3,
      "bidSize": 33,
      "displaySymbol": "HQY Aug 18 '23 $60 Call",
      "inTheMoney": "y",
      "lastPrice": 4.48,
      "netChange": -0.32,
      "openInterest": 1,
      "optionCategory": "STANDARD",
      "optionRootSymbol": "HQY",
      "optionType": "CALL",
      "osiKey": "HQY---230818C00060000",
      "quoteDetail": "https://api.etrade.com/v1/market/quote/HQY:2023:8:18:CALL:60.000000",
      "strikePrice": 60.0,
      "symbol": "HQY",
      "timeStamp": 1688403599,
      "volume": 1
    },
    {
      "OptionGreeks": {
        "currentValue": "true",
        "delta": 0.36848,
        "gamma": 0.0633,
        "iv": 0.26737,
        "rho": 0.02712,
        "theta": -0.02405,
        "vega": 0.08359
      },
      "adjustedFlag": "false",
      "ask": 2.4,
      "askSize": 31,
      "bid": 0.75,
      "bidSize": 60,
      "displaySymbol": "HQY Aug 18 '23 $65 Call",
      "inTheMoney": "n",
      "lastPrice": 1.85,
      "netChange": 0.0,
      "openInterest": 31,
      "optionCategory": "STANDARD",
      "optionRootSymbol": "HQY",
      "optionType": "CALL",
      "osiKey": "HQY---230818C00065000",
      "quoteDetail": "https://api.etrade.com/v1/market/quote/HQY:2023:8:18:CALL:65.000000",
      "strikePrice": 65.0,
      "symbol": "HQY",
      "timeStamp": 1688403599,
      "volume": 0
    },
    {
      "OptionGreeks": {
        "currentValue": "true",
        "delta": 0.16773,
        "gamma": 0.03697,
        "iv": 0.30445,
        "rho": 0.01237,
        "theta": -0.01815,
        "vega": 0.05613
      },
      "adjustedFlag": "false",
      "ask": 0.9,
      "askSize": 67,
      "bid": 0.25,
      "bidSize": 55,
      "displaySymbol": "HQY Aug 18 '23 $70 Call",
      "inTheMoney": "n",
      "lastPrice": 1.0,
      "netChange": 0.0,
      "openInterest": 109,
      "optionCategory": "STANDARD",
      "optionRootSymbol": "HQY",
      "optionType": "CALL",
      "osiKey": "HQY---230818C00070000",
      "quoteDetail": "https://api.etrade.com/v1/market/quote/HQY:2023:8:18:CALL:70.000000",
      "strikePrice": 70.0,
      "symbol": "HQY",
      "timeStamp": 1688403599,
      "volume": 0
    },
    {
      "OptionGreeks": {
        "currentValue": "true",
        "delta": 0.11244,
        "gamma": 0.02186,
        "iv": 0.3918,
        "rho": 0.00817,
        "theta": -0.01771,
        "vega": 0.04273
      },
      "adjustedFlag": "false",
      "ask": 0.9,
      "askSize": 38,
      "bid": 0.0,
      "bidSize": 0,
      "displaySymbol": "HQY Aug 18 '23 $75 Call",
      "inTheMoney": "n",
      "lastPrice": 0.0,
      "netChange": 0.0,
      "openInterest": 0,
      "optionCategory": "STANDARD",
      "optionRootSymbol": "HQY",
      "optionType": "CALL",
      "osiKey": "HQY---230818C00075000",
      "quoteDetail": "https://api.etrade.com/v1/market/quote/HQY:2023:8:18:CALL:75.000000",
      "strikePrice": 75.0,
      "symbol": "HQY",
      "timeStamp": 1688403599,
      "volume": 0
    },
    {
      "OptionGreeks": {
        "currentValue": "true",
        "delta": 0.04719,
        "gamma": 0.01125,
        "iv": 0.3918,
        "rho": 0.00344,
        "theta": -0.00903,
        "vega": 0.02226
      },
      "adjustedFlag": "false",
      "ask": 1.85,
      "askSize": 39,
      "bid": 0.0,
      "bidSize": 0,
      "displaySymbol": "HQY Aug 18 '23 $80 Call",
      "inTheMoney": "n",
      "lastPrice": 0.0,
      "netChange": 0.0,
      "openInterest": 0,
      "optionCategory": "STANDARD",
      "optionRootSymbol": "HQY",
      "optionType": "CALL",
      "osiKey": "HQY---230818C00080000",
      "quoteDetail": "https://api.etrade.com/v1/market/quote/HQY:2023:8:18:CALL:80.000000",
      "strikePrice": 80.0,
      "symbol": "HQY",
      "timeStamp": 1688403569,
      "volume": 0
    },
    {
      "OptionGreeks": {
        "currentValue": "true",
        "delta": 0.01773,
        "gamma": 0.00498,
        "iv": 0.3918,
        "rho": 0.00129,
        "theta": -0.00395,
        "vega": 0.01
      },
      "adjustedFlag": "false",
      "ask": 4.8,
      "askSize": 38,
      "bid": 0.0,
      "bidSize": 0,
      "displaySymbol": "HQY Aug 18 '23 $85 Call",
      "inTheMoney": "n",
      "lastPrice": 0.0,
      "netChange": 0.0,
      "openInterest": 0,
      "optionCategory": "STANDARD",
      "optionRootSymbol": "HQY",
      "optionType": "CALL",
      "osiKey": "HQY---230818C00085000",
      "quoteDetail": "https://api.etrade.com/v1/market/quote/HQY:2023:8:18:CALL:85.000000",
      "strikePrice": 85.0,
      "symbol": "HQY",
      "timeStamp": 1688403599,
      "volume": 0
    },
    {
      "OptionGreeks": {
        "currentValue": "true",
        "delta": 0.00595,
        "gamma": 0.00192,
        "iv": 0.3918,
        "rho": 0.00043,
        "theta": -0.0015,
        "vega": 0.00391
      },
      "adjustedFlag": "false",
      "ask": 4.8,
      "askSize": 38,
      "bid": 0.0,
      "bidSize": 0,
      "displaySymbol": "HQY Aug 18 '23 $90 Call",
      "inTheMoney": "n",
      "lastPrice": 0.0,
      "netChange": 0.0,
      "openInterest": 0,
      "optionCategory": "STANDARD",
      "optionRootSymbol": "HQY",
      "optionType": "CALL",
      "osiKey": "HQY---230818C00090000",
      "quoteDetail": "https://api.etrade.com/v1/market/quote/HQY:2023:8:18:CALL:90.000000",
      "strikePrice": 90.0,
      "symbol": "HQY",
      "timeStamp": 1688403596,
      "volume": 0
    },
    {
      "OptionGreeks": {
        "currentValue": "true",
        "delta": 0.00194,
        "gamma": 0.0007,
        "iv": 0.3918,
        "rho": 0.00014,
        "theta": -0.00054,
        "vega": 0.00146
      },
      "adjustedFlag": "false",
      "ask": 4.8,
      "askSize": 42,
      "bid": 0.0,
      "bidSize": 0,
      "displaySymbol": "HQY Aug 18 '23 $95 Call",
      "inTheMoney": "n",
      "lastPrice": 0.0,
      "netChange": 0.0,
      "openInterest": 0,
      "optionCategory": "STANDARD",
      "optionRootSymbol": "HQY",
      "optionType": "CALL",
      "osiKey": "HQY---230818C00095000",
      "quoteDetail": "https://api.etrade.com/v1/market/quote/HQY:2023:8:18:CALL:95.000000",
      "strikePrice": 95.0,
      "symbol": "HQY",
      "timeStamp": 1688403599,
      "volume": 0
    }
  ],
  "2023-09-15": [
    {
      "OptionGreeks": {
        "currentValue": "true",
        "delta": -0.00074,
        "gamma": 0.00017,
        "iv": 0.54126,
        "rho": -9e-05,
        "theta": -0.00024,
        "vega": 0.00074
      },
      "adjustedFlag": "false",
      "ask": 4.8,
      "askSize": 35,
      "bid": 0.0,
      "bidSize": 0,
      "displaySymbol": "HQY Sep 15 '23 $30 Put",
      "inTheMoney": "n",
      "lastPrice": 0.0,
      "netChange": 0.0,
      "openInterest": 0,
      "optionCategory": "STANDARD",
      "optionRootSymbol": "HQY",
      "optionType": "PUT",
      "osiKey": "HQY---230915P00030000",
      "quoteDetail": "https://api.etrade.com/v1/market/quote/HQY:2023:9:15:PUT:30.000000",
      "strikePrice": 30.0,
      "symbol": "HQY",
      "timeStamp": 1688399686,
      "volume": 0
    },
    {
      "OptionGreeks": {
        "currentValue": "true",
        "delta": -0.00557,
        "gamma": 0.00104,
        "iv": 0.54126,
        "rho": -0.00072,
        "theta": -0.00156,
        "vega": 0.00458
      },
      "adjustedFlag": "false",
      "ask": 4.8,
      "askSize": 35,
      "bid": 0.0,
      "bidSize": 0,
      "displaySymbol": "HQY Sep 15 '23 $35 Put",
      "inTheMoney": "n",
      "lastPrice": 0.0,
      "netChange": 0.0,
      "openInterest": 0,
      "optionCategory": "STANDARD",
      "optionRootSymbol": "HQY",
      "optionType": "PUT",
      "osiKey": "HQY---230915P00035000",
      "quoteDetail": "https://api.etrade.com/v1/market/quote/HQY:2023:9:15:PUT:35.000000",
      "strikePrice": 35.0,
      "symbol": "HQY",
      "timeStamp": 1688399686,
      "volume": 0
    },
    {
      "OptionGreeks": {
        "currentValue": "true",
        "delta": -0.02391,
        "gamma": 0.00369,
        "iv": 0.54126,
        "rho": -0.00311,
        "theta": -0.00563,
        "vega": 0.01602
      },
      "adjustedFlag": "false",
      "ask": 4.8,
      "askSize": 36,
      "bid": 0.0,
      "bidSize": 0,
      "displaySymbol": "HQY Sep 15 '23 $40 Put",
      "inTheMoney": "n",
      "lastPrice": 0.85,
      "netChange": 0.0,
      "openInterest": 6,
      "optionCategory": "STANDARD",
      "optionRootSymbol": "HQY",
      "optionType": "PUT",
      "osiKey": "HQY---230915P00040000",
      "quoteDetail": "https://api.etrade.com/v1/market/quote/HQY:2023:9:15:PUT:40.000000",
      "strikePrice": 40.0,
      "symbol": "HQY",
      "timeStamp": 1688400754,
      "volume": 0
    },
    {
      "OptionGreeks": {
        "currentValue": "true",
        "delta": -0.06759,
        "gamma": 0.00858,
        "iv": 0.54126,
        "rho": -0.00886,
        "theta": -0.01322,
        "vega": 0.037
      },
      "adjustedFlag": "false",
      "ask": 1.45,
      "askSize": 31,
      "bid": 0.0,
      "bidSize": 0,
      "displaySymbol": "HQY Sep 15 '23 $45 Put",
      "inTheMoney": "n",
      "lastPrice": 0.65,
      "netChange": 0.0,
      "openInterest": 44,
      "optionCategory": "STANDARD",
      "optionRootSymbol": "HQY",
      "optionType": "PUT",
      "osiKey": "HQY---230915P00045000",
      "quoteDetail": "https://api.etrade.com/v1/market/quote/HQY:2023:9:15:PUT:45.000000",
      "strikePrice": 45.0,
      "symbol": "HQY",
      "timeStamp": 1688400382,
      "volume": 0
    },
    {
      "OptionGreeks": {
        "currentValue": "true",
        "delta": -0.14365,
        "gamma": 0.0149,
        "iv": 0.54126,
        "rho": -0.01879,
        "theta": -0.02311,
        "vega": 0.06385
      },
      "adjustedFlag": "false",
      "ask": 1.9,
      "askSize": 45,
      "bid": 0.7,
      "bidSize": 11,
      "displaySymbol": "HQY Sep 15 '23 $50 Put",
      "inTheMoney": "n",
      "lastPrice": 0.67,
      "netChange": 0.0,
      "openInterest": 16,
      "optionCategory": "STANDARD",
      "optionRootSymbol": "HQY",
      "optionType": "PUT",
      "osiKey": "HQY---230915P00050000",
      "quoteDetail": "https://api.etrade.com/v1/market/quote/HQY:2023:9:15:PUT:50.000000",
      "strikePrice": 50.0,
      "symbol": "HQY",
      "timeStamp": 1688403599,
      "volume": 0
    },
    {
      "OptionGreeks": {
        "currentValue": "true",
        "delta": -0.21588,
        "gamma": 0.02428,
        "iv": 0.43157,
        "rho": -0.02708,
        "theta": -0.02394,
        "vega": 0.08251
      },
      "adjustedFlag": "false",
      "ask": 1.85,
      "askSize": 1,
      "bid": 1.35,
      "bidSize": 47,
      "displaySymbol": "HQY Sep 15 '23 $55 Put",
      "inTheMoney": "n",
      "lastPrice": 1.74,
      "netChange": 0.0,
      "openInterest": 156,
      "optionCategory": "STANDARD",
      "optionRootSymbol": "HQY",
      "optionType": "PUT",
      "osiKey": "HQY---230915P00055000",
      "quoteDetail": "https://api.etrade.com/v1/market/quote/HQY:2023:9:15:PUT:55.000000",
      "strikePrice": 55.0,
      "symbol": "HQY",
      "timeStamp": 1688403599,
      "volume": 0
    },
    {
      "OptionGreeks": {
        "currentValue": "true",
        "delta": -0.36217,
        "gamma": 0.03491,
        "iv": 0.38804,
        "rho": -0.04318,
        "theta": -0.02776,
        "vega": 0.10512
      },
      "adjustedFlag": "false",
      "ask": 3.4,
      "askSize": 1,
      "bid": 2.4,
      "bidSize": 54,
      "displaySymbol": "HQY Sep 15 '23 $60 Put",
      "inTheMoney": "n",
      "lastPrice": 2.75,
      "netChange": 0.0,
      "openInterest": 100,
      "optionCategory": "STANDARD",
      "optionRootSymbol": "HQY",
      "optionType": "PUT",
      "osiKey": "HQY---230915P00060000",
      "quoteDetail": "https://api.etrade.com/v1/market/quote/HQY:2023:9:15:PUT:60.000000",
      "strikePrice": 60.0,
      "symbol": "HQY",
      "timeStamp": 1688403599,
      "volume": 0
    },
    {
      "OptionGreeks": {
        "currentValue": "true",
        "delta": -0.55036,
        "gamma": 0.03917,
        "iv": 0.37431,
        "rho": -0.06006,
        "theta": -0.02866,
        "vega": 0.11055
      },
      "adjustedFlag": "false",
      "ask": 6.5,
      "askSize": 42,
      "bid": 3.9,
      "bidSize": 46,
      "displaySymbol": "HQY Sep 15 '23 $65 Put",
      "inTheMoney": "y",
      "lastPrice": 6.8,
      "netChange": 0.0,
      "openInterest": 51,
      "optionCategory": "STANDARD",
      "optionRootSymbol": "HQY",
      "optionType": "PUT",
      "osiKey": "HQY---230915P00065000",
      "quoteDetail": "https://api.etrade.com/v1/market/quote/HQY:2023:9:15:PUT:65.000000",
      "strikePrice": 65.0,
      "symbol": "HQY",
      "timeStamp": 1688403599,
      "volume": 0
    },
    {
      "OptionGreeks": {
        "currentValue": "true",
        "delta": -0.75125,
        "gamma": 0.03762,
        "iv": 0.34114,
        "rho": -0.06492,
        "theta": -0.02217,
        "vega": 0.08784
      },
      "adjustedFlag": "false",
      "ask": 9.8,
      "askSize": 41,
      "bid": 7.4,
      "bidSize": 41,
      "displaySymbol": "HQY Sep 15 '23 $70 Put",
      "inTheMoney": "y",
      "lastPrice": 7.0,
      "netChange": 0.0,
      "openInterest": 1,
      "optionCategory": "STANDARD",
      "optionRootSymbol": "HQY",
      "optionType": "PUT",
      "osiKey": "HQY---230915P00070000",
      "quoteDetail": "https://api.etrade.com/v1/market/quote/HQY:2023:9:15:PUT:70.000000",
      "strikePrice": 70.0,
      "symbol": "HQY",
      "timeStamp": 1688403599,
      "volume": 0
    },
    {
      "OptionGreeks": {
        "currentValue": "true",
        "delta": -0.87309,
        "gamma": 0.02781,
        "iv": 0.36043,
        "rho": -0.05506,
        "theta": -0.01735,
        "vega": 0.05696
      },
      "adjustedFlag": "false",
      "ask": 14.5,
      "askSize": 39,
      "bid": 10.9,
      "bidSize": 39,
      "displaySymbol": "HQY Sep 15 '23 $75 Put",
      "inTheMoney": "y",
      "lastPrice": 0.0,
      "netChange": 0.0,
      "openInterest": 0,
      "optionCategory": "STANDARD",
      "optionRootSymbol": "HQY",
      "optionType": "PUT",
      "osiKey": "HQY---230915P00075000",
      "quoteDetail": "https://api.etrade.com/v1/market/quote/HQY:2023:9:15:PUT:75.000000",
      "strikePrice": 75.0,
      "symbol": "HQY",
      "timeStamp": 1688403599,
      "volume": 0
    },
    {
      "OptionGreeks": {
        "currentValue": "true",
        "delta": -0.86016,
        "gamma": 0.0201,
        "iv": 0.48653,
        "rho": -0.0661,
        "theta": -0.02271,
        "vega": 0.06114
      },
      "adjustedFlag": "false",
      "ask": 18.6,
      "askSize": 30,
      "bid": 16.1,
      "bidSize": 30,
      "displaySymbol": "HQY Sep 15 '23 $80 Put",
      "inTheMoney": "y",
      "lastPrice": 0.0,
      "netChange": 0.0,
      "openInterest": 0,
      "optionCategory": "STANDARD",
      "optionRootSymbol": "HQY",
      "optionType": "PUT",
      "osiKey": "HQY---230915P00080000",
      "quoteDetail": "https://api.etrade.com/v1/market/quote/HQY:2023:9:15:PUT:80.000000",
      "strikePrice": 80.0,
      "symbol": "HQY",
      "timeStamp": 1688403591,
      "volume": 0
    },
    {
      "OptionGreeks": {
        "currentValue": "true",
        "delta": -0.92406,
        "gamma": 0.01577,
        "iv": 0.49125,
        "rho": -0.04957,
        "theta": -0.0169,
        "vega": 0.0385
      },
      "adjustedFlag": "false",
      "ask": 24.1,
      "askSize": 30,
      "bid": 21.3,
      "bidSize": 30,
      "displaySymbol": "HQY Sep 15 '23 $85 Put",
      "inTheMoney": "y",
      "lastPrice": 31.1,
      "netChange": 0.0,
      "openInterest": 0,
      "optionCategory": "STANDARD",
      "optionRootSymbol": "HQY",
      "optionType": "PUT",
      "osiKey": "HQY---230915P00085000",
      "quoteDetail": "https://api.etrade.com/v1/market/quote/HQY:2023:9:15:PUT:85.000000",
      "strikePrice": 85.0,
      "symbol": "HQY",
      "timeStamp": 1688403587,
      "volume": 0
    },
    {
      "OptionGreeks": {
        "currentValue": "true",
        "delta": -0.92874,
        "gamma": 0.01306,
        "iv": 0.56202,
        "rho": -0.05187,
        "theta": -0.01788,
        "vega": 0.03654
      },
      "adjustedFlag": "false",
      "ask": 29.7,
      "askSize": 30,
      "bid": 25.8,
      "bidSize": 30,
      "displaySymbol": "HQY Sep 15 '23 $90 Put",
      "inTheMoney": "y",
      "lastPrice": 0.0,
      "netChange": 0.0,
      "openInterest": 0,
      "optionCategory": "STANDARD",
      "optionRootSymbol": "HQY",
      "optionType": "PUT",
      "osiKey": "HQY---230915P00090000",
      "quoteDetail": "https://api.etrade.com/v1/market/quote/HQY:2023:9:15:PUT:90.000000",
      "strikePrice": 90.0,
      "symbol": "HQY",
      "timeStamp": 1688403583,
      "volume": 0
    },
    {
      "OptionGreeks": {
        "currentValue": "true",
        "delta": -0.96873,
        "gamma": 0.0105,
        "iv": 0.56202,
        "rho": -0.02948,
        "theta": -0.0129,
        "vega": 0.01785
      },
      "adjustedFlag": "false",
      "ask": 34.3,
      "askSize": 30,
      "bid": 30.2,
      "bidSize": 30,
      "displaySymbol": "HQY Sep 15 '23 $95 Put",
      "inTheMoney": "y",
      "lastPrice": 0.0,
      "netChange": 0.0,
      "openInterest": 0,
      "optionCategory": "STANDARD",
      "optionRootSymbol": "HQY",
      "optionType": "PUT",
      "osiKey": "HQY---230915P00095000",
      "quoteDetail": "https://api.etrade.com/v1/market/quote/HQY:2023:9:15:PUT:95.000000",
      "strikePrice": 95.0,
      "symbol": "HQY",
      "timeStamp": 1688403589,
      "volume": 0
    },
    {
      "OptionGreeks": {
        "currentValue": "true",
        "delta": -0.99347,
        "gamma": 0.00452,
        "iv": 0.56202,
        "rho": 1e-05,
        "theta": -0.00893,
        "vega": 0.0
      },
      "adjustedFlag": "false",
      "ask": 38.6,
      "askSize": 30,
      "bid": 36.1,
      "bidSize": 30,
      "displaySymbol": "HQY Sep 15 '23 $100 Put",
      "inTheMoney": "y",
      "lastPrice": 0.0,
      "netChange": 0.0,
      "openInterest": 0,
      "optionCategory": "STANDARD",
      "optionRootSymbol": "HQY",
      "optionType": "PUT",
      "osiKey": "HQY---230915P00100000",
      "quoteDetail": "https://api.etrade.com/v1/market/quote/HQY:2023:9:15:PUT:100.000000",
      "strikePrice": 100.0,
      "symbol": "HQY",
      "timeStamp": 1688403595,
      "volume": 0
    },
    {
      "OptionGreeks": {
        "currentValue": "true",
        "delta": 0.99905,
        "gamma": 0.00016,
        "iv": 0.54126,
        "rho": 0.06062,
        "theta": 0.0,
        "vega": 0.00074
      },
      "adjustedFlag": "false",
      "ask": 33.7,
      "askSize": 30,
      "bid": 32.3,
      "bidSize": 30,
      "displaySymbol": "HQY Sep 15 '23 $30 Call",
      "inTheMoney": "y",
      "lastPrice": 26.4,
      "netChange": 0.0,
      "openInterest": 2,
      "optionCategory": "STANDARD",
      "optionRootSymbol": "HQY",
      "optionType": "CALL",
      "osiKey": "HQY---230915C00030000",
      "quoteDetail": "https://api.etrade.com/v1/market/quote/HQY:2023:9:15:CALL:30.000000",
      "strikePrice": 30.0,
      "symbol": "HQY",
      "timeStamp": 1688403572,
      "volume": 0
    },
    {
      "OptionGreeks": {
        "currentValue": "true",
        "delta": 0.99423,
        "gamma": 0.00103,
        "iv": 0.54126,
        "rho": 0.06992,
        "theta": 0.0,
        "vega": 0.00456
      },
      "adjustedFlag": "false",
      "ask": 29.1,
      "askSize": 30,
      "bid": 27.6,
      "bidSize": 30,
      "displaySymbol": "HQY Sep 15 '23 $35 Call",
      "inTheMoney": "y",
      "lastPrice": 0.0,
      "netChange": 0.0,
      "openInterest": 0,
      "optionCategory": "STANDARD",
      "optionRootSymbol": "HQY",
      "optionType": "CALL",
      "osiKey": "HQY---230915C00035000",
      "quoteDetail": "https://api.etrade.com/v1/market/quote/HQY:2023:9:15:CALL:35.000000",
      "strikePrice": 35.0,
      "symbol": "HQY",
      "timeStamp": 1688403586,
      "volume": 0
    },
    {
      "OptionGreeks": {
        "currentValue": "true",
        "delta": 0.97598,
        "gamma": 0.00367,
        "iv": 0.54126,
        "rho": 0.07737,
        "theta": -0.00234,
        "vega": 0.01596
      },
      "adjustedFlag": "false",
      "ask": 23.9,
      "askSize": 30,
      "bid": 21.8,
      "bidSize": 30,
      "displaySymbol": "HQY Sep 15 '23 $40 Call",
      "inTheMoney": "y",
      "lastPrice": 0.0,
      "netChange": 0.0,
      "openInterest": 0,
      "optionCategory": "STANDARD",
      "optionRootSymbol": "HQY",
      "optionType": "CALL",
      "osiKey": "HQY---230915C00040000",
      "quoteDetail": "https://api.etrade.com/v1/market/quote/HQY:2023:9:15:CALL:40.000000",
      "strikePrice": 40.0,
      "symbol": "HQY",
      "timeStamp": 1688403593,
      "volume": 0
    },
    {
      "OptionGreeks": {
        "currentValue": "true",
        "delta": 0.93259,
        "gamma": 0.00852,
        "iv": 0.54126,
        "rho": 0.08117,
        "theta": -0.01058,
        "vega": 0.03684
      },
      "adjustedFlag": "false",
      "ask": 20.3,
      "askSize": 30,
      "bid": 17.9,
      "bidSize": 30,
      "displaySymbol": "HQY Sep 15 '23 $45 Call",
      "inTheMoney": "y",
      "lastPrice": 12.8,
      "netChange": 0.0,
      "openInterest": 0,
      "optionCategory": "STANDARD",
      "optionRootSymbol": "HQY",
      "optionType": "CALL",
      "osiKey": "HQY---230915C00045000",
      "quoteDetail": "https://api.etrade.com/v1/market/quote/HQY:2023:9:15:CALL:45.000000",
      "strikePrice": 45.0,
      "symbol": "HQY",
      "timeStamp": 1688403591,
      "volume": 0
    },
    {
      "OptionGreeks": {
        "currentValue": "true",
        "delta": 0.8572,
        "gamma": 0.01476,
        "iv": 0.54126,
        "rho": 0.0801,
        "theta": -0.02104,
        "vega": 0.06357
      },
      "adjustedFlag": "false",
      "ask": 14.3,
      "askSize": 41,
      "bid": 13.0,
      "bidSize": 41,
      "displaySymbol": "HQY Sep 15 '23 $50 Call",
      "inTheMoney": "y",
      "lastPrice": 17.2,
      "netChange": 0.0,
      "openInterest": 5,
      "optionCategory": "STANDARD",
      "optionRootSymbol": "HQY",
      "optionType": "CALL",
      "osiKey": "HQY---230915C00050000",
      "quoteDetail": "https://api.etrade.com/v1/market/quote/HQY:2023:9:15:CALL:50.000000",
      "strikePrice": 50.0,
      "symbol": "HQY",
      "timeStamp": 1688403599,
      "volume": 0
    },
    {
      "OptionGreeks": {
        "currentValue": "true",
        "delta": 0.78625,
        "gamma": 0.02391,
        "iv": 0.43157,
        "rho": 0.0803,
        "theta": -0.02244,
        "vega": 0.08206
      },
      "adjustedFlag": "false",
      "ask": 10.1,
      "askSize": 41,
      "bid": 9.4,
      "bidSize": 26,
      "displaySymbol": "HQY Sep 15 '23 $55 Call",
      "inTheMoney": "y",
      "lastPrice": 3.8,
      "netChange": 0.0,
      "openInterest": 23,
      "optionCategory": "STANDARD",
      "optionRootSymbol": "HQY",
      "optionType": "CALL",
      "osiKey": "HQY---230915C00055000",
      "quoteDetail": "https://api.etrade.com/v1/market/quote/HQY:2023:9:15:CALL:55.000000",
      "strikePrice": 55.0,
      "symbol": "HQY",
      "timeStamp": 1688403599,
      "volume": 0
    },
    {
      "OptionGreeks": {
        "currentValue": "true",
        "delta": 0.64326,
        "gamma": 0.03406,
        "iv": 0.38804,
        "rho": 0.06949,
        "theta": -0.02666,
        "vega": 0.10484
      },
      "adjustedFlag": "false",
      "ask": 7.2,
      "askSize": 42,
      "bid": 5.2,
      "bidSize": 40,
      "displaySymbol": "HQY Sep 15 '23 $60 Call",
      "inTheMoney": "y",
      "lastPrice": 4.8,
      "netChange": 0.0,
      "openInterest": 4,
      "optionCategory": "STANDARD",
      "optionRootSymbol": "HQY",
      "optionType": "CALL",
      "osiKey": "HQY---230915C00060000",
      "quoteDetail": "https://api.etrade.com/v1/market/quote/HQY:2023:9:15:CALL:60.000000",
      "strikePrice": 60.0,
      "symbol": "HQY",
      "timeStamp": 1688403599,
      "volume": 0
    },
    {
      "OptionGreeks": {
        "currentValue": "true",
        "delta": 0.46135,
        "gamma": 0.03759,
        "iv": 0.37431,
        "rho": 0.05151,
        "theta": -0.02778,
        "vega": 0.11156
      },
      "adjustedFlag": "false",
      "ask": 3.8,
      "askSize": 1,
      "bid": 2.85,
      "bidSize": 42,
      "displaySymbol": "HQY Sep 15 '23 $65 Call",
      "inTheMoney": "n",
      "lastPrice": 3.83,
      "netChange": 0.0,
      "openInterest": 92,
      "optionCategory": "STANDARD",
      "optionRootSymbol": "HQY",
      "optionType": "CALL",
      "osiKey": "HQY---230915C00065000",
      "quoteDetail": "https://api.etrade.com/v1/market/quote/HQY:2023:9:15:CALL:65.000000",
      "strikePrice": 65.0,
      "symbol": "HQY",
      "timeStamp": 1688403599,
      "volume": 0
    },
    {
      "OptionGreeks": {
        "currentValue": "true",
        "delta": 0.27379,
        "gamma": 0.03456,
        "iv": 0.34114,
        "rho": 0.03148,
        "theta": -0.0213,
        "vega": 0.09389
      },
      "adjustedFlag": "false",
      "ask": 2.15,
      "askSize": 66,
      "bid": 0.85,
      "bidSize": 58,
      "displaySymbol": "HQY Sep 15 '23 $70 Call",
      "inTheMoney": "n",
      "lastPrice": 1.8,
      "netChange": 0.0,
      "openInterest": 207,
      "optionCategory": "STANDARD",
      "optionRootSymbol": "HQY",
      "optionType": "CALL",
      "osiKey": "HQY---230915C00070000",
      "quoteDetail": "https://api.etrade.com/v1/market/quote/HQY:2023:9:15:CALL:70.000000",
      "strikePrice": 70.0,
      "symbol": "HQY",
      "timeStamp": 1688403599,
      "volume": 0
    },
    {
      "OptionGreeks": {
        "currentValue": "true",
        "delta": 0.16275,
        "gamma": 0.02416,
        "iv": 0.36043,
        "rho": 0.01878,
        "theta": -0.01657,
        "vega": 0.0697
      },
      "adjustedFlag": "false",
      "ask": 1.15,
      "askSize": 65,
      "bid": 0.45,
      "bidSize": 58,
      "displaySymbol": "HQY Sep 15 '23 $75 Call",
      "inTheMoney": "n",
      "lastPrice": 0.75,
      "netChange": 0.0,
      "openInterest": 142,
      "optionCategory": "STANDARD",
      "optionRootSymbol": "HQY",
      "optionType": "CALL",
      "osiKey": "HQY---230915C00075000",
      "quoteDetail": "https://api.etrade.com/v1/market/quote/HQY:2023:9:15:CALL:75.000000",
      "strikePrice": 75.0,
      "symbol": "HQY",
      "timeStamp": 1688403599,
      "volume": 0
    },
    {
      "OptionGreeks": {
        "currentValue": "true",
        "delta": 0.1658,
        "gamma": 0.01811,
        "iv": 0.48653,
        "rho": 0.01858,
        "theta": -0.02264,
        "vega": 0.07024
      },
      "adjustedFlag": "false",
      "ask": 1.95,
      "askSize": 44,
      "bid": 0.2,
      "bidSize": 35,
      "displaySymbol": "HQY Sep 15 '23 $80 Call",
      "inTheMoney": "n",
      "lastPrice": 0.15,
      "netChange": 0.0,
      "openInterest": 8,
      "optionCategory": "STANDARD",
      "optionRootSymbol": "HQY",
      "optionType": "CALL",
      "osiKey": "HQY---230915C00080000",
      "quoteDetail": "https://api.etrade.com/v1/market/quote/HQY:2023:9:15:CALL:80.000000",
      "strikePrice": 80.0,
      "symbol": "HQY",
      "timeStamp": 1688403599,
      "volume": 0
    },
    {
      "OptionGreeks": {
        "currentValue": "true",
        "delta": 0.10932,
        "gamma": 0.01346,
        "iv": 0.49125,
        "rho": 0.01232,
        "theta": -0.01711,
        "vega": 0.05293
      },
      "adjustedFlag": "false",
      "ask": 1.3,
      "askSize": 35,
      "bid": 0.0,
      "bidSize": 0,
      "displaySymbol": "HQY Sep 15 '23 $85 Call",
      "inTheMoney": "n",
      "lastPrice": 0.66,
      "netChange": 0.0,
      "openInterest": 3,
      "optionCategory": "STANDARD",
      "optionRootSymbol": "HQY",
      "optionType": "CALL",
      "osiKey": "HQY---230915C00085000",
      "quoteDetail": "https://api.etrade.com/v1/market/quote/HQY:2023:9:15:CALL:85.000000",
      "strikePrice": 85.0,
      "symbol": "HQY",
      "timeStamp": 1688400681,
      "volume": 0
    },
    {
      "OptionGreeks": {
        "currentValue": "true",
        "delta": 0.10211,
        "gamma": 0.0112,
        "iv": 0.56202,
        "rho": 0.01136,
        "theta": -0.01861,
        "vega": 0.05032
      },
      "adjustedFlag": "false",
      "ask": 1.35,
      "askSize": 36,
      "bid": 0.0,
      "bidSize": 0,
      "displaySymbol": "HQY Sep 15 '23 $90 Call",
      "inTheMoney": "n",
      "lastPrice": 1.1,
      "netChange": 0.0,
      "openInterest": 5,
      "optionCategory": "STANDARD",
      "optionRootSymbol": "HQY",
      "optionType": "CALL",
      "osiKey": "HQY---230915C00090000",
      "quoteDetail": "https://api.etrade.com/v1/market/quote/HQY:2023:9:15:CALL:90.000000",
      "strikePrice": 90.0,
      "symbol": "HQY",
      "timeStamp": 1688400080,
      "volume": 0
    },
    {
      "OptionGreeks": {
        "currentValue": "true",
        "delta": 0.06884,
        "gamma": 0.00833,
        "iv": 0.56202,
        "rho": 0.00768,
        "theta": -0.01377,
        "vega": 0.03747
      },
      "adjustedFlag": "false",
      "ask": 4.8,
      "askSize": 35,
      "bid": 0.0,
      "bidSize": 0,
      "displaySymbol": "HQY Sep 15 '23 $95 Call",
      "inTheMoney": "n",
      "lastPrice": 0.0,
      "netChange": 0.0,
      "openInterest": 0,
      "optionCategory": "STANDARD",
      "optionRootSymbol": "HQY",
      "optionType": "CALL",
      "osiKey": "HQY---230915C00095000",
      "quoteDetail": "https://api.etrade.com/v1/market/quote/HQY:2023:9:15:CALL:95.000000",
      "strikePrice": 95.0,
      "symbol": "HQY",
      "timeStamp": 1688397988,
      "volume": 0
    },
    {
      "OptionGreeks": {
        "currentValue": "true",
        "delta": 0.04628,
        "gamma": 0.00608,
        "iv": 0.56202,
        "rho": 0.00518,
        "theta": -0.01003,
        "vega": 0.02748
      },
      "adjustedFlag": "false",
      "ask": 4.8,
      "askSize": 35,
      "bid": 0.0,
      "bidSize": 0,
      "displaySymbol": "HQY Sep 15 '23 $100 Call",
      "inTheMoney": "n",
      "lastPrice": 0.0,
      "netChange": 0.0,
      "openInterest": 0,
      "optionCategory": "STANDARD",
      "optionRootSymbol": "HQY",
      "optionType": "CALL",
      "osiKey": "HQY---230915C00100000",
      "quoteDetail": "https://api.etrade.com/v1/market/quote/HQY:2023:9:15:CALL:100.000000",
      "strikePrice": 100.0,
      "symbol": "HQY",
      "timeStamp": 1688399686,
      "volume": 0
    }
  ],
  "2023-12-15": [
    {
      "OptionGreeks": {
        "currentValue": "true",
        "delta": -0.01742,
        "gamma": 0.00174,
        "iv": 0.58791,
        "rho": -0.00534,
        "theta": -0.00313,
        "vega": 0.01834
      },
      "adjustedFlag": "false",
      "ask": 0.35,
      "askSize": 1,
      "bid": 0.0,
      "bidSize": 0,
      "displaySymbol": "HQY Dec 15 '23 $30 Put",
      "inTheMoney": "n",
      "lastPrice": 0.27,
      "netChange": 0.0,
      "openInterest": 12,
      "optionCategory": "STANDARD",
      "optionRootSymbol": "HQY",
      "optionType": "PUT",
      "osiKey": "HQY---231215P00030000",
      "quoteDetail": "https://api.etrade.com/v1/market/quote/HQY:2023:12:15:PUT:30.000000",
      "strikePrice": 30.0,
      "symbol": "HQY",
      "timeStamp": 1688391028,
      "volume": 0
    },
    {
      "OptionGreeks": {
        "currentValue": "true",
        "delta": -0.03159,
        "gamma": 0.00319,
        "iv": 0.53033,
        "rho": -0.00955,
        "theta": -0.00467,
        "vega": 0.03013
      },
      "adjustedFlag": "false",
      "ask": 0.6,
      "askSize": 1,
      "bid": 0.0,
      "bidSize": 0,
      "displaySymbol": "HQY Dec 15 '23 $35 Put",
      "inTheMoney": "n",
      "lastPrice": 0.45,
      "netChange": 0.0,
      "openInterest": 3,
      "optionCategory": "STANDARD",
      "optionRootSymbol": "HQY",
      "optionType": "PUT",
      "osiKey": "HQY---231215P00035000",
      "quoteDetail": "https://api.etrade.com/v1/market/quote/HQY:2023:12:15:PUT:35.000000",
      "strikePrice": 35.0,
      "symbol": "HQY",
      "timeStamp": 1688391902,
      "volume": 0
    },
    {
      "OptionGreeks": {
        "currentValue": "true",
        "delta": -0.06667,
        "gamma": 0.0059,
        "iv": 0.52349,
        "rho": -0.02024,
        "theta": -0.00847,
        "vega": 0.05469
      },
      "adjustedFlag": "false",
      "ask": 4.8,
      "askSize": 61,
      "bid": 0.0,
      "bidSize": 0,
      "displaySymbol": "HQY Dec 15 '23 $40 Put",
      "inTheMoney": "n",
      "lastPrice": 0.85,
      "netChange": 0.0,
      "openInterest": 8,
      "optionCategory": "STANDARD",
      "optionRootSymbol": "HQY",
      "optionType": "PUT",
      "osiKey": "HQY---231215P00040000",
      "quoteDetail": "https://api.etrade.com/v1/market/quote/HQY:2023:12:15:PUT:40.000000",
      "strikePrice": 40.0,
      "symbol": "HQY",
      "timeStamp": 1688403560,
      "volume": 0
    },
    {
      "OptionGreeks": {
        "currentValue": "true",
        "delta": -0.12072,
        "gamma": 0.00931,
        "iv": 0.51746,
        "rho": -0.03652,
        "theta": -0.01307,
        "vega": 0.08462
      },
      "adjustedFlag": "false",
      "ask": 2.75,
      "askSize": 45,
      "bid": 0.3,
      "bidSize": 44,
      "displaySymbol": "HQY Dec 15 '23 $45 Put",
      "inTheMoney": "n",
      "lastPrice": 1.5,
      "netChange": 0.0,
      "openInterest": 64,
      "optionCategory": "STANDARD",
      "optionRootSymbol": "HQY",
      "optionType": "PUT",
      "osiKey": "HQY---231215P00045000",
      "quoteDetail": "https://api.etrade.com/v1/market/quote/HQY:2023:12:15:PUT:45.000000",
      "strikePrice": 45.0,
      "symbol": "HQY",
      "timeStamp": 1688403599,
      "volume": 0
    },
    {
      "OptionGreeks": {
        "currentValue": "true",
        "delta": -0.17156,
        "gamma": 0.01358,
        "iv": 0.45149,
        "rho": -0.05017,
        "theta": -0.01452,
        "vega": 0.10706
      },
      "adjustedFlag": "false",
      "ask": 2.95,
      "askSize": 44,
      "bid": 0.95,
      "bidSize": 60,
      "displaySymbol": "HQY Dec 15 '23 $50 Put",
      "inTheMoney": "n",
      "lastPrice": 1.9,
      "netChange": 0.0,
      "openInterest": 136,
      "optionCategory": "STANDARD",
      "optionRootSymbol": "HQY",
      "optionType": "PUT",
      "osiKey": "HQY---231215P00050000",
      "quoteDetail": "https://api.etrade.com/v1/market/quote/HQY:2023:12:15:PUT:50.000000",
      "strikePrice": 50.0,
      "symbol": "HQY",
      "timeStamp": 1688403599,
      "volume": 0
    },
    {
      "OptionGreeks": {
        "currentValue": "true",
        "delta": -0.25627,
        "gamma": 0.01869,
        "iv": 0.41917,
        "rho": -0.07235,
        "theta": -0.01714,
        "vega": 0.135
      },
      "adjustedFlag": "false",
      "ask": 3.8,
      "askSize": 41,
      "bid": 2.35,
      "bidSize": 45,
      "displaySymbol": "HQY Dec 15 '23 $55 Put",
      "inTheMoney": "n",
      "lastPrice": 2.95,
      "netChange": -2.85,
      "openInterest": 30,
      "optionCategory": "STANDARD",
      "optionRootSymbol": "HQY",
      "optionType": "PUT",
      "osiKey": "HQY---231215P00055000",
      "quoteDetail": "https://api.etrade.com/v1/market/quote/HQY:2023:12:15:PUT:55.000000",
      "strikePrice": 55.0,
      "symbol": "HQY",
      "timeStamp": 1688403599,
      "volume": 21
    },
    {
      "OptionGreeks": {
        "currentValue": "true",
        "delta": -0.36513,
        "gamma": 0.02426,
        "iv": 0.3839,
        "rho": -0.09716,
        "theta": -0.01852,
        "vega": 0.15684
      },
      "adjustedFlag": "false",
      "ask": 5.7,
      "askSize": 41,
      "bid": 2.6,
      "bidSize": 43,
      "displaySymbol": "HQY Dec 15 '23 $60 Put",
      "inTheMoney": "n",
      "lastPrice": 5.9,
      "netChange": 0.0,
      "openInterest": 82,
      "optionCategory": "STANDARD",
      "optionRootSymbol": "HQY",
      "optionType": "PUT",
      "osiKey": "HQY---231215P00060000",
      "quoteDetail": "https://api.etrade.com/v1/market/quote/HQY:2023:12:15:PUT:60.000000",
      "strikePrice": 60.0,
      "symbol": "HQY",
      "timeStamp": 1688403599,
      "volume": 0
    },
    {
      "OptionGreeks": {
        "currentValue": "true",
        "delta": -0.49699,
        "gamma": 0.02785,
        "iv": 0.36711,
        "rho": -0.12162,
        "theta": -0.01914,
        "vega": 0.16543
      },
      "adjustedFlag": "false",
      "ask": 8.3,
      "askSize": 41,
      "bid": 6.0,
      "bidSize": 1,
      "displaySymbol": "HQY Dec 15 '23 $65 Put",
      "inTheMoney": "y",
      "lastPrice": 6.7,
      "netChange": -0.4,
      "openInterest": 12,
      "optionCategory": "STANDARD",
      "optionRootSymbol": "HQY",
      "optionType": "PUT",
      "osiKey": "HQY---231215P00065000",
      "quoteDetail": "https://api.etrade.com/v1/market/quote/HQY:2023:12:15:PUT:65.000000",
      "strikePrice": 65.0,
      "symbol": "HQY",
      "timeStamp": 1688403599,
      "volume": 36
    },
    {
      "OptionGreeks": {
        "currentValue": "true",
        "delta": -0.64362,
        "gamma": 0.03008,
        "iv": 0.3433,
        "rho": -0.13394,
        "theta": -0.01759,
        "vega": 0.1529
      },
      "adjustedFlag": "false",
      "ask": 11.6,
      "askSize": 33,
      "bid": 8.5,
      "bidSize": 36,
      "displaySymbol": "HQY Dec 15 '23 $70 Put",
      "inTheMoney": "y",
      "lastPrice": 20.1,
      "netChange": 0.0,
      "openInterest": 5,
      "optionCategory": "STANDARD",
      "optionRootSymbol": "HQY",
      "optionType": "PUT",
      "osiKey": "HQY---231215P00070000",
      "quoteDetail": "https://api.etrade.com/v1/market/quote/HQY:2023:12:15:PUT:70.000000",
      "strikePrice": 70.0,
      "symbol": "HQY",
      "timeStamp": 1688403599,
      "volume": 0
    },
    {
      "OptionGreeks": {
        "currentValue": "true",
        "delta": -0.73153,
        "gamma": 0.02561,
        "iv": 0.3802,
        "rho": -0.13843,
        "theta": -0.01778,
        "vega": 0.13436
      },
      "adjustedFlag": "false",
      "ask": 14.7,
      "askSize": 41,
      "bid": 11.7,
      "bidSize": 43,
      "displaySymbol": "HQY Dec 15 '23 $75 Put",
      "inTheMoney": "y",
      "lastPrice": 19.26,
      "netChange": 0.0,
      "openInterest": 4,
      "optionCategory": "STANDARD",
      "optionRootSymbol": "HQY",
      "optionType": "PUT",
      "osiKey": "HQY---231215P00075000",
      "quoteDetail": "https://api.etrade.com/v1/market/quote/HQY:2023:12:15:PUT:75.000000",
      "strikePrice": 75.0,
      "symbol": "HQY",
      "timeStamp": 1688403599,
      "volume": 0
    },
    {
      "OptionGreeks": {
        "currentValue": "true",
        "delta": -0.78599,
        "gamma": 0.02155,
        "iv": 0.42257,
        "rho": -0.13933,
        "theta": -0.01787,
        "vega": 0.1181
      },
      "adjustedFlag": "false",
      "ask": 20.1,
      "askSize": 33,
      "bid": 16.0,
      "bidSize": 34,
      "displaySymbol": "HQY Dec 15 '23 $80 Put",
      "inTheMoney": "y",
      "lastPrice": 0.0,
      "netChange": 0.0,
      "openInterest": 0,
      "optionCategory": "STANDARD",
      "optionRootSymbol": "HQY",
      "optionType": "PUT",
      "osiKey": "HQY---231215P00080000",
      "quoteDetail": "https://api.etrade.com/v1/market/quote/HQY:2023:12:15:PUT:80.000000",
      "strikePrice": 80.0,
      "symbol": "HQY",
      "timeStamp": 1688403599,
      "volume": 0
    },
    {
      "OptionGreeks": {
        "currentValue": "true",
        "delta": -0.90925,
        "gamma": 0.02067,
        "iv": 0.38374,
        "rho": -0.0845,
        "theta": -0.01294,
        "vega": 0.06256
      },
      "adjustedFlag": "false",
      "ask": 23.3,
      "askSize": 30,
      "bid": 21.6,
      "bidSize": 30,
      "displaySymbol": "HQY Dec 15 '23 $85 Put",
      "inTheMoney": "y",
      "lastPrice": 0.0,
      "netChange": 0.0,
      "openInterest": 0,
      "optionCategory": "STANDARD",
      "optionRootSymbol": "HQY",
      "optionType": "PUT",
      "osiKey": "HQY---231215P00085000",
      "quoteDetail": "https://api.etrade.com/v1/market/quote/HQY:2023:12:15:PUT:85.000000",
      "strikePrice": 85.0,
      "symbol": "HQY",
      "timeStamp": 1688403575,
      "volume": 0
    },
    {
      "OptionGreeks": {
        "currentValue": "true",
        "delta": -0.98327,
        "gamma": 0.01167,
        "iv": 0.37379,
        "rho": -1e-05,
        "theta": -0.00966,
        "vega": 0.00877
      },
      "adjustedFlag": "false",
      "ask": 29.6,
      "askSize": 30,
      "bid": 25.5,
      "bidSize": 30,
      "displaySymbol": "HQY Dec 15 '23 $90 Put",
      "inTheMoney": "y",
      "lastPrice": 0.0,
      "netChange": 0.0,
      "openInterest": 0,
      "optionCategory": "STANDARD",
      "optionRootSymbol": "HQY",
      "optionType": "PUT",
      "osiKey": "HQY---231215P00090000",
      "quoteDetail": "https://api.etrade.com/v1/market/quote/HQY:2023:12:15:PUT:90.000000",
      "strikePrice": 90.0,
      "symbol": "HQY",
      "timeStamp": 1688403592,
      "volume": 0
    },
    {
      "OptionGreeks": {
        "currentValue": "true",
        "delta": -1.0,
        "gamma": 0.0,
        "iv": 0.37379,
        "rho": -1e-05,
        "theta": -0.0097,
        "vega": 0.0
      },
      "adjustedFlag": "false",
      "ask": 33.7,
      "askSize": 30,
      "bid": 31.1,
      "bidSize": 30,
      "displaySymbol": "HQY Dec 15 '23 $95 Put",
      "inTheMoney": "y",
      "lastPrice": 0.0,
      "netChange": 0.0,
      "openInterest": 0,
      "optionCategory": "STANDARD",
      "optionRootSymbol": "HQY",
      "optionType": "PUT",
      "osiKey": "HQY---231215P00095000",
      "quoteDetail": "https://api.etrade.com/v1/market/quote/HQY:2023:12:15:PUT:95.000000",
      "strikePrice": 95.0,
      "symbol": "HQY",
      "timeStamp": 1688403591,
      "volume": 0
    },
    {
      "OptionGreeks": {
        "currentValue": "true",
        "delta": -1.0,
        "gamma": 0.0,
        "iv": 0.37379,
        "rho": -1e-05,
        "theta": -0.0097,
        "vega": 0.0
      },
      "adjustedFlag": "false",
      "ask": 39.7,
      "askSize": 30,
      "bid": 37.0,
      "bidSize": 30,
      "displaySymbol": "HQY Dec 15 '23 $100 Put",
      "inTheMoney": "y",
      "lastPrice": 0.0,
      "netChange": 0.0,
      "openInterest": 0,
      "optionCategory": "STANDARD",
      "optionRootSymbol": "HQY",
      "optionType": "PUT",
      "osiKey": "HQY---231215P00100000",
      "quoteDetail": "https://api.etrade.com/v1/market/quote/HQY:2023:12:15:PUT:100.000000",
      "strikePrice": 100.0,
      "symbol": "HQY",
      "timeStamp": 1688403579,
      "volume": 0
    },
    {
      "OptionGreeks": {
        "currentValue": "true",
        "delta": 0.9838,
        "gamma": 0.00172,
        "iv": 0.58791,
        "rho": 0.12592,
        "theta": 0.0,
        "vega": 0.01823
      },
      "adjustedFlag": "false",
      "ask": 34.1,
      "askSize": 30,
      "bid": 32.3,
      "bidSize": 30,
      "displaySymbol": "HQY Dec 15 '23 $30 Call",
      "inTheMoney": "y",
      "lastPrice": 0.0,
      "netChange": 0.0,
      "openInterest": 0,
      "optionCategory": "STANDARD",
      "optionRootSymbol": "HQY",
      "optionType": "CALL",
      "osiKey": "HQY---231215C00030000",
      "quoteDetail": "https://api.etrade.com/v1/market/quote/HQY:2023:12:15:CALL:30.000000",
      "strikePrice": 30.0,
      "symbol": "HQY",
      "timeStamp": 1688403593,
      "volume": 0
    },
    {
      "OptionGreeks": {
        "currentValue": "true",
        "delta": 0.96981,
        "gamma": 0.00315,
        "iv": 0.53033,
        "rho": 0.14363,
        "theta": -0.00057,
        "vega": 0.0299
      },
      "adjustedFlag": "false",
      "ask": 29.5,
      "askSize": 30,
      "bid": 28.3,
      "bidSize": 30,
      "displaySymbol": "HQY Dec 15 '23 $35 Call",
      "inTheMoney": "y",
      "lastPrice": 0.0,
      "netChange": 0.0,
      "openInterest": 0,
      "optionCategory": "STANDARD",
      "optionRootSymbol": "HQY",
      "optionType": "CALL",
      "osiKey": "HQY---231215C00035000",
      "quoteDetail": "https://api.etrade.com/v1/market/quote/HQY:2023:12:15:CALL:35.000000",
      "strikePrice": 35.0,
      "symbol": "HQY",
      "timeStamp": 1688403597,
      "volume": 0
    },
    {
      "OptionGreeks": {
        "currentValue": "true",
        "delta": 0.93522,
        "gamma": 0.00581,
        "iv": 0.52349,
        "rho": 0.15415,
        "theta": -0.00499,
        "vega": 0.05425
      },
      "adjustedFlag": "false",
      "ask": 25.0,
      "askSize": 30,
      "bid": 23.3,
      "bidSize": 30,
      "displaySymbol": "HQY Dec 15 '23 $40 Call",
      "inTheMoney": "y",
      "lastPrice": 0.0,
      "netChange": 0.0,
      "openInterest": 0,
      "optionCategory": "STANDARD",
      "optionRootSymbol": "HQY",
      "optionType": "CALL",
      "osiKey": "HQY---231215C00040000",
      "quoteDetail": "https://api.etrade.com/v1/market/quote/HQY:2023:12:15:CALL:40.000000",
      "strikePrice": 40.0,
      "symbol": "HQY",
      "timeStamp": 1688403580,
      "volume": 0
    },
    {
      "OptionGreeks": {
        "currentValue": "true",
        "delta": 0.88215,
        "gamma": 0.00913,
        "iv": 0.51746,
        "rho": 0.15796,
        "theta": -0.01017,
        "vega": 0.08388
      },
      "adjustedFlag": "false",
      "ask": 20.9,
      "askSize": 41,
      "bid": 18.6,
      "bidSize": 41,
      "displaySymbol": "HQY Dec 15 '23 $45 Call",
      "inTheMoney": "y",
      "lastPrice": 17.9,
      "netChange": 0.0,
      "openInterest": 2,
      "optionCategory": "STANDARD",
      "optionRootSymbol": "HQY",
      "optionType": "CALL",
      "osiKey": "HQY---231215C00045000",
      "quoteDetail": "https://api.etrade.com/v1/market/quote/HQY:2023:12:15:CALL:45.000000",
      "strikePrice": 45.0,
      "symbol": "HQY",
      "timeStamp": 1688403599,
      "volume": 0
    },
    {
      "OptionGreeks": {
        "currentValue": "true",
        "delta": 0.83282,
        "gamma": 0.01323,
        "iv": 0.45149,
        "rho": 0.16403,
        "theta": -0.01218,
        "vega": 0.10601
      },
      "adjustedFlag": "false",
      "ask": 16.6,
      "askSize": 42,
      "bid": 14.9,
      "bidSize": 39,
      "displaySymbol": "HQY Dec 15 '23 $50 Call",
      "inTheMoney": "y",
      "lastPrice": 19.0,
      "netChange": 0.0,
      "openInterest": 6,
      "optionCategory": "STANDARD",
      "optionRootSymbol": "HQY",
      "optionType": "CALL",
      "osiKey": "HQY---231215C00050000",
      "quoteDetail": "https://api.etrade.com/v1/market/quote/HQY:2023:12:15:CALL:50.000000",
      "strikePrice": 50.0,
      "symbol": "HQY",
      "timeStamp": 1688403599,
      "volume": 0
    },
    {
      "OptionGreeks": {
        "currentValue": "true",
        "delta": 0.75111,
        "gamma": 0.01801,
        "iv": 0.41917,
        "rho": 0.15822,
        "theta": -0.01527,
        "vega": 0.1337
      },
      "adjustedFlag": "false",
      "ask": 13.2,
      "askSize": 34,
      "bid": 10.5,
      "bidSize": 35,
      "displaySymbol": "HQY Dec 15 '23 $55 Call",
      "inTheMoney": "y",
      "lastPrice": 11.85,
      "netChange": 0.0,
      "openInterest": 2,
      "optionCategory": "STANDARD",
      "optionRootSymbol": "HQY",
      "optionType": "CALL",
      "osiKey": "HQY---231215C00055000",
      "quoteDetail": "https://api.etrade.com/v1/market/quote/HQY:2023:12:15:CALL:55.000000",
      "strikePrice": 55.0,
      "symbol": "HQY",
      "timeStamp": 1688403599,
      "volume": 0
    },
    {
      "OptionGreeks": {
        "currentValue": "true",
        "delta": 0.64781,
        "gamma": 0.023,
        "iv": 0.3839,
        "rho": 0.14471,
        "theta": -0.017,
        "vega": 0.15612
      },
      "adjustedFlag": "false",
      "ask": 10.0,
      "askSize": 44,
      "bid": 7.6,
      "bidSize": 52,
      "displaySymbol": "HQY Dec 15 '23 $60 Call",
      "inTheMoney": "y",
      "lastPrice": 7.0,
      "netChange": 0.0,
      "openInterest": 30,
      "optionCategory": "STANDARD",
      "optionRootSymbol": "HQY",
      "optionType": "CALL",
      "osiKey": "HQY---231215C00060000",
      "quoteDetail": "https://api.etrade.com/v1/market/quote/HQY:2023:12:15:CALL:60.000000",
      "strikePrice": 60.0,
      "symbol": "HQY",
      "timeStamp": 1688403599,
      "volume": 0
    },
    {
      "OptionGreeks": {
        "currentValue": "true",
        "delta": 0.52493,
        "gamma": 0.02578,
        "iv": 0.36711,
        "rho": 0.12186,
        "theta": -0.01784,
        "vega": 0.16722
      },
      "adjustedFlag": "false",
      "ask": 6.7,
      "askSize": 36,
      "bid": 3.6,
      "bidSize": 72,
      "displaySymbol": "HQY Dec 15 '23 $65 Call",
      "inTheMoney": "n",
      "lastPrice": 5.2,
      "netChange": 0.0,
      "openInterest": 39,
      "optionCategory": "STANDARD",
      "optionRootSymbol": "HQY",
      "optionType": "CALL",
      "osiKey": "HQY---231215C00065000",
      "quoteDetail": "https://api.etrade.com/v1/market/quote/HQY:2023:12:15:CALL:65.000000",
      "strikePrice": 65.0,
      "symbol": "HQY",
      "timeStamp": 1688403599,
      "volume": 0
    },
    {
      "OptionGreeks": {
        "currentValue": "true",
        "delta": 0.3939,
        "gamma": 0.02661,
        "iv": 0.3433,
        "rho": 0.09467,
        "theta": -0.01632,
        "vega": 0.16165
      },
      "adjustedFlag": "false",
      "ask": 4.7,
      "askSize": 41,
      "bid": 2.1,
      "bidSize": 87,
      "displaySymbol": "HQY Dec 15 '23 $70 Call",
      "inTheMoney": "n",
      "lastPrice": 4.2,
      "netChange": 0.0,
      "openInterest": 90,
      "optionCategory": "STANDARD",
      "optionRootSymbol": "HQY",
      "optionType": "CALL",
      "osiKey": "HQY---231215C00070000",
      "quoteDetail": "https://api.etrade.com/v1/market/quote/HQY:2023:12:15:CALL:70.000000",
      "strikePrice": 70.0,
      "symbol": "HQY",
      "timeStamp": 1688403599,
      "volume": 0
    },
    {
      "OptionGreeks": {
        "currentValue": "true",
        "delta": 0.31307,
        "gamma": 0.02211,
        "iv": 0.3802,
        "rho": 0.07505,
        "theta": -0.01671,
        "vega": 0.149
      },
      "adjustedFlag": "false",
      "ask": 4.3,
      "askSize": 81,
      "bid": 1.75,
      "bidSize": 84,
      "displaySymbol": "HQY Dec 15 '23 $75 Call",
      "inTheMoney": "n",
      "lastPrice": 2.6,
      "netChange": 0.0,
      "openInterest": 143,
      "optionCategory": "STANDARD",
      "optionRootSymbol": "HQY",
      "optionType": "CALL",
      "osiKey": "HQY---231215C00075000",
      "quoteDetail": "https://api.etrade.com/v1/market/quote/HQY:2023:12:15:CALL:75.000000",
      "strikePrice": 75.0,
      "symbol": "HQY",
      "timeStamp": 1688403599,
      "volume": 0
    },
    {
      "OptionGreeks": {
        "currentValue": "true",
        "delta": 0.26222,
        "gamma": 0.01829,
        "iv": 0.42257,
        "rho": 0.06233,
        "theta": -0.0171,
        "vega": 0.13705
      },
      "adjustedFlag": "false",
      "ask": 4.2,
      "askSize": 44,
      "bid": 0.9,
      "bidSize": 71,
      "displaySymbol": "HQY Dec 15 '23 $80 Call",
      "inTheMoney": "n",
      "lastPrice": 1.9,
      "netChange": 0.37,
      "openInterest": 19,
      "optionCategory": "STANDARD",
      "optionRootSymbol": "HQY",
      "optionType": "CALL",
      "osiKey": "HQY---231215C00080000",
      "quoteDetail": "https://api.etrade.com/v1/market/quote/HQY:2023:12:15:CALL:80.000000",
      "strikePrice": 80.0,
      "symbol": "HQY",
      "timeStamp": 1688403599,
      "volume": 4
    },
    {
      "OptionGreeks": {
        "currentValue": "true",
        "delta": 0.16825,
        "gamma": 0.01552,
        "iv": 0.38374,
        "rho": 0.04117,
        "theta": -0.01198,
        "vega": 0.10628
      },
      "adjustedFlag": "false",
      "ask": 2.3,
      "askSize": 45,
      "bid": 0.25,
      "bidSize": 73,
      "displaySymbol": "HQY Dec 15 '23 $85 Call",
      "inTheMoney": "n",
      "lastPrice": 1.0,
      "netChange": 0.0,
      "openInterest": 6,
      "optionCategory": "STANDARD",
      "optionRootSymbol": "HQY",
      "optionType": "CALL",
      "osiKey": "HQY---231215C00085000",
      "quoteDetail": "https://api.etrade.com/v1/market/quote/HQY:2023:12:15:CALL:85.000000",
      "strikePrice": 85.0,
      "symbol": "HQY",
      "timeStamp": 1688403599,
      "volume": 0
    },
    {
      "OptionGreeks": {
        "currentValue": "true",
        "delta": 0.11119,
        "gamma": 0.012,
        "iv": 0.37379,
        "rho": 0.02753,
        "theta": -0.00877,
        "vega": 0.08046
      },
      "adjustedFlag": "false",
      "ask": 1.45,
      "askSize": 54,
      "bid": 0.05,
      "bidSize": 54,
      "displaySymbol": "HQY Dec 15 '23 $90 Call",
      "inTheMoney": "n",
      "lastPrice": 0.0,
      "netChange": 0.0,
      "openInterest": 0,
      "optionCategory": "STANDARD",
      "optionRootSymbol": "HQY",
      "optionType": "CALL",
      "osiKey": "HQY---231215C00090000",
      "quoteDetail": "https://api.etrade.com/v1/market/quote/HQY:2023:12:15:CALL:90.000000",
      "strikePrice": 90.0,
      "symbol": "HQY",
      "timeStamp": 1688403599,
      "volume": 0
    },
    {
      "OptionGreeks": {
        "currentValue": "true",
        "delta": 0.07541,
        "gamma": 0.009,
        "iv": 0.37379,
        "rho": 0.01877,
        "theta": -0.00655,
        "vega": 0.06063
      },
      "adjustedFlag": "false",
      "ask": 4.8,
      "askSize": 66,
      "bid": 0.0,
      "bidSize": 0,
      "displaySymbol": "HQY Dec 15 '23 $95 Call",
      "inTheMoney": "n",
      "lastPrice": 0.0,
      "netChange": 0.0,
      "openInterest": 0,
      "optionCategory": "STANDARD",
      "optionRootSymbol": "HQY",
      "optionType": "CALL",
      "osiKey": "HQY---231215C00095000",
      "quoteDetail": "https://api.etrade.com/v1/market/quote/HQY:2023:12:15:CALL:95.000000",
      "strikePrice": 95.0,
      "symbol": "HQY",
      "timeStamp": 1688403560,
      "volume": 0
    },
    {
      "OptionGreeks": {
        "currentValue": "true",
        "delta": 0.05045,
        "gamma": 0.00657,
        "iv": 0.37379,
        "rho": 0.0126,
        "theta": -0.00476,
        "vega": 0.04453
      },
      "adjustedFlag": "false",
      "ask": 4.8,
      "askSize": 64,
      "bid": 0.0,
      "bidSize": 0,
      "displaySymbol": "HQY Dec 15 '23 $100 Call",
      "inTheMoney": "n",
      "lastPrice": 0.0,
      "netChange": 0.0,
      "openInterest": 0,
      "optionCategory": "STANDARD",
      "optionRootSymbol": "HQY",
      "optionType": "CALL",
      "osiKey": "HQY---231215C00100000",
      "quoteDetail": "https://api.etrade.com/v1/market/quote/HQY:2023:12:15:CALL:100.000000",
      "strikePrice": 100.0,
      "symbol": "HQY",
      "timeStamp": 1688403560,
      "volume": 0
    }
  ],
  "quote": {
    "ExtendedHourQuoteDetail": {
      "ask": 63.8,
      "askSize": 100,
      "bid": 60.83,
      "bidSize": 100,
      "change": -0.75,
      "lastPrice": 62.39,
      "percentChange": -1.19,
      "quoteStatus": "EH_REALTIME",
      "timeOfLastTrade": 1688404155,
      "timeZone": "EST",
      "volume": 158362
    },
    "adjustedFlag": "false",
    "ahFlag": "true",
    "ask": 63.8,
    "askSize": 100,
    "askTime": "13:09:15 EDT 07-03-2023",
    "averageVolume": 641092,
    "beta": 1.14,
    "bid": 60.83,
    "bidExchange": null,
    "bidSize": 100,
    "bidTime": "13:09:15 EDT 07-03-2023",
    "cashDeliverable": 0,
    "changeClose": -0.75,
    "changeClosePercentage": -1.19,
    "companyName": "HEALTHEQUITY INC COM",
    "contractSize": 0.0,
    "dateTime": "13:09:15 EDT 07-03-2023",
    "dateTimeUTC": 1688404155,
    "daysToExpiration": 0,
    "declaredDividend": 0.0,
    "dirLast": 0,
    "dividend": 0.0,
    "dividendPayableDate": 0,
    "eps": -0.1,
    "estEarnings": 1.925,
    "exDividendDate": 0,
    "expirationDate": 0,
    "hasMiniOptions": "false",
    "high": 64.09,
    "high52": 79.2,
    "intrinsicValue": 0.0,
    "lastTrade": 62.39,
    "low": 62.29,
    "low52": 48.86,
    "marketCap": 5332473300.0,
    "nextEarningDate": "06/05/2023",
    "open": 63.36,
    "openInterest": 0,
    "optionMultiplier": 0.0,
    "optionStyle": null,
    "optionUnderlier": null,
    "pe": 0.0,
    "previousClose": 63.14,
    "previousDayVolume": 555487,
    "primaryExchange": "NSDQ",
    "quoteStatus": "CLOSING",
    "securityType": "EQ",
    "sharesOutstanding": 85470000,
    "symbol": "HQY",
    "symbolDescription": "HEALTHEQUITY INC COM",
    "timeOfLastTrade": 1688403600,
    "timePremium": 0.0,
    "totalVolume": 158362,
    "upc": 0,
    "week52HiDate": 1667413787,
    "week52LowDate": 1683224987,
    "yield": 0.0
  }
}