{
  "2023-07-21": [
    {
      "OptionGreeks": {
        "currentValue": "true",
        "delta": -0.00379,
        "gamma": 0.00056,
        "iv": 1.39157,
        "rho": -0.00013,
        "theta": -0.00574,
        "vega": 0.00162
      },
      "adjustedFlag": "false",
      "ask": 0.05,
      "askSize": 1,
      "bid": 0.0,
      "bidSize": 0,
      "displaySymbol": "IR Jul 21 '23 $30 Put",
      "inTheMoney": "n",
      "lastPrice": 0.0,
      "netChange": 0.0,
      "openInterest": 0,
      "optionCategory": "STANDARD",
      "optionRootSymbol": "IR",
      "optionType": "PUT",
      "osiKey": "IR----230721P00030000",
      "quoteDetail": "https://api.etrade.com/v1/market/quote/IR:2023:7:21:PUT:30.000000",
      "strikePrice": 30.0,
      "symbol": "IR",
      "timeStamp": 1688391556,
      "volume": 0
    },
    {
      "OptionGreeks": {
        "currentValue": "true",
        "delta": -0.00464,
        "gamma": 0.00082,
        "iv": 1.1345,
        "rho": -0.00015,
        "theta": -0.00562,
        "vega": 0.00195
      },
      "adjustedFlag": "false",
      "ask": 0.05,
      "askSize": 1,
      "bid": 0.0,
      "bidSize": 0,
      "displaySymbol": "IR Jul 21 '23 $35 Put",
      "inTheMoney": "n",
      "lastPrice": 0.0,
      "netChange": 0.0,
      "openInterest": 0,
      "optionCategory": "STANDARD",
      "optionRootSymbol": "IR",
      "optionType": "PUT",
      "osiKey": "IR----230721P00035000",
      "quoteDetail": "https://api.etrade.com/v1/market/quote/IR:2023:7:21:PUT:35.000000",
      "strikePrice": 35.0,
      "symbol": "IR",
      "timeStamp": 1688391001,
      "volume": 0
    },
    {
      "OptionGreeks": {
        "currentValue": "true",
        "delta": -0.00574,
        "gamma": 0.00123,
        "iv": 0.91046,
        "rho": -0.00019,
        "theta": -0.00547,
        "vega": 0.00237
      },
      "adjustedFlag": "false",
      "ask": 0.05,
      "askSize": 1,
      "bid": 0.0,
      "bidSize": 0,
      "displaySymbol": "IR Jul 21 '23 $40 Put",
      "inTheMoney": "n",
      "lastPrice": 0.0,
      "netChange": 0.0,
      "openInterest": 0,
      "optionCategory": "STANDARD",
      "optionRootSymbol": "IR",
      "optionType": "PUT",
      "osiKey": "IR----230721P00040000",
      "quoteDetail": "https://api.etrade.com/v1/market/quote/IR:2023:7:21:PUT:40.000000",
      "strikePrice": 40.0,
      "symbol": "IR",
      "timeStamp": 1688391001,
      "volume": 0
    },
    {
      "OptionGreeks": {
        "currentValue": "true",
        "delta": -0.00822,
        "gamma": 0.00212,
        "iv": 0.725,
        "rho": -0.00027,
        "theta": -0.00603,
        "vega": 0.00328
      },
      "adjustedFlag": "false",
      "ask": 0.9,
      "askSize": 70,
      "bid": 0.0,
      "bidSize": 0,
      "displaySymbol": "IR Jul 21 '23 $45 Put",
      "inTheMoney": "n",
      "lastPrice": 0.0,
      "netChange": 0.0,
      "openInterest": 0,
      "optionCategory": "STANDARD",
      "optionRootSymbol": "IR",
      "optionType": "PUT",
      "osiKey": "IR----230721P00045000",
      "quoteDetail": "https://api.etrade.com/v1/market/quote/IR:2023:7:21:PUT:45.000000",
      "strikePrice": 45.0,
      "symbol": "IR",
      "timeStamp": 1688403542,
      "volume": 0
    },
    {
      "OptionGreeks": {
        "currentValue": "true",
        "delta": -0.0131,
        "gamma": 0.00413,
        "iv": 0.5591,
        "rho": -0.00042,
        "theta": -0.00707,
        "vega": 0.00497
      },
      "adjustedFlag": "false",
      "ask": 0.9,
      "askSize": 67,
      "bid": 0.0,
      "bidSize": 0,
      "displaySymbol": "IR Jul 21 '23 $50 Put",
      "inTheMoney": "n",
      "lastPrice": 0.64,
      "netChange": 0.0,
      "openInterest": 1,
      "optionCategory": "STANDARD",
      "optionRootSymbol": "IR",
      "optionType": "PUT",
      "osiKey": "IR----230721P00050000",
      "quoteDetail": "https://api.etrade.com/v1/market/quote/IR:2023:7:21:PUT:50.000000",
      "strikePrice": 50.0,
      "symbol": "IR",
      "timeStamp": 1688403599,
      "volume": 0
    },
    {
      "OptionGreeks": {
        "currentValue": "true",
        "delta": -0.02532,
        "gamma": 0.00991,
        "iv": 0.40903,
        "rho": -0.00079,
        "theta": -0.00922,
        "vega": 0.00878
      },
      "adjustedFlag": "false",
      "ask": 0.9,
      "askSize": 106,
      "bid": 0.0,
      "bidSize": 0,
      "displaySymbol": "IR Jul 21 '23 $55 Put",
      "inTheMoney": "n",
      "lastPrice": 0.72,
      "netChange": 0.0,
      "openInterest": 114,
      "optionCategory": "STANDARD",
      "optionRootSymbol": "IR",
      "optionType": "PUT",
      "osiKey": "IR----230721P00055000",
      "quoteDetail": "https://api.etrade.com/v1/market/quote/IR:2023:7:21:PUT:55.000000",
      "strikePrice": 55.0,
      "symbol": "IR",
      "timeStamp": 1688403542,
      "volume": 0
    },
    {
      "OptionGreeks": {
        "currentValue": "true",
        "delta": -0.07125,
        "gamma": 0.03445,
        "iv": 0.27202,
        "rho": -0.00218,
        "theta": -0.01456,
        "vega": 0.02028
      },
      "adjustedFlag": "false",
      "ask": 0.2,
      "askSize": 36,
      "bid": 0.05,
      "bidSize": 32,
      "displaySymbol": "IR Jul 21 '23 $60 Put",
      "inTheMoney": "n",
      "lastPrice": 0.44,
      "netChange": 0.0,
      "openInterest": 456,
      "optionCategory": "STANDARD",
      "optionRootSymbol": "IR",
      "optionType": "PUT",
      "osiKey": "IR----230721P00060000",
      "quoteDetail": "https://api.etrade.com/v1/market/quote/IR:2023:7:21:PUT:60.000000",
      "strikePrice": 60.0,
      "symbol": "IR",
      "timeStamp": 1688403599,
      "volume": 0
    },
    {
      "OptionGreeks": {
        "currentValue": "true",
        "delta": -0.43131,
        "gamma": 0.15271,
        "iv": 0.18451,
        "rho": -0.01126,
        "theta": -0.03059,
        "vega": 0.05678
      },
      "adjustedFlag": "false",
      "ask": 1.05,
      "askSize": 11,
      "bid": 0.7,
      "bidSize": 1,
      "displaySymbol": "IR Jul 21 '23 $65 Put",
      "inTheMoney": "n",
      "lastPrice": 1.55,
      "netChange": 0.0,
      "openInterest": 61,
      "optionCategory": "STANDARD",
      "optionRootSymbol": "IR",
      "optionType": "PUT",
      "osiKey": "IR----230721P00065000",
      "quoteDetail": "https://api.etrade.com/v1/market/quote/IR:2023:7:21:PUT:65.000000",
      "strikePrice": 65.0,
      "symbol": "IR",
      "timeStamp": 1688403598,
      "volume": 0
    },
    {
      "OptionGreeks": {
        "currentValue": "true",
        "delta": -0.83695,
        "gamma": 0.06245,
        "iv": 0.32121,
        "rho": -0.01532,
        "theta": -0.03689,
        "vega": 0.03549
      },
      "adjustedFlag": "false",
      "ask": 5.3,
      "askSize": 31,
      "bid": 4.6,
      "bidSize": 31,
      "displaySymbol": "IR Jul 21 '23 $70 Put",
      "inTheMoney": "y",
      "lastPrice": 6.62,
      "netChange": 0.0,
      "openInterest": 0,
      "optionCategory": "STANDARD",
      "optionRootSymbol": "IR",
      "optionType": "PUT",
      "osiKey": "IR----230721P00070000",
      "quoteDetail": "https://api.etrade.com/v1/market/quote/IR:2023:7:21:PUT:70.000000",
      "strikePrice": 70.0,
      "symbol": "IR",
      "timeStamp": 1688403573,
      "volume": 0
    },
    {
      "OptionGreeks": {
        "currentValue": "true",
        "delta": -0.89038,
        "gamma": 0.03027,
        "iv": 0.50577,
        "rho": -0.01607,
        "theta": -0.04336,
        "vega": 0.02703
      },
      "adjustedFlag": "false",
      "ask": 10.4,
      "askSize": 31,
      "bid": 9.4,
      "bidSize": 31,
      "displaySymbol": "IR Jul 21 '23 $75 Put",
      "inTheMoney": "y",
      "lastPrice": 0.0,
      "netChange": 0.0,
      "openInterest": 0,
      "optionCategory": "STANDARD",
      "optionRootSymbol": "IR",
      "optionType": "PUT",
      "osiKey": "IR----230721P00075000",
      "quoteDetail": "https://api.etrade.com/v1/market/quote/IR:2023:7:21:PUT:75.000000",
      "strikePrice": 75.0,
      "symbol": "IR",
      "timeStamp": 1688403597,
      "volume": 0
    },
    {
      "OptionGreeks": {
        "currentValue": "true",
        "delta": -0.98587,
        "gamma": 0.01473,
        "iv": 0.5011,
        "rho": -0.0035,
        "theta": -0.01874,
        "vega": 0.00505
      },
      "adjustedFlag": "false",
      "ask": 16.1,
      "askSize": 40,
      "bid": 14.2,
      "bidSize": 31,
      "displaySymbol": "IR Jul 21 '23 $80 Put",
      "inTheMoney": "y",
      "lastPrice": 0.0,
      "netChange": 0.0,
      "openInterest": 0,
      "optionCategory": "STANDARD",
      "optionRootSymbol": "IR",
      "optionType": "PUT",
      "osiKey": "IR----230721P00080000",
      "quoteDetail": "https://api.etrade.com/v1/market/quote/IR:2023:7:21:PUT:80.000000",
      "strikePrice": 80.0,
      "symbol": "IR",
      "timeStamp": 1688403597,
      "volume": 0
    },
    {
      "OptionGreeks": {
        "currentValue": "true",
        "delta": -1.0,
        "gamma": 0.0,
        "iv": 0.49672,
        "rho": -1e-05,
        "theta": -0.0157,
        "vega": 0.0
      },
      "adjustedFlag": "false",
      "ask": 20.2,
      "askSize": 31,
      "bid": 19.1,
      "bidSize": 43,
      "displaySymbol": "IR Jul 21 '23 $85 Put",
      "inTheMoney": "y",
      "lastPrice": 0.0,
      "netChange": 0.0,
      "openInterest": 0,
      "optionCategory": "STANDARD",
      "optionRootSymbol": "IR",
      "optionType": "PUT",
      "osiKey": "IR----230721P00085000",
      "quoteDetail": "https://api.etrade.com/v1/market/quote/IR:2023:7:21:PUT:85.000000",
      "strikePrice": 85.0,
      "symbol": "IR",
      "timeStamp": 1688403569,
      "volume": 0
    },
    {
      "OptionGreeks": {
        "currentValue": "true",
        "delta": 0.99798,
        "gamma": 0.00056,
        "iv": 1.39157,
        "rho": 0.01376,
        "theta": -0.00067,
        "vega": 0.00162
      },
      "adjustedFlag": "false",
      "ask": 36.6,
      "askSize": 30,
      "bid": 34.8,
      "bidSize": 30,
      "displaySymbol": "IR Jul 21 '23 $30 Call",
      "inTheMoney": "y",
      "lastPrice": 0.0,
      "netChange": 0.0,
      "openInterest": 0,
      "optionCategory": "STANDARD",
      "optionRootSymbol": "IR",
      "optionType": "CALL",
      "osiKey": "IR----230721C00030000",
      "quoteDetail": "https://api.etrade.com/v1/market/quote/IR:2023:7:21:CALL:30.000000",
      "strikePrice": 30.0,
      "symbol": "IR",
      "timeStamp": 1688403559,
      "volume": 0
    },
    {
      "OptionGreeks": {
        "currentValue": "true",
        "delta": 0.99714,
        "gamma": 0.00082,
        "iv": 1.1345,
        "rho": 0.01631,
        "theta": -0.00126,
        "vega": 0.00195
      },
      "adjustedFlag": "false",
      "ask": 32.8,
      "askSize": 30,
      "bid": 29.1,
      "bidSize": 40,
      "displaySymbol": "IR Jul 21 '23 $35 Call",
      "inTheMoney": "y",
      "lastPrice": 0.0,
      "netChange": 0.0,
      "openInterest": 0,
      "optionCategory": "STANDARD",
      "optionRootSymbol": "IR",
      "optionType": "CALL",
      "osiKey": "IR----230721C00035000",
      "quoteDetail": "https://api.etrade.com/v1/market/quote/IR:2023:7:21:CALL:35.000000",
      "strikePrice": 35.0,
      "symbol": "IR",
      "timeStamp": 1688403598,
      "volume": 0
    },
    {
      "OptionGreeks": {
        "currentValue": "true",
        "delta": 0.99604,
        "gamma": 0.00123,
        "iv": 0.91046,
        "rho": 0.0189,
        "theta": -0.00182,
        "vega": 0.00237
      },
      "adjustedFlag": "false",
      "ask": 26.1,
      "askSize": 30,
      "bid": 24.5,
      "bidSize": 40,
      "displaySymbol": "IR Jul 21 '23 $40 Call",
      "inTheMoney": "y",
      "lastPrice": 0.0,
      "netChange": 0.0,
      "openInterest": 0,
      "optionCategory": "STANDARD",
      "optionRootSymbol": "IR",
      "optionType": "CALL",
      "osiKey": "IR----230721C00040000",
      "quoteDetail": "https://api.etrade.com/v1/market/quote/IR:2023:7:21:CALL:40.000000",
      "strikePrice": 40.0,
      "symbol": "IR",
      "timeStamp": 1688403578,
      "volume": 0
    },
    {
      "OptionGreeks": {
        "currentValue": "true",
        "delta": 0.99357,
        "gamma": 0.00212,
        "iv": 0.725,
        "rho": 0.02141,
        "theta": -0.00309,
        "vega": 0.00328
      },
      "adjustedFlag": "false",
      "ask": 20.7,
      "askSize": 31,
      "bid": 19.2,
      "bidSize": 43,
      "displaySymbol": "IR Jul 21 '23 $45 Call",
      "inTheMoney": "y",
      "lastPrice": 0.0,
      "netChange": 0.0,
      "openInterest": 0,
      "optionCategory": "STANDARD",
      "optionRootSymbol": "IR",
      "optionType": "CALL",
      "osiKey": "IR----230721C00045000",
      "quoteDetail": "https://api.etrade.com/v1/market/quote/IR:2023:7:21:CALL:45.000000",
      "strikePrice": 45.0,
      "symbol": "IR",
      "timeStamp": 1688403577,
      "volume": 0
    },
    {
      "OptionGreeks": {
        "currentValue": "true",
        "delta": 0.98871,
        "gamma": 0.00412,
        "iv": 0.5591,
        "rho": 0.02385,
        "theta": -0.00483,
        "vega": 0.00496
      },
      "adjustedFlag": "false",
      "ask": 16.8,
      "askSize": 31,
      "bid": 14.8,
      "bidSize": 31,
      "displaySymbol": "IR Jul 21 '23 $50 Call",
      "inTheMoney": "y",
      "lastPrice": 14.7,
      "netChange": 0.0,
      "openInterest": 1,
      "optionCategory": "STANDARD",
      "optionRootSymbol": "IR",
      "optionType": "CALL",
      "osiKey": "IR----230721C00050000",
      "quoteDetail": "https://api.etrade.com/v1/market/quote/IR:2023:7:21:CALL:50.000000",
      "strikePrice": 50.0,
      "symbol": "IR",
      "timeStamp": 1688403579,
      "volume": 0
    },
    {
      "OptionGreeks": {
        "currentValue": "true",
        "delta": 0.97657,
        "gamma": 0.00985,
        "iv": 0.40903,
        "rho": 0.02606,
        "theta": -0.00768,
        "vega": 0.00875
      },
      "adjustedFlag": "false",
      "ask": 10.8,
      "askSize": 31,
      "bid": 9.1,
      "bidSize": 43,
      "displaySymbol": "IR Jul 21 '23 $55 Call",
      "inTheMoney": "y",
      "lastPrice": 9.8,
      "netChange": 0.0,
      "openInterest": 15,
      "optionCategory": "STANDARD",
      "optionRootSymbol": "IR",
      "optionType": "CALL",
      "osiKey": "IR----230721C00055000",
      "quoteDetail": "https://api.etrade.com/v1/market/quote/IR:2023:7:21:CALL:55.000000",
      "strikePrice": 55.0,
      "symbol": "IR",
      "timeStamp": 1688403599,
      "volume": 0
    },
    {
      "OptionGreeks": {
        "currentValue": "true",
        "delta": 0.93119,
        "gamma": 0.03405,
        "iv": 0.27202,
        "rho": 0.02717,
        "theta": -0.01361,
        "vega": 0.02014
      },
      "adjustedFlag": "false",
      "ask": 6.3,
      "askSize": 31,
      "bid": 5.4,
      "bidSize": 1,
      "displaySymbol": "IR Jul 21 '23 $60 Call",
      "inTheMoney": "y",
      "lastPrice": 5.8,
      "netChange": 0.0,
      "openInterest": 99,
      "optionCategory": "STANDARD",
      "optionRootSymbol": "IR",
      "optionType": "CALL",
      "osiKey": "IR----230721C00060000",
      "quoteDetail": "https://api.etrade.com/v1/market/quote/IR:2023:7:21:CALL:60.000000",
      "strikePrice": 60.0,
      "symbol": "IR",
      "timeStamp": 1688403596,
      "volume": 1
    },
    {
      "OptionGreeks": {
        "currentValue": "true",
        "delta": 0.58335,
        "gamma": 0.14541,
        "iv": 0.18451,
        "rho": 0.01816,
        "theta": -0.02909,
        "vega": 0.05683
      },
      "adjustedFlag": "false",
      "ask": 1.65,
      "askSize": 36,
      "bid": 0.85,
      "bidSize": 98,
      "displaySymbol": "IR Jul 21 '23 $65 Call",
      "inTheMoney": "y",
      "lastPrice": 1.73,
      "netChange": 0.0,
      "openInterest": 1187,
      "optionCategory": "STANDARD",
      "optionRootSymbol": "IR",
      "optionType": "CALL",
      "osiKey": "IR----230721C00065000",
      "quoteDetail": "https://api.etrade.com/v1/market/quote/IR:2023:7:21:CALL:65.000000",
      "strikePrice": 65.0,
      "symbol": "IR",
      "timeStamp": 1688403599,
      "volume": 0
    },
    {
      "OptionGreeks": {
        "currentValue": "true",
        "delta": 0.18808,
        "gamma": 0.05758,
        "iv": 0.32121,
        "rho": 0.00579,
        "theta": -0.03461,
        "vega": 0.03948
      },
      "adjustedFlag": "false",
      "ask": 1.0,
      "askSize": 72,
      "bid": 0.0,
      "bidSize": 0,
      "displaySymbol": "IR Jul 21 '23 $70 Call",
      "inTheMoney": "n",
      "lastPrice": 0.06,
      "netChange": 0.0,
      "openInterest": 126,
      "optionCategory": "STANDARD",
      "optionRootSymbol": "IR",
      "optionType": "CALL",
      "osiKey": "IR----230721C00070000",
      "quoteDetail": "https://api.etrade.com/v1/market/quote/IR:2023:7:21:CALL:70.000000",
      "strikePrice": 70.0,
      "symbol": "IR",
      "timeStamp": 1688403599,
      "volume": 0
    },
    {
      "OptionGreeks": {
        "currentValue": "true",
        "delta": 0.12774,
        "gamma": 0.02831,
        "iv": 0.50577,
        "rho": 0.00385,
        "theta": -0.04181,
        "vega": 0.03052
      },
      "adjustedFlag": "false",
      "ask": 0.9,
      "askSize": 213,
      "bid": 0.0,
      "bidSize": 0,
      "displaySymbol": "IR Jul 21 '23 $75 Call",
      "inTheMoney": "n",
      "lastPrice": 0.25,
      "netChange": 0.0,
      "openInterest": 1,
      "optionCategory": "STANDARD",
      "optionRootSymbol": "IR",
      "optionType": "CALL",
      "osiKey": "IR----230721C00075000",
      "quoteDetail": "https://api.etrade.com/v1/market/quote/IR:2023:7:21:CALL:75.000000",
      "strikePrice": 75.0,
      "symbol": "IR",
      "timeStamp": 1688403540,
      "volume": 0
    },
    {
      "OptionGreeks": {
        "currentValue": "true",
        "delta": 0.04214,
        "gamma": 0.01227,
        "iv": 0.5011,
        "rho": 0.00127,
        "theta": -0.01729,
        "vega": 0.01322
      },
      "adjustedFlag": "false",
      "ask": 0.9,
      "askSize": 213,
      "bid": 0.0,
      "bidSize": 0,
      "displaySymbol": "IR Jul 21 '23 $80 Call",
      "inTheMoney": "n",
      "lastPrice": 0.1,
      "netChange": 0.0,
      "openInterest": 5,
      "optionCategory": "STANDARD",
      "optionRootSymbol": "IR",
      "optionType": "CALL",
      "osiKey": "IR----230721C00080000",
      "quoteDetail": "https://api.etrade.com/v1/market/quote/IR:2023:7:21:CALL:80.000000",
      "strikePrice": 80.0,
      "symbol": "IR",
      "timeStamp": 1688403540,
      "volume": 0
    },
    {
      "OptionGreeks": {
        "currentValue": "true",
        "delta": 0.01095,
        "gamma": 0.00396,
        "iv": 0.49672,
        "rho": 0.00033,
        "theta": -0.00528,
        "vega": 0.00428
      },
      "adjustedFlag": "false",
      "ask": 0.05,
      "askSize": 1,
      "bid": 0.0,
      "bidSize": 0,
      "displaySymbol": "IR Jul 21 '23 $85 Call",
      "inTheMoney": "n",
      "lastPrice": 0.0,
      "netChange": 0.0,
      "openInterest": 0,
      "optionCategory": "STANDARD",
      "optionRootSymbol": "IR",
      "optionType": "CALL",
      "osiKey": "IR----230721C00085000",
      "quoteDetail": "https://api.etrade.com/v1/market/quote/IR:2023:7:21:CALL:85.000000",
      "strikePrice": 85.0,
      "symbol": "IR",
      "timeStamp": 1688391001,
      "volume": 0
    }
  ],
  "2023-08-18": [
    {
      "OptionGreeks": {
        "currentValue": "true",
        "delta": 0.0,
        "gamma": 0.0,
        "iv": 0.33779,
        "rho": 0.0,
        "theta": 0.0,
        "vega": 0.0
      },
      "adjustedFlag": "false",
      "ask": 0.9,
      "askSize": 98,
      "bid": 0.0,
      "bidSize": 0,
      "displaySymbol": "IR Aug 18 '23 $35 Put",
      "inTheMoney": "n",
      "lastPrice": 0.0,
      "netChange": 0.0,
      "openInterest": 0,
      "optionCategory": "STANDARD",
      "optionRootSymbol": "IR",
      "optionType": "PUT",
      "osiKey": "IR----230818P00035000",
      "quoteDetail": "https://api.etrade.com/v1/market/quote/IR:2023:8:18:PUT:35.000000",
      "strikePrice": 35.0,
      "symbol": "IR",
      "timeStamp": 1688403542,
      "volume": 0
    },
    {
      "OptionGreeks": {
        "currentValue": "true",
        "delta": -1e-05,
        "gamma": 1e-05,
        "iv": 0.33779,
        "rho": 0.0,
        "theta": 0.0,
        "vega": 1e-05
      },
      "adjustedFlag": "false",
      "ask": 1.15,
      "askSize": 98,
      "bid": 0.0,
      "bidSize": 0,
      "displaySymbol": "IR Aug 18 '23 $40 Put",
      "inTheMoney": "n",
      "lastPrice": 0.0,
      "netChange": 0.0,
      "openInterest": 0,
      "optionCategory": "STANDARD",
      "optionRootSymbol": "IR",
      "optionType": "PUT",
      "osiKey": "IR----230818P00040000",
      "quoteDetail": "https://api.etrade.com/v1/market/quote/IR:2023:8:18:PUT:40.000000",
      "strikePrice": 40.0,
      "symbol": "IR",
      "timeStamp": 1688403542,
      "volume": 0
    },
    {
      "OptionGreeks": {
        "currentValue": "true",
        "delta": -0.00064,
        "gamma": 0.00028,
        "iv": 0.33779,
        "rho": -5e-05,
        "theta": -0.00017,
        "vega": 0.00057
      },
      "adjustedFlag": "false",
      "ask": 4.5,
      "askSize": 101,
      "bid": 0.0,
      "bidSize": 0,
      "displaySymbol": "IR Aug 18 '23 $45 Put",
      "inTheMoney": "n",
      "lastPrice": 0.0,
      "netChange": 0.0,
      "openInterest": 0,
      "optionCategory": "STANDARD",
      "optionRootSymbol": "IR",
      "optionType": "PUT",
      "osiKey": "IR----230818P00045000",
      "quoteDetail": "https://api.etrade.com/v1/market/quote/IR:2023:8:18:PUT:45.000000",
      "strikePrice": 45.0,
      "symbol": "IR",
      "timeStamp": 1688403542,
      "volume": 0
    },
    {
      "OptionGreeks": {
        "currentValue": "true",
        "delta": -0.00978,
        "gamma": 0.00332,
        "iv": 0.33779,
        "rho": -0.00079,
        "theta": -0.00213,
        "vega": 0.00634
      },
      "adjustedFlag": "false",
      "ask": 4.6,
      "askSize": 113,
      "bid": 0.0,
      "bidSize": 0,
      "displaySymbol": "IR Aug 18 '23 $50 Put",
      "inTheMoney": "n",
      "lastPrice": 0.0,
      "netChange": 0.0,
      "openInterest": 0,
      "optionCategory": "STANDARD",
      "optionRootSymbol": "IR",
      "optionType": "PUT",
      "osiKey": "IR----230818P00050000",
      "quoteDetail": "https://api.etrade.com/v1/market/quote/IR:2023:8:18:PUT:50.000000",
      "strikePrice": 50.0,
      "symbol": "IR",
      "timeStamp": 1688403540,
      "volume": 0
    },
    {
      "OptionGreeks": {
        "currentValue": "true",
        "delta": -0.06196,
        "gamma": 0.01559,
        "iv": 0.33779,
        "rho": -0.00499,
        "theta": -0.01022,
        "vega": 0.02888
      },
      "adjustedFlag": "false",
      "ask": 0.3,
      "askSize": 13,
      "bid": 0.15,
      "bidSize": 11,
      "displaySymbol": "IR Aug 18 '23 $55 Put",
      "inTheMoney": "n",
      "lastPrice": 0.0,
      "netChange": 0.0,
      "openInterest": 0,
      "optionCategory": "STANDARD",
      "optionRootSymbol": "IR",
      "optionType": "PUT",
      "osiKey": "IR----230818P00055000",
      "quoteDetail": "https://api.etrade.com/v1/market/quote/IR:2023:8:18:PUT:55.000000",
      "strikePrice": 55.0,
      "symbol": "IR",
      "timeStamp": 1688403599,
      "volume": 0
    },
    {
      "OptionGreeks": {
        "currentValue": "true",
        "delta": -0.14766,
        "gamma": 0.03942,
        "iv": 0.25419,
        "rho": -0.01142,
        "theta": -0.01475,
        "vega": 0.05413
      },
      "adjustedFlag": "false",
      "ask": 0.75,
      "askSize": 43,
      "bid": 0.2,
      "bidSize": 71,
      "displaySymbol": "IR Aug 18 '23 $60 Put",
      "inTheMoney": "n",
      "lastPrice": 0.8,
      "netChange": 0.1,
      "openInterest": 23,
      "optionCategory": "STANDARD",
      "optionRootSymbol": "IR",
      "optionType": "PUT",
      "osiKey": "IR----230818P00060000",
      "quoteDetail": "https://api.etrade.com/v1/market/quote/IR:2023:8:18:PUT:60.000000",
      "strikePrice": 60.0,
      "symbol": "IR",
      "timeStamp": 1688403599,
      "volume": 1
    },
    {
      "OptionGreeks": {
        "currentValue": "true",
        "delta": -0.44057,
        "gamma": 0.07536,
        "iv": 0.23565,
        "rho": -0.03008,
        "theta": -0.02427,
        "vega": 0.09095
      },
      "adjustedFlag": "false",
      "ask": 2.0,
      "askSize": 13,
      "bid": 1.75,
      "bidSize": 1,
      "displaySymbol": "IR Aug 18 '23 $65 Put",
      "inTheMoney": "n",
      "lastPrice": 1.8,
      "netChange": 0.0,
      "openInterest": 82,
      "optionCategory": "STANDARD",
      "optionRootSymbol": "IR",
      "optionType": "PUT",
      "osiKey": "IR----230818P00065000",
      "quoteDetail": "https://api.etrade.com/v1/market/quote/IR:2023:8:18:PUT:65.000000",
      "strikePrice": 65.0,
      "symbol": "IR",
      "timeStamp": 1688403599,
      "volume": 0
    },
    {
      "OptionGreeks": {
        "currentValue": "true",
        "delta": -0.82065,
        "gamma": 0.06919,
        "iv": 0.2226,
        "rho": -0.03219,
        "theta": -0.01929,
        "vega": 0.05929
      },
      "adjustedFlag": "false",
      "ask": 5.2,
      "askSize": 20,
      "bid": 4.5,
      "bidSize": 61,
      "displaySymbol": "IR Aug 18 '23 $70 Put",
      "inTheMoney": "y",
      "lastPrice": 0.0,
      "netChange": 0.0,
      "openInterest": 0,
      "optionCategory": "STANDARD",
      "optionRootSymbol": "IR",
      "optionType": "PUT",
      "osiKey": "IR----230818P00070000",
      "quoteDetail": "https://api.etrade.com/v1/market/quote/IR:2023:8:18:PUT:70.000000",
      "strikePrice": 70.0,
      "symbol": "IR",
      "timeStamp": 1688403599,
      "volume": 0
    },
    {
      "OptionGreeks": {
        "currentValue": "true",
        "delta": -0.99261,
        "gamma": 0.01411,
        "iv": 0.25105,
        "rho": 0.0,
        "theta": -0.01248,
        "vega": 0.00095
      },
      "adjustedFlag": "false",
      "ask": 11.1,
      "askSize": 42,
      "bid": 9.6,
      "bidSize": 13,
      "displaySymbol": "IR Aug 18 '23 $75 Put",
      "inTheMoney": "y",
      "lastPrice": 0.0,
      "netChange": 0.0,
      "openInterest": 0,
      "optionCategory": "STANDARD",
      "optionRootSymbol": "IR",
      "optionType": "PUT",
      "osiKey": "IR----230818P00075000",
      "quoteDetail": "https://api.etrade.com/v1/market/quote/IR:2023:8:18:PUT:75.000000",
      "strikePrice": 75.0,
      "symbol": "IR",
      "timeStamp": 1688403580,
      "volume": 0
    },
    {
      "OptionGreeks": {
        "currentValue": "true",
        "delta": -0.92878,
        "gamma": 0.02252,
        "iv": 0.41769,
        "rho": -0.02835,
        "theta": -0.02065,
        "vega": 0.03045
      },
      "adjustedFlag": "false",
      "ask": 15.1,
      "askSize": 31,
      "bid": 14.1,
      "bidSize": 43,
      "displaySymbol": "IR Aug 18 '23 $80 Put",
      "inTheMoney": "y",
      "lastPrice": 0.0,
      "netChange": 0.0,
      "openInterest": 0,
      "optionCategory": "STANDARD",
      "optionRootSymbol": "IR",
      "optionType": "PUT",
      "osiKey": "IR----230818P00080000",
      "quoteDetail": "https://api.etrade.com/v1/market/quote/IR:2023:8:18:PUT:80.000000",
      "strikePrice": 80.0,
      "symbol": "IR",
      "timeStamp": 1688403589,
      "volume": 0
    },
    {
      "OptionGreeks": {
        "currentValue": "true",
        "delta": -0.93964,
        "gamma": 0.01647,
        "iv": 0.50699,
        "rho": -0.0291,
        "theta": -0.02163,
        "vega": 0.02683
      },
      "adjustedFlag": "false",
      "ask": 20.4,
      "askSize": 31,
      "bid": 18.8,
      "bidSize": 40,
      "displaySymbol": "IR Aug 18 '23 $85 Put",
      "inTheMoney": "y",
      "lastPrice": 0.0,
      "netChange": 0.0,
      "openInterest": 0,
      "optionCategory": "STANDARD",
      "optionRootSymbol": "IR",
      "optionType": "PUT",
      "osiKey": "IR----230818P00085000",
      "quoteDetail": "https://api.etrade.com/v1/market/quote/IR:2023:8:18:PUT:85.000000",
      "strikePrice": 85.0,
      "symbol": "IR",
      "timeStamp": 1688403578,
      "volume": 0
    },
    {
      "OptionGreeks": {
        "currentValue": "true",
        "delta": -0.94698,
        "gamma": 0.01298,
        "iv": 0.58746,
        "rho": -0.02929,
        "theta": -0.02227,
        "vega": 0.02419
      },
      "adjustedFlag": "false",
      "ask": 26.5,
      "askSize": 40,
      "bid": 22.9,
      "bidSize": 40,
      "displaySymbol": "IR Aug 18 '23 $90 Put",
      "inTheMoney": "y",
      "lastPrice": 0.0,
      "netChange": 0.0,
      "openInterest": 0,
      "optionCategory": "STANDARD",
      "optionRootSymbol": "IR",
      "optionType": "PUT",
      "osiKey": "IR----230818P00090000",
      "quoteDetail": "https://api.etrade.com/v1/market/quote/IR:2023:8:18:PUT:90.000000",
      "strikePrice": 90.0,
      "symbol": "IR",
      "timeStamp": 1688403580,
      "volume": 0
    },
    {
      "OptionGreeks": {
        "currentValue": "true",
        "delta": -0.95237,
        "gamma": 0.01072,
        "iv": 0.66099,
        "rho": -0.02968,
        "theta": -0.02266,
        "vega": 0.02208
      },
      "adjustedFlag": "false",
      "ask": 30.3,
      "askSize": 30,
      "bid": 29.2,
      "bidSize": 30,
      "displaySymbol": "IR Aug 18 '23 $95 Put",
      "inTheMoney": "y",
      "lastPrice": 0.0,
      "netChange": 0.0,
      "openInterest": 0,
      "optionCategory": "STANDARD",
      "optionRootSymbol": "IR",
      "optionType": "PUT",
      "osiKey": "IR----230818P00095000",
      "quoteDetail": "https://api.etrade.com/v1/market/quote/IR:2023:8:18:PUT:95.000000",
      "strikePrice": 95.0,
      "symbol": "IR",
      "timeStamp": 1688403593,
      "volume": 0
    },
    {
      "OptionGreeks": {
        "currentValue": "true",
        "delta": 1.0,
        "gamma": 0.0,
        "iv": 0.33779,
        "rho": 0.04374,
        "theta": 0.0,
        "vega": 0.0
      },
      "adjustedFlag": "false",
      "ask": 31.8,
      "askSize": 30,
      "bid": 29.8,
      "bidSize": 30,
      "displaySymbol": "IR Aug 18 '23 $35 Call",
      "inTheMoney": "y",
      "lastPrice": 0.0,
      "netChange": 0.0,
      "openInterest": 0,
      "optionCategory": "STANDARD",
      "optionRootSymbol": "IR",
      "optionType": "CALL",
      "osiKey": "IR----230818C00035000",
      "quoteDetail": "https://api.etrade.com/v1/market/quote/IR:2023:8:18:CALL:35.000000",
      "strikePrice": 35.0,
      "symbol": "IR",
      "timeStamp": 1688403595,
      "volume": 0
    },
    {
      "OptionGreeks": {
        "currentValue": "true",
        "delta": 1.0,
        "gamma": 1e-05,
        "iv": 0.33779,
        "rho": 0.05003,
        "theta": 0.0,
        "vega": 1e-05
      },
      "adjustedFlag": "false",
      "ask": 26.9,
      "askSize": 30,
      "bid": 25.1,
      "bidSize": 30,
      "displaySymbol": "IR Aug 18 '23 $40 Call",
      "inTheMoney": "y",
      "lastPrice": 0.0,
      "netChange": 0.0,
      "openInterest": 0,
      "optionCategory": "STANDARD",
      "optionRootSymbol": "IR",
      "optionType": "CALL",
      "osiKey": "IR----230818C00040000",
      "quoteDetail": "https://api.etrade.com/v1/market/quote/IR:2023:8:18:CALL:40.000000",
      "strikePrice": 40.0,
      "symbol": "IR",
      "timeStamp": 1688403592,
      "volume": 0
    },
    {
      "OptionGreeks": {
        "currentValue": "true",
        "delta": 1.0,
        "gamma": 0.00028,
        "iv": 0.33779,
        "rho": 0.05627,
        "theta": 0.0,
        "vega": 0.00056
      },
      "adjustedFlag": "false",
      "ask": 20.7,
      "askSize": 31,
      "bid": 20.0,
      "bidSize": 31,
      "displaySymbol": "IR Aug 18 '23 $45 Call",
      "inTheMoney": "y",
      "lastPrice": 0.0,
      "netChange": 0.0,
      "openInterest": 0,
      "optionCategory": "STANDARD",
      "optionRootSymbol": "IR",
      "optionType": "CALL",
      "osiKey": "IR----230818C00045000",
      "quoteDetail": "https://api.etrade.com/v1/market/quote/IR:2023:8:18:CALL:45.000000",
      "strikePrice": 45.0,
      "symbol": "IR",
      "timeStamp": 1688403590,
      "volume": 0
    },
    {
      "OptionGreeks": {
        "currentValue": "true",
        "delta": 0.99245,
        "gamma": 0.0033,
        "iv": 0.33779,
        "rho": 0.0618,
        "theta": 0.0,
        "vega": 0.00631
      },
      "adjustedFlag": "false",
      "ask": 15.8,
      "askSize": 12,
      "bid": 15.2,
      "bidSize": 31,
      "displaySymbol": "IR Aug 18 '23 $50 Call",
      "inTheMoney": "y",
      "lastPrice": 0.0,
      "netChange": 0.0,
      "openInterest": 0,
      "optionCategory": "STANDARD",
      "optionRootSymbol": "IR",
      "optionType": "CALL",
      "osiKey": "IR----230818C00050000",
      "quoteDetail": "https://api.etrade.com/v1/market/quote/IR:2023:8:18:CALL:50.000000",
      "strikePrice": 50.0,
      "symbol": "IR",
      "timeStamp": 1688403589,
      "volume": 0
    },
    {
      "OptionGreeks": {
        "currentValue": "true",
        "delta": 0.94071,
        "gamma": 0.01544,
        "iv": 0.33779,
        "rho": 0.06365,
        "theta": -0.00859,
        "vega": 0.0287
      },
      "adjustedFlag": "false",
      "ask": 11.0,
      "askSize": 12,
      "bid": 10.4,
      "bidSize": 31,
      "displaySymbol": "IR Aug 18 '23 $55 Call",
      "inTheMoney": "y",
      "lastPrice": 10.85,
      "netChange": 0.0,
      "openInterest": 2,
      "optionCategory": "STANDARD",
      "optionRootSymbol": "IR",
      "optionType": "CALL",
      "osiKey": "IR----230818C00055000",
      "quoteDetail": "https://api.etrade.com/v1/market/quote/IR:2023:8:18:CALL:55.000000",
      "strikePrice": 55.0,
      "symbol": "IR",
      "timeStamp": 1688403587,
      "volume": 0
    },
    {
      "OptionGreeks": {
        "currentValue": "true",
        "delta": 0.85671,
        "gamma": 0.03864,
        "iv": 0.25419,
        "rho": 0.06274,
        "theta": -0.01364,
        "vega": 0.05372
      },
      "adjustedFlag": "false",
      "ask": 6.4,
      "askSize": 22,
      "bid": 5.8,
      "bidSize": 57,
      "displaySymbol": "IR Aug 18 '23 $60 Call",
      "inTheMoney": "y",
      "lastPrice": 0.0,
      "netChange": 0.0,
      "openInterest": 0,
      "optionCategory": "STANDARD",
      "optionRootSymbol": "IR",
      "optionType": "CALL",
      "osiKey": "IR----230818C00060000",
      "quoteDetail": "https://api.etrade.com/v1/market/quote/IR:2023:8:18:CALL:60.000000",
      "strikePrice": 60.0,
      "symbol": "IR",
      "timeStamp": 1688403599,
      "volume": 0
    },
    {
      "OptionGreeks": {
        "currentValue": "true",
        "delta": 0.5741,
        "gamma": 0.0717,
        "iv": 0.23565,
        "rho": 0.04398,
        "theta": -0.02299,
        "vega": 0.09114
      },
      "adjustedFlag": "false",
      "ask": 3.5,
      "askSize": 62,
      "bid": 2.35,
      "bidSize": 11,
      "displaySymbol": "IR Aug 18 '23 $65 Call",
      "inTheMoney": "y",
      "lastPrice": 2.78,
      "netChange": 0.0,
      "openInterest": 95,
      "optionCategory": "STANDARD",
      "optionRootSymbol": "IR",
      "optionType": "CALL",
      "osiKey": "IR----230818C00065000",
      "quoteDetail": "https://api.etrade.com/v1/market/quote/IR:2023:8:18:CALL:65.000000",
      "strikePrice": 65.0,
      "symbol": "IR",
      "timeStamp": 1688403599,
      "volume": 0
    },
    {
      "OptionGreeks": {
        "currentValue": "true",
        "delta": 0.22977,
        "gamma": 0.05861,
        "iv": 0.2226,
        "rho": 0.01797,
        "theta": -0.01686,
        "vega": 0.07104
      },
      "adjustedFlag": "false",
      "ask": 0.7,
      "askSize": 8,
      "bid": 0.55,
      "bidSize": 13,
      "displaySymbol": "IR Aug 18 '23 $70 Call",
      "inTheMoney": "n",
      "lastPrice": 0.75,
      "netChange": 0.0,
      "openInterest": 14,
      "optionCategory": "STANDARD",
      "optionRootSymbol": "IR",
      "optionType": "CALL",
      "osiKey": "IR----230818C00070000",
      "quoteDetail": "https://api.etrade.com/v1/market/quote/IR:2023:8:18:CALL:70.000000",
      "strikePrice": 70.0,
      "symbol": "IR",
      "timeStamp": 1688403596,
      "volume": 0
    },
    {
      "OptionGreeks": {
        "currentValue": "true",
        "delta": 0.07834,
        "gamma": 0.02501,
        "iv": 0.25105,
        "rho": 0.0061,
        "theta": -0.00906,
        "vega": 0.03491
      },
      "adjustedFlag": "false",
      "ask": 0.35,
      "askSize": 44,
      "bid": 0.0,
      "bidSize": 0,
      "displaySymbol": "IR Aug 18 '23 $75 Call",
      "inTheMoney": "n",
      "lastPrice": 0.16,
      "netChange": 0.0,
      "openInterest": 1,
      "optionCategory": "STANDARD",
      "optionRootSymbol": "IR",
      "optionType": "CALL",
      "osiKey": "IR----230818C00075000",
      "quoteDetail": "https://api.etrade.com/v1/market/quote/IR:2023:8:18:CALL:75.000000",
      "strikePrice": 75.0,
      "symbol": "IR",
      "timeStamp": 1688403599,
      "volume": 0
    },
    {
      "OptionGreeks": {
        "currentValue": "true",
        "delta": 0.10848,
        "gamma": 0.01913,
        "iv": 0.41769,
        "rho": 0.00821,
        "theta": -0.01924,
        "vega": 0.04354
      },
      "adjustedFlag": "false",
      "ask": 0.9,
      "askSize": 101,
      "bid": 0.0,
      "bidSize": 0,
      "displaySymbol": "IR Aug 18 '23 $80 Call",
      "inTheMoney": "n",
      "lastPrice": 0.0,
      "netChange": 0.0,
      "openInterest": 0,
      "optionCategory": "STANDARD",
      "optionRootSymbol": "IR",
      "optionType": "CALL",
      "osiKey": "IR----230818C00080000",
      "quoteDetail": "https://api.etrade.com/v1/market/quote/IR:2023:8:18:CALL:80.000000",
      "strikePrice": 80.0,
      "symbol": "IR",
      "timeStamp": 1688403542,
      "volume": 0
    },
    {
      "OptionGreeks": {
        "currentValue": "true",
        "delta": 0.09299,
        "gamma": 0.01408,
        "iv": 0.50699,
        "rho": 0.00695,
        "theta": -0.02082,
        "vega": 0.03885
      },
      "adjustedFlag": "false",
      "ask": 0.9,
      "askSize": 103,
      "bid": 0.0,
      "bidSize": 0,
      "displaySymbol": "IR Aug 18 '23 $85 Call",
      "inTheMoney": "n",
      "lastPrice": 0.0,
      "netChange": 0.0,
      "openInterest": 0,
      "optionCategory": "STANDARD",
      "optionRootSymbol": "IR",
      "optionType": "CALL",
      "osiKey": "IR----230818C00085000",
      "quoteDetail": "https://api.etrade.com/v1/market/quote/IR:2023:8:18:CALL:85.000000",
      "strikePrice": 85.0,
      "symbol": "IR",
      "timeStamp": 1688403572,
      "volume": 0
    },
    {
      "OptionGreeks": {
        "currentValue": "true",
        "delta": 0.08276,
        "gamma": 0.01113,
        "iv": 0.58746,
        "rho": 0.0061,
        "theta": -0.02207,
        "vega": 0.03549
      },
      "adjustedFlag": "false",
      "ask": 0.9,
      "askSize": 97,
      "bid": 0.0,
      "bidSize": 0,
      "displaySymbol": "IR Aug 18 '23 $90 Call",
      "inTheMoney": "n",
      "lastPrice": 0.0,
      "netChange": 0.0,
      "openInterest": 0,
      "optionCategory": "STANDARD",
      "optionRootSymbol": "IR",
      "optionType": "CALL",
      "osiKey": "IR----230818C00090000",
      "quoteDetail": "https://api.etrade.com/v1/market/quote/IR:2023:8:18:CALL:90.000000",
      "strikePrice": 90.0,
      "symbol": "IR",
      "timeStamp": 1688403570,
      "volume": 0
    },
    {
      "OptionGreeks": {
        "currentValue": "true",
        "delta": 0.07543,
        "gamma": 0.00922,
        "iv": 0.66099,
        "rho": 0.00551,
        "theta": -0.02311,
        "vega": 0.03305
      },
      "adjustedFlag": "false",
      "ask": 0.9,
      "askSize": 103,
      "bid": 0.0,
      "bidSize": 0,
      "displaySymbol": "IR Aug 18 '23 $95 Call",
      "inTheMoney": "n",
      "lastPrice": 0.0,
      "netChange": 0.0,
      "openInterest": 0,
      "optionCategory": "STANDARD",
      "optionRootSymbol": "IR",
      "optionType": "CALL",
      "osiKey": "IR----230818C00095000",
      "quoteDetail": "https://api.etrade.com/v1/market/quote/IR:2023:8:18:CALL:95.000000",
      "strikePrice": 95.0,
      "symbol": "IR",
      "timeStamp": 1688403542,
      "volume": 0
    }
  ],
  "2023-09-15": [
    {
      "OptionGreeks": {
        "currentValue": "true",
        "delta": -0.00021,
        "gamma": 5e-05,
        "iv": 0.51153,
        "rho": -3e-05,
        "theta": -7e-05,
        "vega": 0.00024
      },
      "adjustedFlag": "false",
      "ask": 4.8,
      "askSize": 111,
      "bid": 0.0,
      "bidSize": 0,
      "displaySymbol": "IR Sep 15 '23 $30 Put",
      "inTheMoney": "n",
      "lastPrice": 0.0,
      "netChange": 0.0,
      "openInterest": 0,
      "optionCategory": "STANDARD",
      "optionRootSymbol": "IR",
      "optionType": "PUT",
      "osiKey": "IR----230915P00030000",
      "quoteDetail": "https://api.etrade.com/v1/market/quote/IR:2023:9:15:PUT:30.000000",
      "strikePrice": 30.0,
      "symbol": "IR",
      "timeStamp": 1688403502,
      "volume": 0
    },
    {
      "OptionGreeks": {
        "currentValue": "true",
        "delta": -0.00218,
        "gamma": 0.00045,
        "iv": 0.51153,
        "rho": -0.00029,
        "theta": -0.00065,
        "vega": 0.00208
      },
      "adjustedFlag": "false",
      "ask": 4.8,
      "askSize": 131,
      "bid": 0.0,
      "bidSize": 0,
      "displaySymbol": "IR Sep 15 '23 $35 Put",
      "inTheMoney": "n",
      "lastPrice": 0.0,
      "netChange": 0.0,
      "openInterest": 0,
      "optionCategory": "STANDARD",
      "optionRootSymbol": "IR",
      "optionType": "PUT",
      "osiKey": "IR----230915P00035000",
      "quoteDetail": "https://api.etrade.com/v1/market/quote/IR:2023:9:15:PUT:35.000000",
      "strikePrice": 35.0,
      "symbol": "IR",
      "timeStamp": 1688403495,
      "volume": 0
    },
    {
      "OptionGreeks": {
        "currentValue": "true",
        "delta": -0.01164,
        "gamma": 0.00202,
        "iv": 0.51153,
        "rho": -0.00157,
        "theta": -0.00297,
        "vega": 0.00913
      },
      "adjustedFlag": "false",
      "ask": 2.2,
      "askSize": 111,
      "bid": 0.0,
      "bidSize": 0,
      "displaySymbol": "IR Sep 15 '23 $40 Put",
      "inTheMoney": "n",
      "lastPrice": 0.5,
      "netChange": 0.0,
      "openInterest": 12,
      "optionCategory": "STANDARD",
      "optionRootSymbol": "IR",
      "optionType": "PUT",
      "osiKey": "IR----230915P00040000",
      "quoteDetail": "https://api.etrade.com/v1/market/quote/IR:2023:9:15:PUT:40.000000",
      "strikePrice": 40.0,
      "symbol": "IR",
      "timeStamp": 1688403502,
      "volume": 0
    },
    {
      "OptionGreeks": {
        "currentValue": "true",
        "delta": -0.03946,
        "gamma": 0.00566,
        "iv": 0.51153,
        "rho": -0.00537,
        "theta": -0.00846,
        "vega": 0.02532
      },
      "adjustedFlag": "false",
      "ask": 0.5,
      "askSize": 67,
      "bid": 0.0,
      "bidSize": 0,
      "displaySymbol": "IR Sep 15 '23 $45 Put",
      "inTheMoney": "n",
      "lastPrice": 0.22,
      "netChange": 0.0,
      "openInterest": 93,
      "optionCategory": "STANDARD",
      "optionRootSymbol": "IR",
      "optionType": "PUT",
      "osiKey": "IR----230915P00045000",
      "quoteDetail": "https://api.etrade.com/v1/market/quote/IR:2023:9:15:PUT:45.000000",
      "strikePrice": 45.0,
      "symbol": "IR",
      "timeStamp": 1688403002,
      "volume": 0
    },
    {
      "OptionGreeks": {
        "currentValue": "true",
        "delta": -0.06994,
        "gamma": 0.01036,
        "iv": 0.44025,
        "rho": -0.00937,
        "theta": -0.01154,
        "vega": 0.03985
      },
      "adjustedFlag": "false",
      "ask": 0.75,
      "askSize": 99,
      "bid": 0.1,
      "bidSize": 51,
      "displaySymbol": "IR Sep 15 '23 $50 Put",
      "inTheMoney": "n",
      "lastPrice": 0.9,
      "netChange": 0.0,
      "openInterest": 134,
      "optionCategory": "STANDARD",
      "optionRootSymbol": "IR",
      "optionType": "PUT",
      "osiKey": "IR----230915P00050000",
      "quoteDetail": "https://api.etrade.com/v1/market/quote/IR:2023:9:15:PUT:50.000000",
      "strikePrice": 50.0,
      "symbol": "IR",
      "timeStamp": 1688403599,
      "volume": 0
    },
    {
      "OptionGreeks": {
        "currentValue": "true",
        "delta": -0.10088,
        "gamma": 0.01831,
        "iv": 0.32855,
        "rho": -0.0131,
        "theta": -0.01139,
        "vega": 0.05256
      },
      "adjustedFlag": "false",
      "ask": 0.6,
      "askSize": 13,
      "bid": 0.35,
      "bidSize": 51,
      "displaySymbol": "IR Sep 15 '23 $55 Put",
      "inTheMoney": "n",
      "lastPrice": 0.8,
      "netChange": 0.0,
      "openInterest": 95,
      "optionCategory": "STANDARD",
      "optionRootSymbol": "IR",
      "optionType": "PUT",
      "osiKey": "IR----230915P00055000",
      "quoteDetail": "https://api.etrade.com/v1/market/quote/IR:2023:9:15:PUT:55.000000",
      "strikePrice": 55.0,
      "symbol": "IR",
      "timeStamp": 1688403599,
      "volume": 0
    },
    {
      "OptionGreeks": {
        "currentValue": "true",
        "delta": -0.20982,
        "gamma": 0.03656,
        "iv": 0.27028,
        "rho": -0.02613,
        "theta": -0.01545,
        "vega": 0.08506
      },
      "adjustedFlag": "false",
      "ask": 1.75,
      "askSize": 67,
      "bid": 0.3,
      "bidSize": 390,
      "displaySymbol": "IR Sep 15 '23 $60 Put",
      "inTheMoney": "n",
      "lastPrice": 0.96,
      "netChange": 0.0,
      "openInterest": 42,
      "optionCategory": "STANDARD",
      "optionRootSymbol": "IR",
      "optionType": "PUT",
      "osiKey": "IR----230915P00060000",
      "quoteDetail": "https://api.etrade.com/v1/market/quote/IR:2023:9:15:PUT:60.000000",
      "strikePrice": 60.0,
      "symbol": "IR",
      "timeStamp": 1688403599,
      "volume": 0
    },
    {
      "OptionGreeks": {
        "currentValue": "true",
        "delta": -0.44243,
        "gamma": 0.06131,
        "iv": 0.22703,
        "rho": -0.04937,
        "theta": -0.0182,
        "vega": 0.11525
      },
      "adjustedFlag": "false",
      "ask": 2.5,
      "askSize": 16,
      "bid": 2.0,
      "bidSize": 1,
      "displaySymbol": "IR Sep 15 '23 $65 Put",
      "inTheMoney": "n",
      "lastPrice": 2.85,
      "netChange": 0.0,
      "openInterest": 28,
      "optionCategory": "STANDARD",
      "optionRootSymbol": "IR",
      "optionType": "PUT",
      "osiKey": "IR----230915P00065000",
      "quoteDetail": "https://api.etrade.com/v1/market/quote/IR:2023:9:15:PUT:65.000000",
      "strikePrice": 65.0,
      "symbol": "IR",
      "timeStamp": 1688403599,
      "volume": 0
    },
    {
      "OptionGreeks": {
        "currentValue": "true",
        "delta": -0.74506,
        "gamma": 0.05817,
        "iv": 0.22203,
        "rho": -0.06109,
        "theta": -0.01599,
        "vega": 0.09282
      },
      "adjustedFlag": "false",
      "ask": 6.5,
      "askSize": 69,
      "bid": 5.1,
      "bidSize": 11,
      "displaySymbol": "IR Sep 15 '23 $70 Put",
      "inTheMoney": "y",
      "lastPrice": 6.69,
      "netChange": 0.0,
      "openInterest": 1,
      "optionCategory": "STANDARD",
      "optionRootSymbol": "IR",
      "optionType": "PUT",
      "osiKey": "IR----230915P00070000",
      "quoteDetail": "https://api.etrade.com/v1/market/quote/IR:2023:9:15:PUT:70.000000",
      "strikePrice": 70.0,
      "symbol": "IR",
      "timeStamp": 1688403599,
      "volume": 0
    },
    {
      "OptionGreeks": {
        "currentValue": "true",
        "delta": -0.97474,
        "gamma": 0.03476,
        "iv": 0.21561,
        "rho": -0.0129,
        "theta": -0.00918,
        "vega": 0.01698
      },
      "adjustedFlag": "false",
      "ask": 10.4,
      "askSize": 31,
      "bid": 9.6,
      "bidSize": 13,
      "displaySymbol": "IR Sep 15 '23 $75 Put",
      "inTheMoney": "y",
      "lastPrice": 0.0,
      "netChange": 0.0,
      "openInterest": 0,
      "optionCategory": "STANDARD",
      "optionRootSymbol": "IR",
      "optionType": "PUT",
      "osiKey": "IR----230915P00075000",
      "quoteDetail": "https://api.etrade.com/v1/market/quote/IR:2023:9:15:PUT:75.000000",
      "strikePrice": 75.0,
      "symbol": "IR",
      "timeStamp": 1688403586,
      "volume": 0
    },
    {
      "OptionGreeks": {
        "currentValue": "true",
        "delta": -0.94895,
        "gamma": 0.02371,
        "iv": 0.31613,
        "rho": -0.0327,
        "theta": -0.01158,
        "vega": 0.02988
      },
      "adjustedFlag": "false",
      "ask": 15.2,
      "askSize": 31,
      "bid": 14.5,
      "bidSize": 31,
      "displaySymbol": "IR Sep 15 '23 $80 Put",
      "inTheMoney": "y",
      "lastPrice": 0.0,
      "netChange": 0.0,
      "openInterest": 0,
      "optionCategory": "STANDARD",
      "optionRootSymbol": "IR",
      "optionType": "PUT",
      "osiKey": "IR----230915P00080000",
      "quoteDetail": "https://api.etrade.com/v1/market/quote/IR:2023:9:15:PUT:80.000000",
      "strikePrice": 80.0,
      "symbol": "IR",
      "timeStamp": 1688403596,
      "volume": 0
    },
    {
      "OptionGreeks": {
        "currentValue": "true",
        "delta": -1.0,
        "gamma": 0.0,
        "iv": 0.31613,
        "rho": -1e-05,
        "theta": -0.00839,
        "vega": 0.0
      },
      "adjustedFlag": "false",
      "ask": 21.1,
      "askSize": 43,
      "bid": 19.0,
      "bidSize": 41,
      "displaySymbol": "IR Sep 15 '23 $85 Put",
      "inTheMoney": "y",
      "lastPrice": 0.0,
      "netChange": 0.0,
      "openInterest": 0,
      "optionCategory": "STANDARD",
      "optionRootSymbol": "IR",
      "optionType": "PUT",
      "osiKey": "IR----230915P00085000",
      "quoteDetail": "https://api.etrade.com/v1/market/quote/IR:2023:9:15:PUT:85.000000",
      "strikePrice": 85.0,
      "symbol": "IR",
      "timeStamp": 1688403585,
      "volume": 0
    },
    {
      "OptionGreeks": {
        "currentValue": "true",
        "delta": 0.9985,
        "gamma": 5e-05,
        "iv": 0.51153,
        "rho": 0.06076,
        "theta": 0.0,
        "vega": 0.00024
      },
      "adjustedFlag": "false",
      "ask": 36.8,
      "askSize": 30,
      "bid": 35.0,
      "bidSize": 30,
      "displaySymbol": "IR Sep 15 '23 $30 Call",
      "inTheMoney": "y",
      "lastPrice": 0.0,
      "netChange": 0.0,
      "openInterest": 0,
      "optionCategory": "STANDARD",
      "optionRootSymbol": "IR",
      "optionType": "CALL",
      "osiKey": "IR----230915C00030000",
      "quoteDetail": "https://api.etrade.com/v1/market/quote/IR:2023:9:15:CALL:30.000000",
      "strikePrice": 30.0,
      "symbol": "IR",
      "timeStamp": 1688403592,
      "volume": 0
    },
    {
      "OptionGreeks": {
        "currentValue": "true",
        "delta": 0.99654,
        "gamma": 0.00045,
        "iv": 0.51153,
        "rho": 0.07044,
        "theta": 0.0,
        "vega": 0.00207
      },
      "adjustedFlag": "false",
      "ask": 31.6,
      "askSize": 30,
      "bid": 28.6,
      "bidSize": 39,
      "displaySymbol": "IR Sep 15 '23 $35 Call",
      "inTheMoney": "y",
      "lastPrice": 0.0,
      "netChange": 0.0,
      "openInterest": 0,
      "optionCategory": "STANDARD",
      "optionRootSymbol": "IR",
      "optionType": "CALL",
      "osiKey": "IR----230915C00035000",
      "quoteDetail": "https://api.etrade.com/v1/market/quote/IR:2023:9:15:CALL:35.000000",
      "strikePrice": 35.0,
      "symbol": "IR",
      "timeStamp": 1688403582,
      "volume": 0
    },
    {
      "OptionGreeks": {
        "currentValue": "true",
        "delta": 0.98712,
        "gamma": 0.00201,
        "iv": 0.51153,
        "rho": 0.07907,
        "theta": 0.0,
        "vega": 0.00909
      },
      "adjustedFlag": "false",
      "ask": 26.7,
      "askSize": 30,
      "bid": 24.8,
      "bidSize": 39,
      "displaySymbol": "IR Sep 15 '23 $40 Call",
      "inTheMoney": "y",
      "lastPrice": 23.45,
      "netChange": 0.0,
      "openInterest": 1,
      "optionCategory": "STANDARD",
      "optionRootSymbol": "IR",
      "optionType": "CALL",
      "osiKey": "IR----230915C00040000",
      "quoteDetail": "https://api.etrade.com/v1/market/quote/IR:2023:9:15:CALL:40.000000",
      "strikePrice": 40.0,
      "symbol": "IR",
      "timeStamp": 1688403599,
      "volume": 0
    },
    {
      "OptionGreeks": {
        "currentValue": "true",
        "delta": 0.95945,
        "gamma": 0.00562,
        "iv": 0.51153,
        "rho": 0.08502,
        "theta": -0.00546,
        "vega": 0.02523
      },
      "adjustedFlag": "false",
      "ask": 22.8,
      "askSize": 31,
      "bid": 20.5,
      "bidSize": 31,
      "displaySymbol": "IR Sep 15 '23 $45 Call",
      "inTheMoney": "y",
      "lastPrice": 0.0,
      "netChange": 0.0,
      "openInterest": 0,
      "optionCategory": "STANDARD",
      "optionRootSymbol": "IR",
      "optionType": "CALL",
      "osiKey": "IR----230915C00045000",
      "quoteDetail": "https://api.etrade.com/v1/market/quote/IR:2023:9:15:CALL:45.000000",
      "strikePrice": 45.0,
      "symbol": "IR",
      "timeStamp": 1688403595,
      "volume": 0
    },
    {
      "OptionGreeks": {
        "currentValue": "true",
        "delta": 0.92924,
        "gamma": 0.01027,
        "iv": 0.44025,
        "rho": 0.09065,
        "theta": -0.00921,
        "vega": 0.03967
      },
      "adjustedFlag": "false",
      "ask": 16.2,
      "askSize": 31,
      "bid": 14.8,
      "bidSize": 54,
      "displaySymbol": "IR Sep 15 '23 $50 Call",
      "inTheMoney": "y",
      "lastPrice": 15.85,
      "netChange": 0.56,
      "openInterest": 50,
      "optionCategory": "STANDARD",
      "optionRootSymbol": "IR",
      "optionType": "CALL",
      "osiKey": "IR----230915C00050000",
      "quoteDetail": "https://api.etrade.com/v1/market/quote/IR:2023:9:15:CALL:50.000000",
      "strikePrice": 50.0,
      "symbol": "IR",
      "timeStamp": 1688403599,
      "volume": 41
    },
    {
      "OptionGreeks": {
        "currentValue": "true",
        "delta": 0.89886,
        "gamma": 0.01808,
        "iv": 0.32855,
        "rho": 0.09649,
        "theta": -0.00972,
        "vega": 0.05224
      },
      "adjustedFlag": "false",
      "ask": 11.8,
      "askSize": 31,
      "bid": 11.1,
      "bidSize": 31,
      "displaySymbol": "IR Sep 15 '23 $55 Call",
      "inTheMoney": "y",
      "lastPrice": 10.97,
      "netChange": 0.0,
      "openInterest": 202,
      "optionCategory": "STANDARD",
      "optionRootSymbol": "IR",
      "optionType": "CALL",
      "osiKey": "IR----230915C00055000",
      "quoteDetail": "https://api.etrade.com/v1/market/quote/IR:2023:9:15:CALL:55.000000",
      "strikePrice": 55.0,
      "symbol": "IR",
      "timeStamp": 1688403517,
      "volume": 0
    },
    {
      "OptionGreeks": {
        "currentValue": "true",
        "delta": 0.79221,
        "gamma": 0.03577,
        "iv": 0.27028,
        "rho": 0.09138,
        "theta": -0.0143,
        "vega": 0.0844
      },
      "adjustedFlag": "false",
      "ask": 7.4,
      "askSize": 57,
      "bid": 5.5,
      "bidSize": 194,
      "displaySymbol": "IR Sep 15 '23 $60 Call",
      "inTheMoney": "y",
      "lastPrice": 7.0,
      "netChange": 0.0,
      "openInterest": 134,
      "optionCategory": "STANDARD",
      "optionRootSymbol": "IR",
      "optionType": "CALL",
      "osiKey": "IR----230915C00060000",
      "quoteDetail": "https://api.etrade.com/v1/market/quote/IR:2023:9:15:CALL:60.000000",
      "strikePrice": 60.0,
      "symbol": "IR",
      "timeStamp": 1688403599,
      "volume": 0
    },
    {
      "OptionGreeks": {
        "currentValue": "true",
        "delta": 0.56845,
        "gamma": 0.0586,
        "iv": 0.22703,
        "rho": 0.06902,
        "theta": -0.01728,
        "vega": 0.11534
      },
      "adjustedFlag": "false",
      "ask": 3.6,
      "askSize": 46,
      "bid": 2.85,
      "bidSize": 78,
      "displaySymbol": "IR Sep 15 '23 $65 Call",
      "inTheMoney": "y",
      "lastPrice": 3.13,
      "netChange": -0.28,
      "openInterest": 1793,
      "optionCategory": "STANDARD",
      "optionRootSymbol": "IR",
      "optionType": "CALL",
      "osiKey": "IR----230915C00065000",
      "quoteDetail": "https://api.etrade.com/v1/market/quote/IR:2023:9:15:CALL:65.000000",
      "strikePrice": 65.0,
      "symbol": "IR",
      "timeStamp": 1688403599,
      "volume": 42
    },
    {
      "OptionGreeks": {
        "currentValue": "true",
        "delta": 0.28737,
        "gamma": 0.05197,
        "iv": 0.22203,
        "rho": 0.03563,
        "theta": -0.01483,
        "vega": 0.10062
      },
      "adjustedFlag": "false",
      "ask": 1.2,
      "askSize": 13,
      "bid": 1.0,
      "bidSize": 44,
      "displaySymbol": "IR Sep 15 '23 $70 Call",
      "inTheMoney": "n",
      "lastPrice": 0.9,
      "netChange": 0.0,
      "openInterest": 312,
      "optionCategory": "STANDARD",
      "optionRootSymbol": "IR",
      "optionType": "CALL",
      "osiKey": "IR----230915C00070000",
      "quoteDetail": "https://api.etrade.com/v1/market/quote/IR:2023:9:15:CALL:70.000000",
      "strikePrice": 70.0,
      "symbol": "IR",
      "timeStamp": 1688403599,
      "volume": 0
    },
    {
      "OptionGreeks": {
        "currentValue": "true",
        "delta": 0.09902,
        "gamma": 0.02733,
        "iv": 0.21561,
        "rho": 0.01237,
        "theta": -0.00731,
        "vega": 0.05266
      },
      "adjustedFlag": "false",
      "ask": 0.4,
      "askSize": 16,
      "bid": 0.15,
      "bidSize": 73,
      "displaySymbol": "IR Sep 15 '23 $75 Call",
      "inTheMoney": "n",
      "lastPrice": 0.35,
      "netChange": 0.0,
      "openInterest": 8,
      "optionCategory": "STANDARD",
      "optionRootSymbol": "IR",
      "optionType": "CALL",
      "osiKey": "IR----230915C00075000",
      "quoteDetail": "https://api.etrade.com/v1/market/quote/IR:2023:9:15:CALL:75.000000",
      "strikePrice": 75.0,
      "symbol": "IR",
      "timeStamp": 1688403505,
      "volume": 1
    },
    {
      "OptionGreeks": {
        "currentValue": "true",
        "delta": 0.09851,
        "gamma": 0.01857,
        "iv": 0.31613,
        "rho": 0.01205,
        "theta": -0.01067,
        "vega": 0.05185
      },
      "adjustedFlag": "false",
      "ask": 0.8,
      "askSize": 72,
      "bid": 0.0,
      "bidSize": 0,
      "displaySymbol": "IR Sep 15 '23 $80 Call",
      "inTheMoney": "n",
      "lastPrice": 0.4,
      "netChange": 0.0,
      "openInterest": 1,
      "optionCategory": "STANDARD",
      "optionRootSymbol": "IR",
      "optionType": "CALL",
      "osiKey": "IR----230915C00080000",
      "quoteDetail": "https://api.etrade.com/v1/market/quote/IR:2023:9:15:CALL:80.000000",
      "strikePrice": 80.0,
      "symbol": "IR",
      "timeStamp": 1688403016,
      "volume": 0
    },
    {
      "OptionGreeks": {
        "currentValue": "true",
        "delta": 0.04318,
        "gamma": 0.0098,
        "iv": 0.31613,
        "rho": 0.00529,
        "theta": -0.00558,
        "vega": 0.02776
      },
      "adjustedFlag": "false",
      "ask": 4.8,
      "askSize": 187,
      "bid": 0.0,
      "bidSize": 0,
      "displaySymbol": "IR Sep 15 '23 $85 Call",
      "inTheMoney": "n",
      "lastPrice": 0.0,
      "netChange": 0.0,
      "openInterest": 0,
      "optionCategory": "STANDARD",
      "optionRootSymbol": "IR",
      "optionType": "CALL",
      "osiKey": "IR----230915C00085000",
      "quoteDetail": "https://api.etrade.com/v1/market/quote/IR:2023:9:15:CALL:85.000000",
      "strikePrice": 85.0,
      "symbol": "IR",
      "timeStamp": 1688403001,
      "volume": 0
    }
  ],
  "2023-12-15": [
    {
      "OptionGreeks": {
        "currentValue": "true",
        "delta": -0.01603,
        "gamma": 0.00118,
        "iv": 0.7707,
        "rho": -0.00542,
        "theta": -0.00398,
        "vega": 0.01767
      },
      "adjustedFlag": "false",
      "ask": 0.45,
      "askSize": 42,
      "bid": 0.0,
      "bidSize": 0,
      "displaySymbol": "IR Dec 15 '23 $25 Put",
      "inTheMoney": "n",
      "lastPrice": 0.0,
      "netChange": 0.0,
      "openInterest": 0,
      "optionCategory": "STANDARD",
      "optionRootSymbol": "IR",
      "optionType": "PUT",
      "osiKey": "IR----231215P00025000",
      "quoteDetail": "https://api.etrade.com/v1/market/quote/IR:2023:12:15:PUT:25.000000",
      "strikePrice": 25.0,
      "symbol": "IR",
      "timeStamp": 1688403000,
      "volume": 0
    },
    {
      "OptionGreeks": {
        "currentValue": "true",
        "delta": -0.02454,
        "gamma": 0.00193,
        "iv": 0.67914,
        "rho": -0.00814,
        "theta": -0.00506,
        "vega": 0.02543
      },
      "adjustedFlag": "false",
      "ask": 2.05,
      "askSize": 124,
      "bid": 0.0,
      "bidSize": 0,
      "displaySymbol": "IR Dec 15 '23 $30 Put",
      "inTheMoney": "n",
      "lastPrice": 0.0,
      "netChange": 0.0,
      "openInterest": 0,
      "optionCategory": "STANDARD",
      "optionRootSymbol": "IR",
      "optionType": "PUT",
      "osiKey": "IR----231215P00030000",
      "quoteDetail": "https://api.etrade.com/v1/market/quote/IR:2023:12:15:PUT:30.000000",
      "strikePrice": 30.0,
      "symbol": "IR",
      "timeStamp": 1688403481,
      "volume": 0
    },
    {
      "OptionGreeks": {
        "currentValue": "true",
        "delta": -0.03715,
        "gamma": 0.00307,
        "iv": 0.60172,
        "rho": -0.01211,
        "theta": -0.00634,
        "vega": 0.03591
      },
      "adjustedFlag": "false",
      "ask": 4.8,
      "askSize": 115,
      "bid": 0.0,
      "bidSize": 0,
      "displaySymbol": "IR Dec 15 '23 $35 Put",
      "inTheMoney": "n",
      "lastPrice": 0.2,
      "netChange": 0.0,
      "openInterest": 24,
      "optionCategory": "STANDARD",
      "optionRootSymbol": "IR",
      "optionType": "PUT",
      "osiKey": "IR----231215P00035000",
      "quoteDetail": "https://api.etrade.com/v1/market/quote/IR:2023:12:15:PUT:35.000000",
      "strikePrice": 35.0,
      "symbol": "IR",
      "timeStamp": 1688403497,
      "volume": 0
    },
    {
      "OptionGreeks": {
        "currentValue": "true",
        "delta": -0.05598,
        "gamma": 0.00481,
        "iv": 0.53467,
        "rho": -0.01792,
        "theta": -0.00786,
        "vega": 0.04993
      },
      "adjustedFlag": "false",
      "ask": 1.25,
      "askSize": 84,
      "bid": 0.0,
      "bidSize": 0,
      "displaySymbol": "IR Dec 15 '23 $40 Put",
      "inTheMoney": "n",
      "lastPrice": 0.55,
      "netChange": 0.0,
      "openInterest": 82,
      "optionCategory": "STANDARD",
      "optionRootSymbol": "IR",
      "optionType": "PUT",
      "osiKey": "IR----231215P00040000",
      "quoteDetail": "https://api.etrade.com/v1/market/quote/IR:2023:12:15:PUT:40.000000",
      "strikePrice": 40.0,
      "symbol": "IR",
      "timeStamp": 1688403002,
      "volume": 0
    },
    {
      "OptionGreeks": {
        "currentValue": "true",
        "delta": -0.07923,
        "gamma": 0.00732,
        "iv": 0.4609,
        "rho": -0.02472,
        "theta": -0.00889,
        "vega": 0.06527
      },
      "adjustedFlag": "false",
      "ask": 1.65,
      "askSize": 107,
      "bid": 0.0,
      "bidSize": 0,
      "displaySymbol": "IR Dec 15 '23 $45 Put",
      "inTheMoney": "n",
      "lastPrice": 0.75,
      "netChange": 0.0,
      "openInterest": 194,
      "optionCategory": "STANDARD",
      "optionRootSymbol": "IR",
      "optionType": "PUT",
      "osiKey": "IR----231215P00045000",
      "quoteDetail": "https://api.etrade.com/v1/market/quote/IR:2023:12:15:PUT:45.000000",
      "strikePrice": 45.0,
      "symbol": "IR",
      "timeStamp": 1688403002,
      "volume": 0
    },
    {
      "OptionGreeks": {
        "currentValue": "true",
        "delta": -0.11605,
        "gamma": 0.01127,
        "iv": 0.39732,
        "rho": -0.03519,
        "theta": -0.01018,
        "vega": 0.0863
      },
      "adjustedFlag": "false",
      "ask": 1.6,
      "askSize": 91,
      "bid": 0.55,
      "bidSize": 37,
      "displaySymbol": "IR Dec 15 '23 $50 Put",
      "inTheMoney": "n",
      "lastPrice": 0.9,
      "netChange": 0.0,
      "openInterest": 127,
      "optionCategory": "STANDARD",
      "optionRootSymbol": "IR",
      "optionType": "PUT",
      "osiKey": "IR----231215P00050000",
      "quoteDetail": "https://api.etrade.com/v1/market/quote/IR:2023:12:15:PUT:50.000000",
      "strikePrice": 50.0,
      "symbol": "IR",
      "timeStamp": 1688403599,
      "volume": 0
    },
    {
      "OptionGreeks": {
        "currentValue": "true",
        "delta": -0.20634,
        "gamma": 0.01606,
        "iv": 0.40956,
        "rho": -0.06205,
        "theta": -0.0154,
        "vega": 0.12517
      },
      "adjustedFlag": "false",
      "ask": 4.2,
      "askSize": 104,
      "bid": 1.05,
      "bidSize": 31,
      "displaySymbol": "IR Dec 15 '23 $55 Put",
      "inTheMoney": "n",
      "lastPrice": 1.76,
      "netChange": 0.0,
      "openInterest": 103,
      "optionCategory": "STANDARD",
      "optionRootSymbol": "IR",
      "optionType": "PUT",
      "osiKey": "IR----231215P00055000",
      "quoteDetail": "https://api.etrade.com/v1/market/quote/IR:2023:12:15:PUT:55.000000",
      "strikePrice": 55.0,
      "symbol": "IR",
      "timeStamp": 1688403559,
      "volume": 0
    },
    {
      "OptionGreeks": {
        "currentValue": "true",
        "delta": -0.27174,
        "gamma": 0.02668,
        "iv": 0.29081,
        "rho": -0.07511,
        "theta": -0.01286,
        "vega": 0.14512
      },
      "adjustedFlag": "false",
      "ask": 3.0,
      "askSize": 81,
      "bid": 1.65,
      "bidSize": 69,
      "displaySymbol": "IR Dec 15 '23 $60 Put",
      "inTheMoney": "n",
      "lastPrice": 2.65,
      "netChange": 0.0,
      "openInterest": 250,
      "optionCategory": "STANDARD",
      "optionRootSymbol": "IR",
      "optionType": "PUT",
      "osiKey": "IR----231215P00060000",
      "quoteDetail": "https://api.etrade.com/v1/market/quote/IR:2023:12:15:PUT:60.000000",
      "strikePrice": 60.0,
      "symbol": "IR",
      "timeStamp": 1688403577,
      "volume": 0
    },
    {
      "OptionGreeks": {
        "currentValue": "true",
        "delta": -0.42768,
        "gamma": 0.03614,
        "iv": 0.26281,
        "rho": -0.10703,
        "theta": -0.01407,
        "vega": 0.17001
      },
      "adjustedFlag": "false",
      "ask": 4.9,
      "askSize": 86,
      "bid": 3.0,
      "bidSize": 84,
      "displaySymbol": "IR Dec 15 '23 $65 Put",
      "inTheMoney": "n",
      "lastPrice": 4.2,
      "netChange": 0.0,
      "openInterest": 13,
      "optionCategory": "STANDARD",
      "optionRootSymbol": "IR",
      "optionType": "PUT",
      "osiKey": "IR----231215P00065000",
      "quoteDetail": "https://api.etrade.com/v1/market/quote/IR:2023:12:15:PUT:65.000000",
      "strikePrice": 65.0,
      "symbol": "IR",
      "timeStamp": 1688403599,
      "volume": 0
    },
    {
      "OptionGreeks": {
        "currentValue": "true",
        "delta": -0.62553,
        "gamma": 0.04158,
        "iv": 0.24286,
        "rho": -0.1275,
        "theta": -0.01343,
        "vega": 0.1618
      },
      "adjustedFlag": "false",
      "ask": 7.8,
      "askSize": 84,
      "bid": 5.7,
      "bidSize": 78,
      "displaySymbol": "IR Dec 15 '23 $70 Put",
      "inTheMoney": "y",
      "lastPrice": 0.0,
      "netChange": 0.0,
      "openInterest": 0,
      "optionCategory": "STANDARD",
      "optionRootSymbol": "IR",
      "optionType": "PUT",
      "osiKey": "IR----231215P00070000",
      "quoteDetail": "https://api.etrade.com/v1/market/quote/IR:2023:12:15:PUT:70.000000",
      "strikePrice": 70.0,
      "symbol": "IR",
      "timeStamp": 1688403599,
      "volume": 0
    },
    {
      "OptionGreeks": {
        "currentValue": "true",
        "delta": -0.76862,
        "gamma": 0.03486,
        "iv": 0.26739,
        "rho": -0.12537,
        "theta": -0.01303,
        "vega": 0.12887
      },
      "adjustedFlag": "false",
      "ask": 11.7,
      "askSize": 96,
      "bid": 8.9,
      "bidSize": 100,
      "displaySymbol": "IR Dec 15 '23 $75 Put",
      "inTheMoney": "y",
      "lastPrice": 0.0,
      "netChange": 0.0,
      "openInterest": 0,
      "optionCategory": "STANDARD",
      "optionRootSymbol": "IR",
      "optionType": "PUT",
      "osiKey": "IR----231215P00075000",
      "quoteDetail": "https://api.etrade.com/v1/market/quote/IR:2023:12:15:PUT:75.000000",
      "strikePrice": 75.0,
      "symbol": "IR",
      "timeStamp": 1688403587,
      "volume": 0
    },
    {
      "OptionGreeks": {
        "currentValue": "true",
        "delta": -0.97525,
        "gamma": 0.0266,
        "iv": 0.23248,
        "rho": -0.00291,
        "theta": -0.00871,
        "vega": 0.02297
      },
      "adjustedFlag": "false",
      "ask": 15.7,
      "askSize": 31,
      "bid": 14.2,
      "bidSize": 31,
      "displaySymbol": "IR Dec 15 '23 $80 Put",
      "inTheMoney": "y",
      "lastPrice": 0.0,
      "netChange": 0.0,
      "openInterest": 0,
      "optionCategory": "STANDARD",
      "optionRootSymbol": "IR",
      "optionType": "PUT",
      "osiKey": "IR----231215P00080000",
      "quoteDetail": "https://api.etrade.com/v1/market/quote/IR:2023:12:15:PUT:80.000000",
      "strikePrice": 80.0,
      "symbol": "IR",
      "timeStamp": 1688403583,
      "volume": 0
    },
    {
      "OptionGreeks": {
        "currentValue": "true",
        "delta": -1.0,
        "gamma": 0.0,
        "iv": 0.24613,
        "rho": -1e-05,
        "theta": -0.0086,
        "vega": 0.0
      },
      "adjustedFlag": "false",
      "ask": 21.2,
      "askSize": 65,
      "bid": 19.0,
      "bidSize": 31,
      "displaySymbol": "IR Dec 15 '23 $85 Put",
      "inTheMoney": "y",
      "lastPrice": 0.0,
      "netChange": 0.0,
      "openInterest": 0,
      "optionCategory": "STANDARD",
      "optionRootSymbol": "IR",
      "optionType": "PUT",
      "osiKey": "IR----231215P00085000",
      "quoteDetail": "https://api.etrade.com/v1/market/quote/IR:2023:12:15:PUT:85.000000",
      "strikePrice": 85.0,
      "symbol": "IR",
      "timeStamp": 1688403592,
      "volume": 0
    },
    {
      "OptionGreeks": {
        "currentValue": "true",
        "delta": 0.98136,
        "gamma": 0.00118,
        "iv": 0.7707,
        "rho": 0.1034,
        "theta": 0.0,
        "vega": 0.01764
      },
      "adjustedFlag": "false",
      "ask": 42.9,
      "askSize": 30,
      "bid": 39.7,
      "bidSize": 39,
      "displaySymbol": "IR Dec 15 '23 $25 Call",
      "inTheMoney": "y",
      "lastPrice": 0.0,
      "netChange": 0.0,
      "openInterest": 0,
      "optionCategory": "STANDARD",
      "optionRootSymbol": "IR",
      "optionType": "CALL",
      "osiKey": "IR----231215C00025000",
      "quoteDetail": "https://api.etrade.com/v1/market/quote/IR:2023:12:15:CALL:25.000000",
      "strikePrice": 25.0,
      "symbol": "IR",
      "timeStamp": 1688403597,
      "volume": 0
    },
    {
      "OptionGreeks": {
        "currentValue": "true",
        "delta": 0.97289,
        "gamma": 0.00192,
        "iv": 0.67914,
        "rho": 0.12298,
        "theta": 0.0,
        "vega": 0.02531
      },
      "adjustedFlag": "false",
      "ask": 37.5,
      "askSize": 30,
      "bid": 35.2,
      "bidSize": 30,
      "displaySymbol": "IR Dec 15 '23 $30 Call",
      "inTheMoney": "y",
      "lastPrice": 33.8,
      "netChange": 0.0,
      "openInterest": 2,
      "optionCategory": "STANDARD",
      "optionRootSymbol": "IR",
      "optionType": "CALL",
      "osiKey": "IR----231215C00030000",
      "quoteDetail": "https://api.etrade.com/v1/market/quote/IR:2023:12:15:CALL:30.000000",
      "strikePrice": 30.0,
      "symbol": "IR",
      "timeStamp": 1688403592,
      "volume": 0
    },
    {
      "OptionGreeks": {
        "currentValue": "true",
        "delta": 0.96041,
        "gamma": 0.00304,
        "iv": 0.60172,
        "rho": 0.14097,
        "theta": -0.00187,
        "vega": 0.03568
      },
      "adjustedFlag": "false",
      "ask": 31.8,
      "askSize": 30,
      "bid": 30.6,
      "bidSize": 30,
      "displaySymbol": "IR Dec 15 '23 $35 Call",
      "inTheMoney": "y",
      "lastPrice": 27.36,
      "netChange": 0.0,
      "openInterest": 2,
      "optionCategory": "STANDARD",
      "optionRootSymbol": "IR",
      "optionType": "CALL",
      "osiKey": "IR----231215C00035000",
      "quoteDetail": "https://api.etrade.com/v1/market/quote/IR:2023:12:15:CALL:35.000000",
      "strikePrice": 35.0,
      "symbol": "IR",
      "timeStamp": 1688403567,
      "volume": 0
    },
    {
      "OptionGreeks": {
        "currentValue": "true",
        "delta": 0.94182,
        "gamma": 0.00476,
        "iv": 0.53467,
        "rho": 0.15687,
        "theta": -0.00405,
        "vega": 0.04955
      },
      "adjustedFlag": "false",
      "ask": 28.0,
      "askSize": 30,
      "bid": 25.7,
      "bidSize": 30,
      "displaySymbol": "IR Dec 15 '23 $40 Call",
      "inTheMoney": "y",
      "lastPrice": 24.4,
      "netChange": 0.0,
      "openInterest": 2,
      "optionCategory": "STANDARD",
      "optionRootSymbol": "IR",
      "optionType": "CALL",
      "osiKey": "IR----231215C00040000",
      "quoteDetail": "https://api.etrade.com/v1/market/quote/IR:2023:12:15:CALL:40.000000",
      "strikePrice": 40.0,
      "symbol": "IR",
      "timeStamp": 1688403593,
      "volume": 0
    },
    {
      "OptionGreeks": {
        "currentValue": "true",
        "delta": 0.91899,
        "gamma": 0.00721,
        "iv": 0.4609,
        "rho": 0.17157,
        "theta": -0.00574,
        "vega": 0.06471
      },
      "adjustedFlag": "false",
      "ask": 22.5,
      "askSize": 31,
      "bid": 20.9,
      "bidSize": 31,
      "displaySymbol": "IR Dec 15 '23 $45 Call",
      "inTheMoney": "y",
      "lastPrice": 19.3,
      "netChange": 0.0,
      "openInterest": 9,
      "optionCategory": "STANDARD",
      "optionRootSymbol": "IR",
      "optionType": "CALL",
      "osiKey": "IR----231215C00045000",
      "quoteDetail": "https://api.etrade.com/v1/market/quote/IR:2023:12:15:CALL:45.000000",
      "strikePrice": 45.0,
      "symbol": "IR",
      "timeStamp": 1688403583,
      "volume": 0
    },
    {
      "OptionGreeks": {
        "currentValue": "true",
        "delta": 0.88302,
        "gamma": 0.01104,
        "iv": 0.39732,
        "rho": 0.18189,
        "theta": -0.00766,
        "vega": 0.08542
      },
      "adjustedFlag": "false",
      "ask": 18.3,
      "askSize": 31,
      "bid": 16.8,
      "bidSize": 31,
      "displaySymbol": "IR Dec 15 '23 $50 Call",
      "inTheMoney": "y",
      "lastPrice": 15.3,
      "netChange": 0.0,
      "openInterest": 7,
      "optionCategory": "STANDARD",
      "optionRootSymbol": "IR",
      "optionType": "CALL",
      "osiKey": "IR----231215C00050000",
      "quoteDetail": "https://api.etrade.com/v1/market/quote/IR:2023:12:15:CALL:50.000000",
      "strikePrice": 50.0,
      "symbol": "IR",
      "timeStamp": 1688403551,
      "volume": 0
    },
    {
      "OptionGreeks": {
        "currentValue": "true",
        "delta": 0.79479,
        "gamma": 0.01563,
        "iv": 0.40956,
        "rho": 0.17231,
        "theta": -0.01337,
        "vega": 0.12406
      },
      "adjustedFlag": "false",
      "ask": 14.3,
      "askSize": 84,
      "bid": 12.0,
      "bidSize": 66,
      "displaySymbol": "IR Dec 15 '23 $55 Call",
      "inTheMoney": "y",
      "lastPrice": 10.9,
      "netChange": 0.0,
      "openInterest": 12,
      "optionCategory": "STANDARD",
      "optionRootSymbol": "IR",
      "optionType": "CALL",
      "osiKey": "IR----231215C00055000",
      "quoteDetail": "https://api.etrade.com/v1/market/quote/IR:2023:12:15:CALL:55.000000",
      "strikePrice": 55.0,
      "symbol": "IR",
      "timeStamp": 1688403599,
      "volume": 0
    },
    {
      "OptionGreeks": {
        "currentValue": "true",
        "delta": 0.73378,
        "gamma": 0.02548,
        "iv": 0.29081,
        "rho": 0.17689,
        "theta": -0.01137,
        "vega": 0.14355
      },
      "adjustedFlag": "false",
      "ask": 9.8,
      "askSize": 84,
      "bid": 7.1,
      "bidSize": 111,
      "displaySymbol": "IR Dec 15 '23 $60 Call",
      "inTheMoney": "y",
      "lastPrice": 8.7,
      "netChange": 0.0,
      "openInterest": 79,
      "optionCategory": "STANDARD",
      "optionRootSymbol": "IR",
      "optionType": "CALL",
      "osiKey": "IR----231215C00060000",
      "quoteDetail": "https://api.etrade.com/v1/market/quote/IR:2023:12:15:CALL:60.000000",
      "strikePrice": 60.0,
      "symbol": "IR",
      "timeStamp": 1688403589,
      "volume": 0
    },
    {
      "OptionGreeks": {
        "currentValue": "true",
        "delta": 0.58843,
        "gamma": 0.0335,
        "iv": 0.26281,
        "rho": 0.1491,
        "theta": -0.01281,
        "vega": 0.17008
      },
      "adjustedFlag": "false",
      "ask": 6.0,
      "askSize": 63,
      "bid": 4.7,
      "bidSize": 72,
      "displaySymbol": "IR Dec 15 '23 $65 Call",
      "inTheMoney": "y",
      "lastPrice": 5.49,
      "netChange": 0.0,
      "openInterest": 83,
      "optionCategory": "STANDARD",
      "optionRootSymbol": "IR",
      "optionType": "CALL",
      "osiKey": "IR----231215C00065000",
      "quoteDetail": "https://api.etrade.com/v1/market/quote/IR:2023:12:15:CALL:65.000000",
      "strikePrice": 65.0,
      "symbol": "IR",
      "timeStamp": 1688403599,
      "volume": 0
    },
    {
      "OptionGreeks": {
        "currentValue": "true",
        "delta": 0.41242,
        "gamma": 0.03632,
        "iv": 0.24286,
        "rho": 0.1083,
        "theta": -0.01214,
        "vega": 0.17055
      },
      "adjustedFlag": "false",
      "ask": 3.4,
      "askSize": 62,
      "bid": 2.3,
      "bidSize": 81,
      "displaySymbol": "IR Dec 15 '23 $70 Call",
      "inTheMoney": "n",
      "lastPrice": 3.0,
      "netChange": 0.0,
      "openInterest": 306,
      "optionCategory": "STANDARD",
      "optionRootSymbol": "IR",
      "optionType": "CALL",
      "osiKey": "IR----231215C00070000",
      "quoteDetail": "https://api.etrade.com/v1/market/quote/IR:2023:12:15:CALL:70.000000",
      "strikePrice": 70.0,
      "symbol": "IR",
      "timeStamp": 1688403599,
      "volume": 0
    },
    {
      "OptionGreeks": {
        "currentValue": "true",
        "delta": 0.28575,
        "gamma": 0.02881,
        "iv": 0.26739,
        "rho": 0.07528,
        "theta": -0.01177,
        "vega": 0.14958
      },
      "adjustedFlag": "false",
      "ask": 2.9,
      "askSize": 97,
      "bid": 1.0,
      "bidSize": 74,
      "displaySymbol": "IR Dec 15 '23 $75 Call",
      "inTheMoney": "n",
      "lastPrice": 1.1,
      "netChange": 0.0,
      "openInterest": 45,
      "optionCategory": "STANDARD",
      "optionRootSymbol": "IR",
      "optionType": "CALL",
      "osiKey": "IR----231215C00075000",
      "quoteDetail": "https://api.etrade.com/v1/market/quote/IR:2023:12:15:CALL:75.000000",
      "strikePrice": 75.0,
      "symbol": "IR",
      "timeStamp": 1688403599,
      "volume": 0
    },
    {
      "OptionGreeks": {
        "currentValue": "true",
        "delta": 0.13868,
        "gamma": 0.02155,
        "iv": 0.23248,
        "rho": 0.03748,
        "theta": -0.00666,
        "vega": 0.09876
      },
      "adjustedFlag": "false",
      "ask": 1.15,
      "askSize": 67,
      "bid": 0.15,
      "bidSize": 73,
      "displaySymbol": "IR Dec 15 '23 $80 Call",
      "inTheMoney": "n",
      "lastPrice": 0.61,
      "netChange": 0.0,
      "openInterest": 17,
      "optionCategory": "STANDARD",
      "optionRootSymbol": "IR",
      "optionType": "CALL",
      "osiKey": "IR----231215C00080000",
      "quoteDetail": "https://api.etrade.com/v1/market/quote/IR:2023:12:15:CALL:80.000000",
      "strikePrice": 80.0,
      "symbol": "IR",
      "timeStamp": 1688403599,
      "volume": 0
    },
    {
      "OptionGreeks": {
        "currentValue": "true",
        "delta": 0.08354,
        "gamma": 0.01413,
        "iv": 0.24613,
        "rho": 0.02255,
        "theta": -0.00488,
        "vega": 0.06928
      },
      "adjustedFlag": "false",
      "ask": 0.6,
      "askSize": 56,
      "bid": 0.15,
      "bidSize": 49,
      "displaySymbol": "IR Dec 15 '23 $85 Call",
      "inTheMoney": "n",
      "lastPrice": 0.0,
      "netChange": 0.0,
      "openInterest": 0,
      "optionCategory": "STANDARD",
      "optionRootSymbol": "IR",
      "optionType": "CALL",
      "osiKey": "IR----231215C00085000",
      "quoteDetail": "https://api.etrade.com/v1/market/quote/IR:2023:12:15:CALL:85.000000",
      "strikePrice": 85.0,
      "symbol": "IR",
      "timeStamp": 1688403599,
      "volume": 0
    }
  ],
  "quote": {
    "ExtendedHourQuoteDetail": {
      "ask": 66.39,
      "askSize": 100,
      "bid": 64.05,
      "bidSize": 100,
      "change": -0.12,
      "lastPrice": 65.24,
      "percentChange": -0.18,
      "quoteStatus": "EH_REALTIME",
      "timeOfLastTrade": 1688407623,
      "timeZone": "EST",
      "volume": 702255
    },
    "adjustedFlag": "false",
    "ahFlag": "true",
    "ask": 66.39,
    "askSize": 100,
    "askTime": "14:07:03 EDT 07-03-2023",
    "averageVolume": 3113340,
    "beta": 1.26,
    "bid": 64.05,
    "bidExchange": null,
    "bidSize": 100,
    "bidTime": "14:07:03 EDT 07-03-2023",
    "cashDeliverable": 0,
    "changeClose": -0.12,
    "changeClosePercentage": -0.18,
    "companyName": "INGERSOLL RAND INC COM",
    "contractSize": 0.0,
    "dateTime": "14:07:03 EDT 07-03-2023",
    "dateTimeUTC": 1688407623,
    "daysToExpiration": 0,
    "declaredDividend": 0.02,
    "dirLast": 0,
    "dividend": 0.02,
    "dividendPayableDate": 1687458566,
    "eps": 1.62,
    "estEarnings": 2.719,
    "exDividendDate": 1684866566,
    "expirationDate": 0,
    "hasMiniOptions": "false",
    "high": 65.32,
    "high52": 65.73,
    "intrinsicValue": 0.0,
    "lastTrade": 65.24,
    "low": 64.5,
    "low52": 39.285,
    "marketCap": 26390819560.0,
    "nextEarningDate": "08/01/2023",
    "open": 64.91,
    "openInterest": 0,
    "optionMultiplier": 0.0,
    "optionStyle": null,
    "optionUnderlier": null,
    "pe": 41.4439,
    "previousClose": 65.36,
    "previousDayVolume": 1880602,
    "primaryExchange": "NYSE",
    "quoteStatus": "CLOSING",
    "securityType": "EQ",
    "sharesOutstanding": 404519000,
    "symbol": "IR",
    "symbolDescription": "INGERSOLL RAND INC COM",
    "timeOfLastTrade": 1688404200,
    "timePremium": 0.0,
    "totalVolume": 702255,
    "upc": 0,
    "week52HiDate": 1688149766,
    "week52LowDate": 1657823366,
    "yield": 0.1224
  }
}