{
  "2023-07-21": [
    {
      "OptionGreeks": {
        "currentValue": "true",
        "delta": 0.0,
        "gamma": 0.0,
        "iv": 0.22865,
        "rho": 0.0,
        "theta": 0.0,
        "vega": 0.0
      },
      "adjustedFlag": "false",
      "ask": 4.8,
      "askSize": 73,
      "bid": 0.0,
      "bidSize": 0,
      "displaySymbol": "L Jul 21 '23 $30 Put",
      "inTheMoney": "n",
      "lastPrice": 0.0,
      "netChange": 0.0,
      "openInterest": 0,
      "optionCategory": "STANDARD",
      "optionRootSymbol": "L",
      "optionType": "PUT",
      "osiKey": "L-----230721P00030000",
      "quoteDetail": "https://api.etrade.com/v1/market/quote/L:2023:7:21:PUT:30.000000",
      "strikePrice": 30.0,
      "symbol": "L",
      "timeStamp": 1688403599,
      "volume": 0
    },
    {
      "OptionGreeks": {
        "currentValue": "true",
        "delta": 0.0,
        "gamma": 0.0,
        "iv": 0.22865,
        "rho": 0.0,
        "theta": 0.0,
        "vega": 0.0
      },
      "adjustedFlag": "false",
      "ask": 4.8,
      "askSize": 69,
      "bid": 0.0,
      "bidSize": 0,
      "displaySymbol": "L Jul 21 '23 $35 Put",
      "inTheMoney": "n",
      "lastPrice": 0.0,
      "netChange": 0.0,
      "openInterest": 0,
      "optionCategory": "STANDARD",
      "optionRootSymbol": "L",
      "optionType": "PUT",
      "osiKey": "L-----230721P00035000",
      "quoteDetail": "https://api.etrade.com/v1/market/quote/L:2023:7:21:PUT:35.000000",
      "strikePrice": 35.0,
      "symbol": "L",
      "timeStamp": 1688403542,
      "volume": 0
    },
    {
      "OptionGreeks": {
        "currentValue": "true",
        "delta": 0.0,
        "gamma": 0.0,
        "iv": 0.22865,
        "rho": 0.0,
        "theta": 0.0,
        "vega": 0.0
      },
      "adjustedFlag": "false",
      "ask": 4.8,
      "askSize": 75,
      "bid": 0.0,
      "bidSize": 0,
      "displaySymbol": "L Jul 21 '23 $40 Put",
      "inTheMoney": "n",
      "lastPrice": 0.0,
      "netChange": 0.0,
      "openInterest": 0,
      "optionCategory": "STANDARD",
      "optionRootSymbol": "L",
      "optionType": "PUT",
      "osiKey": "L-----230721P00040000",
      "quoteDetail": "https://api.etrade.com/v1/market/quote/L:2023:7:21:PUT:40.000000",
      "strikePrice": 40.0,
      "symbol": "L",
      "timeStamp": 1688403599,
      "volume": 0
    },
    {
      "OptionGreeks": {
        "currentValue": "true",
        "delta": 0.0,
        "gamma": 0.0,
        "iv": 0.22865,
        "rho": 0.0,
        "theta": 0.0,
        "vega": 0.0
      },
      "adjustedFlag": "false",
      "ask": 4.8,
      "askSize": 75,
      "bid": 0.0,
      "bidSize": 0,
      "displaySymbol": "L Jul 21 '23 $45 Put",
      "inTheMoney": "n",
      "lastPrice": 0.0,
      "netChange": 0.0,
      "openInterest": 0,
      "optionCategory": "STANDARD",
      "optionRootSymbol": "L",
      "optionType": "PUT",
      "osiKey": "L-----230721P00045000",
      "quoteDetail": "https://api.etrade.com/v1/market/quote/L:2023:7:21:PUT:45.000000",
      "strikePrice": 45.0,
      "symbol": "L",
      "timeStamp": 1688403599,
      "volume": 0
    },
    {
      "OptionGreeks": {
        "currentValue": "true",
        "delta": -0.00034,
        "gamma": 0.0004,
        "iv": 0.22865,
        "rho": -1e-05,
        "theta": -9e-05,
        "vega": 0.0002
      },
      "adjustedFlag": "false",
      "ask": 4.8,
      "askSize": 84,
      "bid": 0.0,
      "bidSize": 0,
      "displaySymbol": "L Jul 21 '23 $50 Put",
      "inTheMoney": "n",
      "lastPrice": 0.0,
      "netChange": 0.0,
      "openInterest": 0,
      "optionCategory": "STANDARD",
      "optionRootSymbol": "L",
      "optionType": "PUT",
      "osiKey": "L-----230721P00050000",
      "quoteDetail": "https://api.etrade.com/v1/market/quote/L:2023:7:21:PUT:50.000000",
      "strikePrice": 50.0,
      "symbol": "L",
      "timeStamp": 1688403534,
      "volume": 0
    },
    {
      "OptionGreeks": {
        "currentValue": "true",
        "delta": -0.08338,
        "gamma": 0.05078,
        "iv": 0.22865,
        "rho": -0.00247,
        "theta": -0.01246,
        "vega": 0.0207
      },
      "adjustedFlag": "false",
      "ask": 4.8,
      "askSize": 81,
      "bid": 0.0,
      "bidSize": 0,
      "displaySymbol": "L Jul 21 '23 $55 Put",
      "inTheMoney": "n",
      "lastPrice": 0.3,
      "netChange": 0.0,
      "openInterest": 8,
      "optionCategory": "STANDARD",
      "optionRootSymbol": "L",
      "optionType": "PUT",
      "osiKey": "L-----230721P00055000",
      "quoteDetail": "https://api.etrade.com/v1/market/quote/L:2023:7:21:PUT:55.000000",
      "strikePrice": 55.0,
      "symbol": "L",
      "timeStamp": 1688403599,
      "volume": 0
    },
    {
      "OptionGreeks": {
        "currentValue": "true",
        "delta": -0.62297,
        "gamma": 0.12532,
        "iv": 0.22865,
        "rho": -0.01917,
        "theta": -0.03141,
        "vega": 0.04973
      },
      "adjustedFlag": "false",
      "ask": 2.95,
      "askSize": 75,
      "bid": 0.1,
      "bidSize": 44,
      "displaySymbol": "L Jul 21 '23 $60 Put",
      "inTheMoney": "y",
      "lastPrice": 3.28,
      "netChange": 0.0,
      "openInterest": 2,
      "optionCategory": "STANDARD",
      "optionRootSymbol": "L",
      "optionType": "PUT",
      "osiKey": "L-----230721P00060000",
      "quoteDetail": "https://api.etrade.com/v1/market/quote/L:2023:7:21:PUT:60.000000",
      "strikePrice": 60.0,
      "symbol": "L",
      "timeStamp": 1688403599,
      "volume": 0
    },
    {
      "OptionGreeks": {
        "currentValue": "true",
        "delta": -0.96709,
        "gamma": 0.02222,
        "iv": 0.22865,
        "rho": -0.03144,
        "theta": -0.00443,
        "vega": 0.00934
      },
      "adjustedFlag": "false",
      "ask": 7.5,
      "askSize": 33,
      "bid": 3.1,
      "bidSize": 33,
      "displaySymbol": "L Jul 21 '23 $65 Put",
      "inTheMoney": "y",
      "lastPrice": 0.0,
      "netChange": 0.0,
      "openInterest": 0,
      "optionCategory": "STANDARD",
      "optionRootSymbol": "L",
      "optionType": "PUT",
      "osiKey": "L-----230721P00065000",
      "quoteDetail": "https://api.etrade.com/v1/market/quote/L:2023:7:21:PUT:65.000000",
      "strikePrice": 65.0,
      "symbol": "L",
      "timeStamp": 1688402849,
      "volume": 0
    },
    {
      "OptionGreeks": {
        "currentValue": "true",
        "delta": -0.99606,
        "gamma": 0.00076,
        "iv": 0.22865,
        "rho": -0.03419,
        "theta": 0.0,
        "vega": 0.00036
      },
      "adjustedFlag": "false",
      "ask": 12.3,
      "askSize": 33,
      "bid": 8.2,
      "bidSize": 33,
      "displaySymbol": "L Jul 21 '23 $70 Put",
      "inTheMoney": "y",
      "lastPrice": 0.0,
      "netChange": 0.0,
      "openInterest": 0,
      "optionCategory": "STANDARD",
      "optionRootSymbol": "L",
      "optionType": "PUT",
      "osiKey": "L-----230721P00070000",
      "quoteDetail": "https://api.etrade.com/v1/market/quote/L:2023:7:21:PUT:70.000000",
      "strikePrice": 70.0,
      "symbol": "L",
      "timeStamp": 1688403486,
      "volume": 0
    },
    {
      "OptionGreeks": {
        "currentValue": "true",
        "delta": -0.99759,
        "gamma": 0.0005,
        "iv": 0.22865,
        "rho": -0.02298,
        "theta": 0.0,
        "vega": 9e-05
      },
      "adjustedFlag": "false",
      "ask": 17.2,
      "askSize": 33,
      "bid": 13.2,
      "bidSize": 33,
      "displaySymbol": "L Jul 21 '23 $75 Put",
      "inTheMoney": "y",
      "lastPrice": 0.0,
      "netChange": 0.0,
      "openInterest": 0,
      "optionCategory": "STANDARD",
      "optionRootSymbol": "L",
      "optionType": "PUT",
      "osiKey": "L-----230721P00075000",
      "quoteDetail": "https://api.etrade.com/v1/market/quote/L:2023:7:21:PUT:75.000000",
      "strikePrice": 75.0,
      "symbol": "L",
      "timeStamp": 1688401534,
      "volume": 0
    },
    {
      "OptionGreeks": {
        "currentValue": "true",
        "delta": -1.0,
        "gamma": 0.0,
        "iv": 0.22865,
        "rho": -1e-05,
        "theta": 0.0,
        "vega": 0.0
      },
      "adjustedFlag": "false",
      "ask": 22.2,
      "askSize": 33,
      "bid": 18.4,
      "bidSize": 33,
      "displaySymbol": "L Jul 21 '23 $80 Put",
      "inTheMoney": "y",
      "lastPrice": 0.0,
      "netChange": 0.0,
      "openInterest": 0,
      "optionCategory": "STANDARD",
      "optionRootSymbol": "L",
      "optionType": "PUT",
      "osiKey": "L-----230721P00080000",
      "quoteDetail": "https://api.etrade.com/v1/market/quote/L:2023:7:21:PUT:80.000000",
      "strikePrice": 80.0,
      "symbol": "L",
      "timeStamp": 1688399429,
      "volume": 0
    },
    {
      "OptionGreeks": {
        "currentValue": "true",
        "delta": -1.0,
        "gamma": 0.0,
        "iv": 0.22865,
        "rho": -1e-05,
        "theta": 0.0,
        "vega": 0.0
      },
      "adjustedFlag": "false",
      "ask": 27.2,
      "askSize": 33,
      "bid": 23.1,
      "bidSize": 33,
      "displaySymbol": "L Jul 21 '23 $85 Put",
      "inTheMoney": "y",
      "lastPrice": 0.0,
      "netChange": 0.0,
      "openInterest": 0,
      "optionCategory": "STANDARD",
      "optionRootSymbol": "L",
      "optionType": "PUT",
      "osiKey": "L-----230721P00085000",
      "quoteDetail": "https://api.etrade.com/v1/market/quote/L:2023:7:21:PUT:85.000000",
      "strikePrice": 85.0,
      "symbol": "L",
      "timeStamp": 1688402875,
      "volume": 0
    },
    {
      "OptionGreeks": {
        "currentValue": "true",
        "delta": 1.0,
        "gamma": 1e-05,
        "iv": 0.22865,
        "rho": 1e-05,
        "theta": -0.00243,
        "vega": 0.0
      },
      "adjustedFlag": "false",
      "ask": 32.4,
      "askSize": 35,
      "bid": 27.5,
      "bidSize": 37,
      "displaySymbol": "L Jul 21 '23 $30 Call",
      "inTheMoney": "y",
      "lastPrice": 0.0,
      "netChange": 0.0,
      "openInterest": 0,
      "optionCategory": "STANDARD",
      "optionRootSymbol": "L",
      "optionType": "CALL",
      "osiKey": "L-----230721C00030000",
      "quoteDetail": "https://api.etrade.com/v1/market/quote/L:2023:7:21:CALL:30.000000",
      "strikePrice": 30.0,
      "symbol": "L",
      "timeStamp": 1688403599,
      "volume": 0
    },
    {
      "OptionGreeks": {
        "currentValue": "true",
        "delta": 1.0,
        "gamma": 1e-05,
        "iv": 0.22865,
        "rho": 1e-05,
        "theta": -0.00243,
        "vega": 0.0
      },
      "adjustedFlag": "false",
      "ask": 27.2,
      "askSize": 33,
      "bid": 22.7,
      "bidSize": 33,
      "displaySymbol": "L Jul 21 '23 $35 Call",
      "inTheMoney": "y",
      "lastPrice": 0.0,
      "netChange": 0.0,
      "openInterest": 0,
      "optionCategory": "STANDARD",
      "optionRootSymbol": "L",
      "optionType": "CALL",
      "osiKey": "L-----230721C00035000",
      "quoteDetail": "https://api.etrade.com/v1/market/quote/L:2023:7:21:CALL:35.000000",
      "strikePrice": 35.0,
      "symbol": "L",
      "timeStamp": 1688400720,
      "volume": 0
    },
    {
      "OptionGreeks": {
        "currentValue": "true",
        "delta": 1.0,
        "gamma": 1e-05,
        "iv": 0.22865,
        "rho": 1e-05,
        "theta": -0.00243,
        "vega": 0.0
      },
      "adjustedFlag": "false",
      "ask": 22.3,
      "askSize": 33,
      "bid": 17.6,
      "bidSize": 33,
      "displaySymbol": "L Jul 21 '23 $40 Call",
      "inTheMoney": "y",
      "lastPrice": 0.0,
      "netChange": 0.0,
      "openInterest": 0,
      "optionCategory": "STANDARD",
      "optionRootSymbol": "L",
      "optionType": "CALL",
      "osiKey": "L-----230721C00040000",
      "quoteDetail": "https://api.etrade.com/v1/market/quote/L:2023:7:21:CALL:40.000000",
      "strikePrice": 40.0,
      "symbol": "L",
      "timeStamp": 1688399076,
      "volume": 0
    },
    {
      "OptionGreeks": {
        "currentValue": "true",
        "delta": 1.0,
        "gamma": 0.0,
        "iv": 0.22865,
        "rho": 0.0,
        "theta": -0.00243,
        "vega": 0.0
      },
      "adjustedFlag": "false",
      "ask": 17.1,
      "askSize": 33,
      "bid": 13.1,
      "bidSize": 33,
      "displaySymbol": "L Jul 21 '23 $45 Call",
      "inTheMoney": "y",
      "lastPrice": 0.0,
      "netChange": 0.0,
      "openInterest": 0,
      "optionCategory": "STANDARD",
      "optionRootSymbol": "L",
      "optionType": "CALL",
      "osiKey": "L-----230721C00045000",
      "quoteDetail": "https://api.etrade.com/v1/market/quote/L:2023:7:21:CALL:45.000000",
      "strikePrice": 45.0,
      "symbol": "L",
      "timeStamp": 1688399885,
      "volume": 0
    },
    {
      "OptionGreeks": {
        "currentValue": "true",
        "delta": 1.0,
        "gamma": 0.0,
        "iv": 0.22865,
        "rho": 0.0,
        "theta": -0.00243,
        "vega": 0.0
      },
      "adjustedFlag": "false",
      "ask": 12.4,
      "askSize": 33,
      "bid": 8.1,
      "bidSize": 33,
      "displaySymbol": "L Jul 21 '23 $50 Call",
      "inTheMoney": "y",
      "lastPrice": 9.36,
      "netChange": 0.0,
      "openInterest": 0,
      "optionCategory": "STANDARD",
      "optionRootSymbol": "L",
      "optionType": "CALL",
      "osiKey": "L-----230721C00050000",
      "quoteDetail": "https://api.etrade.com/v1/market/quote/L:2023:7:21:CALL:50.000000",
      "strikePrice": 50.0,
      "symbol": "L",
      "timeStamp": 1688399084,
      "volume": 0
    },
    {
      "OptionGreeks": {
        "currentValue": "true",
        "delta": 0.92112,
        "gamma": 0.05299,
        "iv": 0.22865,
        "rho": 0.01348,
        "theta": -0.01244,
        "vega": 0.01952
      },
      "adjustedFlag": "false",
      "ask": 7.2,
      "askSize": 33,
      "bid": 4.0,
      "bidSize": 33,
      "displaySymbol": "L Jul 21 '23 $55 Call",
      "inTheMoney": "y",
      "lastPrice": 3.8,
      "netChange": 0.0,
      "openInterest": 2,
      "optionCategory": "STANDARD",
      "optionRootSymbol": "L",
      "optionType": "CALL",
      "osiKey": "L-----230721C00055000",
      "quoteDetail": "https://api.etrade.com/v1/market/quote/L:2023:7:21:CALL:55.000000",
      "strikePrice": 55.0,
      "symbol": "L",
      "timeStamp": 1688402311,
      "volume": 0
    },
    {
      "OptionGreeks": {
        "currentValue": "true",
        "delta": 0.37478,
        "gamma": 0.12589,
        "iv": 0.22865,
        "rho": 0.00952,
        "theta": -0.0317,
        "vega": 0.04977
      },
      "adjustedFlag": "false",
      "ask": 1.45,
      "askSize": 48,
      "bid": 0.6,
      "bidSize": 14,
      "displaySymbol": "L Jul 21 '23 $60 Call",
      "inTheMoney": "n",
      "lastPrice": 0.57,
      "netChange": 0.0,
      "openInterest": 51,
      "optionCategory": "STANDARD",
      "optionRootSymbol": "L",
      "optionType": "CALL",
      "osiKey": "L-----230721C00060000",
      "quoteDetail": "https://api.etrade.com/v1/market/quote/L:2023:7:21:CALL:60.000000",
      "strikePrice": 60.0,
      "symbol": "L",
      "timeStamp": 1688403599,
      "volume": 0
    },
    {
      "OptionGreeks": {
        "currentValue": "true",
        "delta": 0.02963,
        "gamma": 0.02227,
        "iv": 0.22865,
        "rho": 0.0008,
        "theta": -0.0053,
        "vega": 0.00935
      },
      "adjustedFlag": "false",
      "ask": 2.0,
      "askSize": 41,
      "bid": 0.0,
      "bidSize": 0,
      "displaySymbol": "L Jul 21 '23 $65 Call",
      "inTheMoney": "n",
      "lastPrice": 0.8,
      "netChange": 0.0,
      "openInterest": 14,
      "optionCategory": "STANDARD",
      "optionRootSymbol": "L",
      "optionType": "CALL",
      "osiKey": "L-----230721C00065000",
      "quoteDetail": "https://api.etrade.com/v1/market/quote/L:2023:7:21:CALL:65.000000",
      "strikePrice": 65.0,
      "symbol": "L",
      "timeStamp": 1688403534,
      "volume": 0
    },
    {
      "OptionGreeks": {
        "currentValue": "true",
        "delta": 0.00065,
        "gamma": 0.00074,
        "iv": 0.22865,
        "rho": 2e-05,
        "theta": -0.00016,
        "vega": 0.00036
      },
      "adjustedFlag": "false",
      "ask": 4.8,
      "askSize": 65,
      "bid": 0.0,
      "bidSize": 0,
      "displaySymbol": "L Jul 21 '23 $70 Call",
      "inTheMoney": "n",
      "lastPrice": 0.0,
      "netChange": 0.0,
      "openInterest": 0,
      "optionCategory": "STANDARD",
      "optionRootSymbol": "L",
      "optionType": "CALL",
      "osiKey": "L-----230721C00070000",
      "quoteDetail": "https://api.etrade.com/v1/market/quote/L:2023:7:21:CALL:70.000000",
      "strikePrice": 70.0,
      "symbol": "L",
      "timeStamp": 1688403542,
      "volume": 0
    },
    {
      "OptionGreeks": {
        "currentValue": "true",
        "delta": 0.0,
        "gamma": 0.0,
        "iv": 0.22865,
        "rho": 0.0,
        "theta": 0.0,
        "vega": 0.0
      },
      "adjustedFlag": "false",
      "ask": 4.8,
      "askSize": 78,
      "bid": 0.0,
      "bidSize": 0,
      "displaySymbol": "L Jul 21 '23 $75 Call",
      "inTheMoney": "n",
      "lastPrice": 0.0,
      "netChange": 0.0,
      "openInterest": 0,
      "optionCategory": "STANDARD",
      "optionRootSymbol": "L",
      "optionType": "CALL",
      "osiKey": "L-----230721C00075000",
      "quoteDetail": "https://api.etrade.com/v1/market/quote/L:2023:7:21:CALL:75.000000",
      "strikePrice": 75.0,
      "symbol": "L",
      "timeStamp": 1688403534,
      "volume": 0
    },
    {
      "OptionGreeks": {
        "currentValue": "true",
        "delta": 0.0,
        "gamma": 0.0,
        "iv": 0.22865,
        "rho": 0.0,
        "theta": 0.0,
        "vega": 0.0
      },
      "adjustedFlag": "false",
      "ask": 4.8,
      "askSize": 71,
      "bid": 0.0,
      "bidSize": 0,
      "displaySymbol": "L Jul 21 '23 $80 Call",
      "inTheMoney": "n",
      "lastPrice": 0.0,
      "netChange": 0.0,
      "openInterest": 0,
      "optionCategory": "STANDARD",
      "optionRootSymbol": "L",
      "optionType": "CALL",
      "osiKey": "L-----230721C00080000",
      "quoteDetail": "https://api.etrade.com/v1/market/quote/L:2023:7:21:CALL:80.000000",
      "strikePrice": 80.0,
      "symbol": "L",
      "timeStamp": 1688403542,
      "volume": 0
    },
    {
      "OptionGreeks": {
        "currentValue": "true",
        "delta": 0.0,
        "gamma": 0.0,
        "iv": 0.22865,
        "rho": 0.0,
        "theta": 0.0,
        "vega": 0.0
      },
      "adjustedFlag": "false",
      "ask": 4.8,
      "askSize": 81,
      "bid": 0.0,
      "bidSize": 0,
      "displaySymbol": "L Jul 21 '23 $85 Call",
      "inTheMoney": "n",
      "lastPrice": 0.0,
      "netChange": 0.0,
      "openInterest": 0,
      "optionCategory": "STANDARD",
      "optionRootSymbol": "L",
      "optionType": "CALL",
      "osiKey": "L-----230721C00085000",
      "quoteDetail": "https://api.etrade.com/v1/market/quote/L:2023:7:21:CALL:85.000000",
      "strikePrice": 85.0,
      "symbol": "L",
      "timeStamp": 1688403534,
      "volume": 0
    }
  ],
  "2023-08-18": [
    {
      "OptionGreeks": {
        "currentValue": "true",
        "delta": 0.0,
        "gamma": 0.0,
        "iv": 0.23644,
        "rho": 0.0,
        "theta": 0.0,
        "vega": 0.0
      },
      "adjustedFlag": "false",
      "ask": 4.8,
      "askSize": 61,
      "bid": 0.0,
      "bidSize": 0,
      "displaySymbol": "L Aug 18 '23 $30 Put",
      "inTheMoney": "n",
      "lastPrice": 0.0,
      "netChange": 0.0,
      "openInterest": 0,
      "optionCategory": "STANDARD",
      "optionRootSymbol": "L",
      "optionType": "PUT",
      "osiKey": "L-----230818P00030000",
      "quoteDetail": "https://api.etrade.com/v1/market/quote/L:2023:8:18:PUT:30.000000",
      "strikePrice": 30.0,
      "symbol": "L",
      "timeStamp": 1688403534,
      "volume": 0
    },
    {
      "OptionGreeks": {
        "currentValue": "true",
        "delta": 0.0,
        "gamma": 0.0,
        "iv": 0.23644,
        "rho": 0.0,
        "theta": 0.0,
        "vega": 0.0
      },
      "adjustedFlag": "false",
      "ask": 4.8,
      "askSize": 61,
      "bid": 0.0,
      "bidSize": 0,
      "displaySymbol": "L Aug 18 '23 $35 Put",
      "inTheMoney": "n",
      "lastPrice": 0.0,
      "netChange": 0.0,
      "openInterest": 0,
      "optionCategory": "STANDARD",
      "optionRootSymbol": "L",
      "optionType": "PUT",
      "osiKey": "L-----230818P00035000",
      "quoteDetail": "https://api.etrade.com/v1/market/quote/L:2023:8:18:PUT:35.000000",
      "strikePrice": 35.0,
      "symbol": "L",
      "timeStamp": 1688403534,
      "volume": 0
    },
    {
      "OptionGreeks": {
        "currentValue": "true",
        "delta": 0.0,
        "gamma": 0.0,
        "iv": 0.23644,
        "rho": 0.0,
        "theta": 0.0,
        "vega": 0.0
      },
      "adjustedFlag": "false",
      "ask": 4.8,
      "askSize": 41,
      "bid": 0.0,
      "bidSize": 0,
      "displaySymbol": "L Aug 18 '23 $40 Put",
      "inTheMoney": "n",
      "lastPrice": 0.0,
      "netChange": 0.0,
      "openInterest": 0,
      "optionCategory": "STANDARD",
      "optionRootSymbol": "L",
      "optionType": "PUT",
      "osiKey": "L-----230818P00040000",
      "quoteDetail": "https://api.etrade.com/v1/market/quote/L:2023:8:18:PUT:40.000000",
      "strikePrice": 40.0,
      "symbol": "L",
      "timeStamp": 1688398931,
      "volume": 0
    },
    {
      "OptionGreeks": {
        "currentValue": "true",
        "delta": -0.00039,
        "gamma": 0.00028,
        "iv": 0.23644,
        "rho": -3e-05,
        "theta": -7e-05,
        "vega": 0.00036
      },
      "adjustedFlag": "false",
      "ask": 4.8,
      "askSize": 41,
      "bid": 0.0,
      "bidSize": 0,
      "displaySymbol": "L Aug 18 '23 $45 Put",
      "inTheMoney": "n",
      "lastPrice": 0.0,
      "netChange": 0.0,
      "openInterest": 0,
      "optionCategory": "STANDARD",
      "optionRootSymbol": "L",
      "optionType": "PUT",
      "osiKey": "L-----230818P00045000",
      "quoteDetail": "https://api.etrade.com/v1/market/quote/L:2023:8:18:PUT:45.000000",
      "strikePrice": 45.0,
      "symbol": "L",
      "timeStamp": 1688398931,
      "volume": 0
    },
    {
      "OptionGreeks": {
        "currentValue": "true",
        "delta": -0.02213,
        "gamma": 0.01059,
        "iv": 0.23644,
        "rho": -0.00162,
        "theta": -0.00274,
        "vega": 0.01171
      },
      "adjustedFlag": "false",
      "ask": 4.8,
      "askSize": 41,
      "bid": 0.0,
      "bidSize": 0,
      "displaySymbol": "L Aug 18 '23 $50 Put",
      "inTheMoney": "n",
      "lastPrice": 0.0,
      "netChange": 0.0,
      "openInterest": 0,
      "optionCategory": "STANDARD",
      "optionRootSymbol": "L",
      "optionType": "PUT",
      "osiKey": "L-----230818P00050000",
      "quoteDetail": "https://api.etrade.com/v1/market/quote/L:2023:8:18:PUT:50.000000",
      "strikePrice": 50.0,
      "symbol": "L",
      "timeStamp": 1688403573,
      "volume": 0
    },
    {
      "OptionGreeks": {
        "currentValue": "true",
        "delta": -0.18912,
        "gamma": 0.05435,
        "iv": 0.23644,
        "rho": -0.01409,
        "theta": -0.0144,
        "vega": 0.05718
      },
      "adjustedFlag": "false",
      "ask": 0.85,
      "askSize": 34,
      "bid": 0.0,
      "bidSize": 0,
      "displaySymbol": "L Aug 18 '23 $55 Put",
      "inTheMoney": "n",
      "lastPrice": 0.2,
      "netChange": 0.0,
      "openInterest": 0,
      "optionCategory": "STANDARD",
      "optionRootSymbol": "L",
      "optionType": "PUT",
      "osiKey": "L-----230818P00055000",
      "quoteDetail": "https://api.etrade.com/v1/market/quote/L:2023:8:18:PUT:55.000000",
      "strikePrice": 55.0,
      "symbol": "L",
      "timeStamp": 1688403588,
      "volume": 0
    },
    {
      "OptionGreeks": {
        "currentValue": "true",
        "delta": -0.57383,
        "gamma": 0.09248,
        "iv": 0.20086,
        "rho": -0.04243,
        "theta": -0.01756,
        "vega": 0.0817
      },
      "adjustedFlag": "false",
      "ask": 2.65,
      "askSize": 34,
      "bid": 0.8,
      "bidSize": 46,
      "displaySymbol": "L Aug 18 '23 $60 Put",
      "inTheMoney": "y",
      "lastPrice": 0.0,
      "netChange": 0.0,
      "openInterest": 0,
      "optionCategory": "STANDARD",
      "optionRootSymbol": "L",
      "optionType": "PUT",
      "osiKey": "L-----230818P00060000",
      "quoteDetail": "https://api.etrade.com/v1/market/quote/L:2023:8:18:PUT:60.000000",
      "strikePrice": 60.0,
      "symbol": "L",
      "timeStamp": 1688403599,
      "volume": 0
    },
    {
      "OptionGreeks": {
        "currentValue": "true",
        "delta": -0.907,
        "gamma": 0.04333,
        "iv": 0.20086,
        "rho": -0.04668,
        "theta": -0.00738,
        "vega": 0.0351
      },
      "adjustedFlag": "false",
      "ask": 5.9,
      "askSize": 49,
      "bid": 3.8,
      "bidSize": 33,
      "displaySymbol": "L Aug 18 '23 $65 Put",
      "inTheMoney": "y",
      "lastPrice": 0.0,
      "netChange": 0.0,
      "openInterest": 0,
      "optionCategory": "STANDARD",
      "optionRootSymbol": "L",
      "optionType": "PUT",
      "osiKey": "L-----230818P00065000",
      "quoteDetail": "https://api.etrade.com/v1/market/quote/L:2023:8:18:PUT:65.000000",
      "strikePrice": 65.0,
      "symbol": "L",
      "timeStamp": 1688403534,
      "volume": 0
    },
    {
      "OptionGreeks": {
        "currentValue": "true",
        "delta": -1.0,
        "gamma": 0.0,
        "iv": 0.20086,
        "rho": 0.0,
        "theta": -0.00214,
        "vega": 0.0
      },
      "adjustedFlag": "false",
      "ask": 12.2,
      "askSize": 33,
      "bid": 8.4,
      "bidSize": 33,
      "displaySymbol": "L Aug 18 '23 $70 Put",
      "inTheMoney": "y",
      "lastPrice": 0.0,
      "netChange": 0.0,
      "openInterest": 0,
      "optionCategory": "STANDARD",
      "optionRootSymbol": "L",
      "optionType": "PUT",
      "osiKey": "L-----230818P00070000",
      "quoteDetail": "https://api.etrade.com/v1/market/quote/L:2023:8:18:PUT:70.000000",
      "strikePrice": 70.0,
      "symbol": "L",
      "timeStamp": 1688400311,
      "volume": 0
    },
    {
      "OptionGreeks": {
        "currentValue": "true",
        "delta": -1.0,
        "gamma": 0.0,
        "iv": 0.20086,
        "rho": 0.0,
        "theta": -0.00214,
        "vega": 0.0
      },
      "adjustedFlag": "false",
      "ask": 17.4,
      "askSize": 33,
      "bid": 13.2,
      "bidSize": 33,
      "displaySymbol": "L Aug 18 '23 $75 Put",
      "inTheMoney": "y",
      "lastPrice": 0.0,
      "netChange": 0.0,
      "openInterest": 0,
      "optionCategory": "STANDARD",
      "optionRootSymbol": "L",
      "optionType": "PUT",
      "osiKey": "L-----230818P00075000",
      "quoteDetail": "https://api.etrade.com/v1/market/quote/L:2023:8:18:PUT:75.000000",
      "strikePrice": 75.0,
      "symbol": "L",
      "timeStamp": 1688399017,
      "volume": 0
    },
    {
      "OptionGreeks": {
        "currentValue": "true",
        "delta": -1.0,
        "gamma": 0.0,
        "iv": 0.20086,
        "rho": -1e-05,
        "theta": -0.00215,
        "vega": 0.0
      },
      "adjustedFlag": "false",
      "ask": 22.5,
      "askSize": 33,
      "bid": 18.1,
      "bidSize": 33,
      "displaySymbol": "L Aug 18 '23 $80 Put",
      "inTheMoney": "y",
      "lastPrice": 0.0,
      "netChange": 0.0,
      "openInterest": 0,
      "optionCategory": "STANDARD",
      "optionRootSymbol": "L",
      "optionType": "PUT",
      "osiKey": "L-----230818P00080000",
      "quoteDetail": "https://api.etrade.com/v1/market/quote/L:2023:8:18:PUT:80.000000",
      "strikePrice": 80.0,
      "symbol": "L",
      "timeStamp": 1688402849,
      "volume": 0
    },
    {
      "OptionGreeks": {
        "currentValue": "true",
        "delta": -1.0,
        "gamma": 0.0,
        "iv": 0.20086,
        "rho": -1e-05,
        "theta": -0.00215,
        "vega": 0.0
      },
      "adjustedFlag": "false",
      "ask": 27.8,
      "askSize": 33,
      "bid": 23.1,
      "bidSize": 33,
      "displaySymbol": "L Aug 18 '23 $85 Put",
      "inTheMoney": "y",
      "lastPrice": 0.0,
      "netChange": 0.0,
      "openInterest": 0,
      "optionCategory": "STANDARD",
      "optionRootSymbol": "L",
      "optionType": "PUT",
      "osiKey": "L-----230818P00085000",
      "quoteDetail": "https://api.etrade.com/v1/market/quote/L:2023:8:18:PUT:85.000000",
      "strikePrice": 85.0,
      "symbol": "L",
      "timeStamp": 1688403018,
      "volume": 0
    },
    {
      "OptionGreeks": {
        "currentValue": "true",
        "delta": 1.0,
        "gamma": 0.0,
        "iv": 0.23644,
        "rho": 1e-05,
        "theta": 0.0,
        "vega": 0.0
      },
      "adjustedFlag": "false",
      "ask": 32.5,
      "askSize": 34,
      "bid": 27.7,
      "bidSize": 33,
      "displaySymbol": "L Aug 18 '23 $30 Call",
      "inTheMoney": "y",
      "lastPrice": 0.0,
      "netChange": 0.0,
      "openInterest": 0,
      "optionCategory": "STANDARD",
      "optionRootSymbol": "L",
      "optionType": "CALL",
      "osiKey": "L-----230818C00030000",
      "quoteDetail": "https://api.etrade.com/v1/market/quote/L:2023:8:18:CALL:30.000000",
      "strikePrice": 30.0,
      "symbol": "L",
      "timeStamp": 1688402145,
      "volume": 0
    },
    {
      "OptionGreeks": {
        "currentValue": "true",
        "delta": 1.0,
        "gamma": 0.0,
        "iv": 0.23644,
        "rho": 1e-05,
        "theta": 0.0,
        "vega": 0.0
      },
      "adjustedFlag": "false",
      "ask": 27.5,
      "askSize": 34,
      "bid": 23.0,
      "bidSize": 33,
      "displaySymbol": "L Aug 18 '23 $35 Call",
      "inTheMoney": "y",
      "lastPrice": 0.0,
      "netChange": 0.0,
      "openInterest": 0,
      "optionCategory": "STANDARD",
      "optionRootSymbol": "L",
      "optionType": "CALL",
      "osiKey": "L-----230818C00035000",
      "quoteDetail": "https://api.etrade.com/v1/market/quote/L:2023:8:18:CALL:35.000000",
      "strikePrice": 35.0,
      "symbol": "L",
      "timeStamp": 1688401640,
      "volume": 0
    },
    {
      "OptionGreeks": {
        "currentValue": "true",
        "delta": 1.0,
        "gamma": 0.0,
        "iv": 0.23644,
        "rho": 1e-05,
        "theta": 0.0,
        "vega": 0.0
      },
      "adjustedFlag": "false",
      "ask": 22.3,
      "askSize": 33,
      "bid": 18.0,
      "bidSize": 33,
      "displaySymbol": "L Aug 18 '23 $40 Call",
      "inTheMoney": "y",
      "lastPrice": 0.0,
      "netChange": 0.0,
      "openInterest": 0,
      "optionCategory": "STANDARD",
      "optionRootSymbol": "L",
      "optionType": "CALL",
      "osiKey": "L-----230818C00040000",
      "quoteDetail": "https://api.etrade.com/v1/market/quote/L:2023:8:18:CALL:40.000000",
      "strikePrice": 40.0,
      "symbol": "L",
      "timeStamp": 1688401686,
      "volume": 0
    },
    {
      "OptionGreeks": {
        "currentValue": "true",
        "delta": 0.99643,
        "gamma": 0.00076,
        "iv": 0.23644,
        "rho": 0.0395,
        "theta": 0.0,
        "vega": 0.00056
      },
      "adjustedFlag": "false",
      "ask": 17.5,
      "askSize": 34,
      "bid": 13.0,
      "bidSize": 33,
      "displaySymbol": "L Aug 18 '23 $45 Call",
      "inTheMoney": "y",
      "lastPrice": 0.0,
      "netChange": 0.0,
      "openInterest": 0,
      "optionCategory": "STANDARD",
      "optionRootSymbol": "L",
      "optionType": "CALL",
      "osiKey": "L-----230818C00045000",
      "quoteDetail": "https://api.etrade.com/v1/market/quote/L:2023:8:18:CALL:45.000000",
      "strikePrice": 45.0,
      "symbol": "L",
      "timeStamp": 1688402224,
      "volume": 0
    },
    {
      "OptionGreeks": {
        "currentValue": "true",
        "delta": 0.97501,
        "gamma": 0.01012,
        "iv": 0.23644,
        "rho": 0.05513,
        "theta": -0.00133,
        "vega": 0.01116
      },
      "adjustedFlag": "false",
      "ask": 11.4,
      "askSize": 33,
      "bid": 8.5,
      "bidSize": 33,
      "displaySymbol": "L Aug 18 '23 $50 Call",
      "inTheMoney": "y",
      "lastPrice": 0.0,
      "netChange": 0.0,
      "openInterest": 0,
      "optionCategory": "STANDARD",
      "optionRootSymbol": "L",
      "optionType": "CALL",
      "osiKey": "L-----230818C00050000",
      "quoteDetail": "https://api.etrade.com/v1/market/quote/L:2023:8:18:CALL:50.000000",
      "strikePrice": 50.0,
      "symbol": "L",
      "timeStamp": 1688402582,
      "volume": 0
    },
    {
      "OptionGreeks": {
        "currentValue": "true",
        "delta": 0.8109,
        "gamma": 0.05393,
        "iv": 0.23644,
        "rho": 0.05059,
        "theta": -0.01371,
        "vega": 0.05614
      },
      "adjustedFlag": "false",
      "ask": 6.0,
      "askSize": 33,
      "bid": 3.4,
      "bidSize": 33,
      "displaySymbol": "L Aug 18 '23 $55 Call",
      "inTheMoney": "y",
      "lastPrice": 0.0,
      "netChange": 0.0,
      "openInterest": 0,
      "optionCategory": "STANDARD",
      "optionRootSymbol": "L",
      "optionType": "CALL",
      "osiKey": "L-----230818C00055000",
      "quoteDetail": "https://api.etrade.com/v1/market/quote/L:2023:8:18:CALL:55.000000",
      "strikePrice": 55.0,
      "symbol": "L",
      "timeStamp": 1688403597,
      "volume": 0
    },
    {
      "OptionGreeks": {
        "currentValue": "true",
        "delta": 0.4263,
        "gamma": 0.093,
        "iv": 0.20086,
        "rho": 0.02844,
        "theta": -0.0178,
        "vega": 0.08179
      },
      "adjustedFlag": "false",
      "ask": 4.1,
      "askSize": 49,
      "bid": 0.15,
      "bidSize": 33,
      "displaySymbol": "L Aug 18 '23 $60 Call",
      "inTheMoney": "n",
      "lastPrice": 0.99,
      "netChange": 0.0,
      "openInterest": 424,
      "optionCategory": "STANDARD",
      "optionRootSymbol": "L",
      "optionType": "CALL",
      "osiKey": "L-----230818C00060000",
      "quoteDetail": "https://api.etrade.com/v1/market/quote/L:2023:8:18:CALL:60.000000",
      "strikePrice": 60.0,
      "symbol": "L",
      "timeStamp": 1688403574,
      "volume": 0
    },
    {
      "OptionGreeks": {
        "currentValue": "true",
        "delta": 0.09606,
        "gamma": 0.04035,
        "iv": 0.20086,
        "rho": 0.00661,
        "theta": -0.00766,
        "vega": 0.03681
      },
      "adjustedFlag": "false",
      "ask": 4.8,
      "askSize": 41,
      "bid": 0.0,
      "bidSize": 0,
      "displaySymbol": "L Aug 18 '23 $65 Call",
      "inTheMoney": "n",
      "lastPrice": 0.1,
      "netChange": 0.0,
      "openInterest": 2,
      "optionCategory": "STANDARD",
      "optionRootSymbol": "L",
      "optionType": "CALL",
      "osiKey": "L-----230818C00065000",
      "quoteDetail": "https://api.etrade.com/v1/market/quote/L:2023:8:18:CALL:65.000000",
      "strikePrice": 65.0,
      "symbol": "L",
      "timeStamp": 1688398931,
      "volume": 0
    },
    {
      "OptionGreeks": {
        "currentValue": "true",
        "delta": 0.00968,
        "gamma": 0.00611,
        "iv": 0.20086,
        "rho": 0.00067,
        "theta": -0.00113,
        "vega": 0.00601
      },
      "adjustedFlag": "false",
      "ask": 4.8,
      "askSize": 41,
      "bid": 0.0,
      "bidSize": 0,
      "displaySymbol": "L Aug 18 '23 $70 Call",
      "inTheMoney": "n",
      "lastPrice": 0.0,
      "netChange": 0.0,
      "openInterest": 0,
      "optionCategory": "STANDARD",
      "optionRootSymbol": "L",
      "optionType": "CALL",
      "osiKey": "L-----230818C00070000",
      "quoteDetail": "https://api.etrade.com/v1/market/quote/L:2023:8:18:CALL:70.000000",
      "strikePrice": 70.0,
      "symbol": "L",
      "timeStamp": 1688398931,
      "volume": 0
    },
    {
      "OptionGreeks": {
        "currentValue": "true",
        "delta": 0.00063,
        "gamma": 0.00052,
        "iv": 0.20086,
        "rho": 4e-05,
        "theta": -9e-05,
        "vega": 0.00057
      },
      "adjustedFlag": "false",
      "ask": 4.8,
      "askSize": 41,
      "bid": 0.0,
      "bidSize": 0,
      "displaySymbol": "L Aug 18 '23 $75 Call",
      "inTheMoney": "n",
      "lastPrice": 0.0,
      "netChange": 0.0,
      "openInterest": 0,
      "optionCategory": "STANDARD",
      "optionRootSymbol": "L",
      "optionType": "CALL",
      "osiKey": "L-----230818C00075000",
      "quoteDetail": "https://api.etrade.com/v1/market/quote/L:2023:8:18:CALL:75.000000",
      "strikePrice": 75.0,
      "symbol": "L",
      "timeStamp": 1688398931,
      "volume": 0
    },
    {
      "OptionGreeks": {
        "currentValue": "true",
        "delta": 2e-05,
        "gamma": 2e-05,
        "iv": 0.20086,
        "rho": 0.0,
        "theta": 0.0,
        "vega": 2e-05
      },
      "adjustedFlag": "false",
      "ask": 4.8,
      "askSize": 41,
      "bid": 0.0,
      "bidSize": 0,
      "displaySymbol": "L Aug 18 '23 $80 Call",
      "inTheMoney": "n",
      "lastPrice": 0.0,
      "netChange": 0.0,
      "openInterest": 0,
      "optionCategory": "STANDARD",
      "optionRootSymbol": "L",
      "optionType": "CALL",
      "osiKey": "L-----230818C00080000",
      "quoteDetail": "https://api.etrade.com/v1/market/quote/L:2023:8:18:CALL:80.000000",
      "strikePrice": 80.0,
      "symbol": "L",
      "timeStamp": 1688398931,
      "volume": 0
    },
    {
      "OptionGreeks": {
        "currentValue": "true",
        "delta": 0.0,
        "gamma": 0.0,
        "iv": 0.20086,
        "rho": 0.0,
        "theta": 0.0,
        "vega": 0.0
      },
      "adjustedFlag": "false",
      "ask": 4.8,
      "askSize": 57,
      "bid": 0.0,
      "bidSize": 0,
      "displaySymbol": "L Aug 18 '23 $85 Call",
      "inTheMoney": "n",
      "lastPrice": 0.0,
      "netChange": 0.0,
      "openInterest": 0,
      "optionCategory": "STANDARD",
      "optionRootSymbol": "L",
      "optionType": "CALL",
      "osiKey": "L-----230818C00085000",
      "quoteDetail": "https://api.etrade.com/v1/market/quote/L:2023:8:18:CALL:85.000000",
      "strikePrice": 85.0,
      "symbol": "L",
      "timeStamp": 1688403534,
      "volume": 0
    }
  ],
  "2023-09-15": [
    {
      "OptionGreeks": {
        "currentValue": "true",
        "delta": 0.0,
        "gamma": 0.0,
        "iv": 0.25508,
        "rho": 0.0,
        "theta": 0.0,
        "vega": 0.0
      },
      "adjustedFlag": "false",
      "ask": 4.8,
      "askSize": 41,
      "bid": 0.0,
      "bidSize": 0,
      "displaySymbol": "L Sep 15 '23 $30 Put",
      "inTheMoney": "n",
      "lastPrice": 0.0,
      "netChange": 0.0,
      "openInterest": 0,
      "optionCategory": "STANDARD",
      "optionRootSymbol": "L",
      "optionType": "PUT",
      "osiKey": "L-----230915P00030000",
      "quoteDetail": "https://api.etrade.com/v1/market/quote/L:2023:9:15:PUT:30.000000",
      "strikePrice": 30.0,
      "symbol": "L",
      "timeStamp": 1688398931,
      "volume": 0
    },
    {
      "OptionGreeks": {
        "currentValue": "true",
        "delta": 0.0,
        "gamma": 0.0,
        "iv": 0.25508,
        "rho": 0.0,
        "theta": 0.0,
        "vega": 0.0
      },
      "adjustedFlag": "false",
      "ask": 4.8,
      "askSize": 41,
      "bid": 0.0,
      "bidSize": 0,
      "displaySymbol": "L Sep 15 '23 $35 Put",
      "inTheMoney": "n",
      "lastPrice": 0.0,
      "netChange": 0.0,
      "openInterest": 0,
      "optionCategory": "STANDARD",
      "optionRootSymbol": "L",
      "optionType": "PUT",
      "osiKey": "L-----230915P00035000",
      "quoteDetail": "https://api.etrade.com/v1/market/quote/L:2023:9:15:PUT:35.000000",
      "strikePrice": 35.0,
      "symbol": "L",
      "timeStamp": 1688398997,
      "volume": 0
    },
    {
      "OptionGreeks": {
        "currentValue": "true",
        "delta": -0.00019,
        "gamma": 0.00011,
        "iv": 0.25508,
        "rho": -2e-05,
        "theta": -3e-05,
        "vega": 0.00023
      },
      "adjustedFlag": "false",
      "ask": 4.8,
      "askSize": 38,
      "bid": 0.0,
      "bidSize": 0,
      "displaySymbol": "L Sep 15 '23 $40 Put",
      "inTheMoney": "n",
      "lastPrice": 0.4,
      "netChange": 0.0,
      "openInterest": 1,
      "optionCategory": "STANDARD",
      "optionRootSymbol": "L",
      "optionType": "PUT",
      "osiKey": "L-----230915P00040000",
      "quoteDetail": "https://api.etrade.com/v1/market/quote/L:2023:9:15:PUT:40.000000",
      "strikePrice": 40.0,
      "symbol": "L",
      "timeStamp": 1688403505,
      "volume": 0
    },
    {
      "OptionGreeks": {
        "currentValue": "true",
        "delta": -0.00676,
        "gamma": 0.00277,
        "iv": 0.25508,
        "rho": -0.00078,
        "theta": -0.00082,
        "vega": 0.00544
      },
      "adjustedFlag": "false",
      "ask": 4.8,
      "askSize": 38,
      "bid": 0.0,
      "bidSize": 0,
      "displaySymbol": "L Sep 15 '23 $45 Put",
      "inTheMoney": "n",
      "lastPrice": 0.35,
      "netChange": 0.0,
      "openInterest": 1,
      "optionCategory": "STANDARD",
      "optionRootSymbol": "L",
      "optionType": "PUT",
      "osiKey": "L-----230915P00045000",
      "quoteDetail": "https://api.etrade.com/v1/market/quote/L:2023:9:15:PUT:45.000000",
      "strikePrice": 45.0,
      "symbol": "L",
      "timeStamp": 1688403505,
      "volume": 0
    },
    {
      "OptionGreeks": {
        "currentValue": "true",
        "delta": -0.06226,
        "gamma": 0.01805,
        "iv": 0.25508,
        "rho": -0.00725,
        "theta": -0.00551,
        "vega": 0.03352
      },
      "adjustedFlag": "false",
      "ask": 0.25,
      "askSize": 16,
      "bid": 0.05,
      "bidSize": 1,
      "displaySymbol": "L Sep 15 '23 $50 Put",
      "inTheMoney": "n",
      "lastPrice": 0.35,
      "netChange": 0.0,
      "openInterest": 29,
      "optionCategory": "STANDARD",
      "optionRootSymbol": "L",
      "optionType": "PUT",
      "osiKey": "L-----230915P00050000",
      "quoteDetail": "https://api.etrade.com/v1/market/quote/L:2023:9:15:PUT:50.000000",
      "strikePrice": 50.0,
      "symbol": "L",
      "timeStamp": 1688402763,
      "volume": 0
    },
    {
      "OptionGreeks": {
        "currentValue": "true",
        "delta": -0.2014,
        "gamma": 0.05091,
        "iv": 0.20862,
        "rho": -0.02259,
        "theta": -0.01047,
        "vega": 0.07525
      },
      "adjustedFlag": "false",
      "ask": 0.75,
      "askSize": 15,
      "bid": 0.3,
      "bidSize": 37,
      "displaySymbol": "L Sep 15 '23 $55 Put",
      "inTheMoney": "n",
      "lastPrice": 0.7,
      "netChange": 0.0,
      "openInterest": 97,
      "optionCategory": "STANDARD",
      "optionRootSymbol": "L",
      "optionType": "PUT",
      "osiKey": "L-----230915P00055000",
      "quoteDetail": "https://api.etrade.com/v1/market/quote/L:2023:9:15:PUT:55.000000",
      "strikePrice": 55.0,
      "symbol": "L",
      "timeStamp": 1688403599,
      "volume": 0
    },
    {
      "OptionGreeks": {
        "currentValue": "true",
        "delta": -0.57333,
        "gamma": 0.10783,
        "iv": 0.14296,
        "rho": -0.05411,
        "theta": -0.01027,
        "vega": 0.10308
      },
      "adjustedFlag": "false",
      "ask": 2.4,
      "askSize": 7,
      "bid": 0.3,
      "bidSize": 58,
      "displaySymbol": "L Sep 15 '23 $60 Put",
      "inTheMoney": "y",
      "lastPrice": 2.1,
      "netChange": 0.0,
      "openInterest": 38,
      "optionCategory": "STANDARD",
      "optionRootSymbol": "L",
      "optionType": "PUT",
      "osiKey": "L-----230915P00060000",
      "quoteDetail": "https://api.etrade.com/v1/market/quote/L:2023:9:15:PUT:60.000000",
      "strikePrice": 60.0,
      "symbol": "L",
      "timeStamp": 1688403560,
      "volume": 0
    },
    {
      "OptionGreeks": {
        "currentValue": "true",
        "delta": -0.87352,
        "gamma": 0.05389,
        "iv": 0.1911,
        "rho": -0.05199,
        "theta": -0.00846,
        "vega": 0.05481
      },
      "adjustedFlag": "false",
      "ask": 5.6,
      "askSize": 13,
      "bid": 4.2,
      "bidSize": 33,
      "displaySymbol": "L Sep 15 '23 $65 Put",
      "inTheMoney": "y",
      "lastPrice": 0.0,
      "netChange": 0.0,
      "openInterest": 0,
      "optionCategory": "STANDARD",
      "optionRootSymbol": "L",
      "optionType": "PUT",
      "osiKey": "L-----230915P00065000",
      "quoteDetail": "https://api.etrade.com/v1/market/quote/L:2023:9:15:PUT:65.000000",
      "strikePrice": 65.0,
      "symbol": "L",
      "timeStamp": 1688403499,
      "volume": 0
    },
    {
      "OptionGreeks": {
        "currentValue": "true",
        "delta": -0.88569,
        "gamma": 0.02897,
        "iv": 0.30919,
        "rho": -0.05927,
        "theta": -0.01151,
        "vega": 0.05051
      },
      "adjustedFlag": "false",
      "ask": 11.1,
      "askSize": 33,
      "bid": 9.3,
      "bidSize": 33,
      "displaySymbol": "L Sep 15 '23 $70 Put",
      "inTheMoney": "y",
      "lastPrice": 0.0,
      "netChange": 0.0,
      "openInterest": 0,
      "optionCategory": "STANDARD",
      "optionRootSymbol": "L",
      "optionType": "PUT",
      "osiKey": "L-----230915P00070000",
      "quoteDetail": "https://api.etrade.com/v1/market/quote/L:2023:9:15:PUT:70.000000",
      "strikePrice": 70.0,
      "symbol": "L",
      "timeStamp": 1688402721,
      "volume": 0
    },
    {
      "OptionGreeks": {
        "currentValue": "true",
        "delta": -0.91545,
        "gamma": 0.01994,
        "iv": 0.38359,
        "rho": -0.05583,
        "theta": -0.01154,
        "vega": 0.04018
      },
      "adjustedFlag": "false",
      "ask": 15.8,
      "askSize": 33,
      "bid": 14.4,
      "bidSize": 33,
      "displaySymbol": "L Sep 15 '23 $75 Put",
      "inTheMoney": "y",
      "lastPrice": 0.0,
      "netChange": 0.0,
      "openInterest": 0,
      "optionCategory": "STANDARD",
      "optionRootSymbol": "L",
      "optionType": "PUT",
      "osiKey": "L-----230915P00075000",
      "quoteDetail": "https://api.etrade.com/v1/market/quote/L:2023:9:15:PUT:75.000000",
      "strikePrice": 75.0,
      "symbol": "L",
      "timeStamp": 1688401362,
      "volume": 0
    },
    {
      "OptionGreeks": {
        "currentValue": "true",
        "delta": -0.9791,
        "gamma": 0.01387,
        "iv": 0.38359,
        "rho": -0.02121,
        "theta": -0.00657,
        "vega": 0.01318
      },
      "adjustedFlag": "false",
      "ask": 21.6,
      "askSize": 33,
      "bid": 18.0,
      "bidSize": 34,
      "displaySymbol": "L Sep 15 '23 $80 Put",
      "inTheMoney": "y",
      "lastPrice": 0.0,
      "netChange": 0.0,
      "openInterest": 0,
      "optionCategory": "STANDARD",
      "optionRootSymbol": "L",
      "optionType": "PUT",
      "osiKey": "L-----230915P00080000",
      "quoteDetail": "https://api.etrade.com/v1/market/quote/L:2023:9:15:PUT:80.000000",
      "strikePrice": 80.0,
      "symbol": "L",
      "timeStamp": 1688402849,
      "volume": 0
    },
    {
      "OptionGreeks": {
        "currentValue": "true",
        "delta": -1.0,
        "gamma": 0.0,
        "iv": 0.38359,
        "rho": -1e-05,
        "theta": -0.00492,
        "vega": 0.0
      },
      "adjustedFlag": "false",
      "ask": 27.5,
      "askSize": 33,
      "bid": 23.4,
      "bidSize": 33,
      "displaySymbol": "L Sep 15 '23 $85 Put",
      "inTheMoney": "y",
      "lastPrice": 0.0,
      "netChange": 0.0,
      "openInterest": 0,
      "optionCategory": "STANDARD",
      "optionRootSymbol": "L",
      "optionType": "PUT",
      "osiKey": "L-----230915P00085000",
      "quoteDetail": "https://api.etrade.com/v1/market/quote/L:2023:9:15:PUT:85.000000",
      "strikePrice": 85.0,
      "symbol": "L",
      "timeStamp": 1688403487,
      "volume": 0
    },
    {
      "OptionGreeks": {
        "currentValue": "true",
        "delta": -1.0,
        "gamma": 0.0,
        "iv": 0.38359,
        "rho": -1e-05,
        "theta": -0.00492,
        "vega": 0.0
      },
      "adjustedFlag": "false",
      "ask": 32.9,
      "askSize": 34,
      "bid": 28.0,
      "bidSize": 36,
      "displaySymbol": "L Sep 15 '23 $90 Put",
      "inTheMoney": "y",
      "lastPrice": 0.0,
      "netChange": 0.0,
      "openInterest": 0,
      "optionCategory": "STANDARD",
      "optionRootSymbol": "L",
      "optionType": "PUT",
      "osiKey": "L-----230915P00090000",
      "quoteDetail": "https://api.etrade.com/v1/market/quote/L:2023:9:15:PUT:90.000000",
      "strikePrice": 90.0,
      "symbol": "L",
      "timeStamp": 1688403599,
      "volume": 0
    },
    {
      "OptionGreeks": {
        "currentValue": "true",
        "delta": 0.99746,
        "gamma": 1e-05,
        "iv": 0.25508,
        "rho": 0.03442,
        "theta": 0.0,
        "vega": 1e-05
      },
      "adjustedFlag": "false",
      "ask": 32.3,
      "askSize": 33,
      "bid": 27.9,
      "bidSize": 33,
      "displaySymbol": "L Sep 15 '23 $30 Call",
      "inTheMoney": "y",
      "lastPrice": 0.0,
      "netChange": 0.0,
      "openInterest": 0,
      "optionCategory": "STANDARD",
      "optionRootSymbol": "L",
      "optionType": "CALL",
      "osiKey": "L-----230915C00030000",
      "quoteDetail": "https://api.etrade.com/v1/market/quote/L:2023:9:15:CALL:30.000000",
      "strikePrice": 30.0,
      "symbol": "L",
      "timeStamp": 1688403561,
      "volume": 0
    },
    {
      "OptionGreeks": {
        "currentValue": "true",
        "delta": 0.9974,
        "gamma": 2e-05,
        "iv": 0.25508,
        "rho": 0.04105,
        "theta": 0.0,
        "vega": 2e-05
      },
      "adjustedFlag": "false",
      "ask": 26.3,
      "askSize": 33,
      "bid": 24.5,
      "bidSize": 33,
      "displaySymbol": "L Sep 15 '23 $35 Call",
      "inTheMoney": "y",
      "lastPrice": 0.0,
      "netChange": 0.0,
      "openInterest": 0,
      "optionCategory": "STANDARD",
      "optionRootSymbol": "L",
      "optionType": "CALL",
      "osiKey": "L-----230915C00035000",
      "quoteDetail": "https://api.etrade.com/v1/market/quote/L:2023:9:15:CALL:35.000000",
      "strikePrice": 35.0,
      "symbol": "L",
      "timeStamp": 1688403597,
      "volume": 0
    },
    {
      "OptionGreeks": {
        "currentValue": "true",
        "delta": 0.99599,
        "gamma": 0.00029,
        "iv": 0.25508,
        "rho": 0.06906,
        "theta": 0.0,
        "vega": 0.00043
      },
      "adjustedFlag": "false",
      "ask": 21.2,
      "askSize": 33,
      "bid": 19.6,
      "bidSize": 33,
      "displaySymbol": "L Sep 15 '23 $40 Call",
      "inTheMoney": "y",
      "lastPrice": 0.0,
      "netChange": 0.0,
      "openInterest": 0,
      "optionCategory": "STANDARD",
      "optionRootSymbol": "L",
      "optionType": "CALL",
      "osiKey": "L-----230915C00040000",
      "quoteDetail": "https://api.etrade.com/v1/market/quote/L:2023:9:15:CALL:40.000000",
      "strikePrice": 40.0,
      "symbol": "L",
      "timeStamp": 1688403522,
      "volume": 0
    },
    {
      "OptionGreeks": {
        "currentValue": "true",
        "delta": 0.98864,
        "gamma": 0.00277,
        "iv": 0.25508,
        "rho": 0.08948,
        "theta": 0.0,
        "vega": 0.00543
      },
      "adjustedFlag": "false",
      "ask": 16.0,
      "askSize": 33,
      "bid": 14.5,
      "bidSize": 33,
      "displaySymbol": "L Sep 15 '23 $45 Call",
      "inTheMoney": "y",
      "lastPrice": 0.0,
      "netChange": 0.0,
      "openInterest": 0,
      "optionCategory": "STANDARD",
      "optionRootSymbol": "L",
      "optionType": "CALL",
      "osiKey": "L-----230915C00045000",
      "quoteDetail": "https://api.etrade.com/v1/market/quote/L:2023:9:15:CALL:45.000000",
      "strikePrice": 45.0,
      "symbol": "L",
      "timeStamp": 1688403556,
      "volume": 0
    },
    {
      "OptionGreeks": {
        "currentValue": "true",
        "delta": 0.93354,
        "gamma": 0.01789,
        "iv": 0.25508,
        "rho": 0.0929,
        "theta": -0.00414,
        "vega": 0.03332
      },
      "adjustedFlag": "false",
      "ask": 12.6,
      "askSize": 34,
      "bid": 9.4,
      "bidSize": 34,
      "displaySymbol": "L Sep 15 '23 $50 Call",
      "inTheMoney": "y",
      "lastPrice": 0.0,
      "netChange": 0.0,
      "openInterest": 0,
      "optionCategory": "STANDARD",
      "optionRootSymbol": "L",
      "optionType": "CALL",
      "osiKey": "L-----230915C00050000",
      "quoteDetail": "https://api.etrade.com/v1/market/quote/L:2023:9:15:CALL:50.000000",
      "strikePrice": 50.0,
      "symbol": "L",
      "timeStamp": 1688403516,
      "volume": 0
    },
    {
      "OptionGreeks": {
        "currentValue": "true",
        "delta": 0.79648,
        "gamma": 0.05006,
        "iv": 0.20862,
        "rho": 0.08559,
        "theta": -0.00969,
        "vega": 0.07477
      },
      "adjustedFlag": "false",
      "ask": 6.7,
      "askSize": 36,
      "bid": 3.8,
      "bidSize": 193,
      "displaySymbol": "L Sep 15 '23 $55 Call",
      "inTheMoney": "y",
      "lastPrice": 6.0,
      "netChange": 1.35,
      "openInterest": 137,
      "optionCategory": "STANDARD",
      "optionRootSymbol": "L",
      "optionType": "CALL",
      "osiKey": "L-----230915C00055000",
      "quoteDetail": "https://api.etrade.com/v1/market/quote/L:2023:9:15:CALL:55.000000",
      "strikePrice": 55.0,
      "symbol": "L",
      "timeStamp": 1688403578,
      "volume": 1
    },
    {
      "OptionGreeks": {
        "currentValue": "true",
        "delta": 0.4384,
        "gamma": 0.10301,
        "iv": 0.14296,
        "rho": 0.05004,
        "theta": -0.00992,
        "vega": 0.10436
      },
      "adjustedFlag": "false",
      "ask": 2.15,
      "askSize": 7,
      "bid": 1.0,
      "bidSize": 177,
      "displaySymbol": "L Sep 15 '23 $60 Call",
      "inTheMoney": "n",
      "lastPrice": 1.75,
      "netChange": 0.0,
      "openInterest": 59,
      "optionCategory": "STANDARD",
      "optionRootSymbol": "L",
      "optionType": "CALL",
      "osiKey": "L-----230915C00060000",
      "quoteDetail": "https://api.etrade.com/v1/market/quote/L:2023:9:15:CALL:60.000000",
      "strikePrice": 60.0,
      "symbol": "L",
      "timeStamp": 1688403560,
      "volume": 0
    },
    {
      "OptionGreeks": {
        "currentValue": "true",
        "delta": 0.20192,
        "gamma": 0.04593,
        "iv": 0.22927,
        "rho": 0.0227,
        "theta": -0.01141,
        "vega": 0.07552
      },
      "adjustedFlag": "false",
      "ask": 4.6,
      "askSize": 37,
      "bid": 0.0,
      "bidSize": 0,
      "displaySymbol": "L Sep 15 '23 $65 Call",
      "inTheMoney": "n",
      "lastPrice": 0.28,
      "netChange": 0.0,
      "openInterest": 32,
      "optionCategory": "STANDARD",
      "optionRootSymbol": "L",
      "optionType": "CALL",
      "osiKey": "L-----230915C00065000",
      "quoteDetail": "https://api.etrade.com/v1/market/quote/L:2023:9:15:CALL:65.000000",
      "strikePrice": 65.0,
      "symbol": "L",
      "timeStamp": 1688403584,
      "volume": 0
    },
    {
      "OptionGreeks": {
        "currentValue": "true",
        "delta": 0.13206,
        "gamma": 0.02586,
        "iv": 0.30919,
        "rho": 0.01462,
        "theta": -0.01164,
        "vega": 0.05747
      },
      "adjustedFlag": "false",
      "ask": 4.8,
      "askSize": 177,
      "bid": 0.0,
      "bidSize": 0,
      "displaySymbol": "L Sep 15 '23 $70 Call",
      "inTheMoney": "n",
      "lastPrice": 0.0,
      "netChange": 0.0,
      "openInterest": 0,
      "optionCategory": "STANDARD",
      "optionRootSymbol": "L",
      "optionType": "CALL",
      "osiKey": "L-----230915C00070000",
      "quoteDetail": "https://api.etrade.com/v1/market/quote/L:2023:9:15:CALL:70.000000",
      "strikePrice": 70.0,
      "symbol": "L",
      "timeStamp": 1688403001,
      "volume": 0
    },
    {
      "OptionGreeks": {
        "currentValue": "true",
        "delta": 0.10303,
        "gamma": 0.01747,
        "iv": 0.38359,
        "rho": 0.01124,
        "theta": -0.01209,
        "vega": 0.04813
      },
      "adjustedFlag": "false",
      "ask": 1.05,
      "askSize": 45,
      "bid": 0.0,
      "bidSize": 0,
      "displaySymbol": "L Sep 15 '23 $75 Call",
      "inTheMoney": "n",
      "lastPrice": 0.0,
      "netChange": 0.0,
      "openInterest": 0,
      "optionCategory": "STANDARD",
      "optionRootSymbol": "L",
      "optionType": "CALL",
      "osiKey": "L-----230915C00075000",
      "quoteDetail": "https://api.etrade.com/v1/market/quote/L:2023:9:15:CALL:75.000000",
      "strikePrice": 75.0,
      "symbol": "L",
      "timeStamp": 1688403000,
      "volume": 0
    },
    {
      "OptionGreeks": {
        "currentValue": "true",
        "delta": 0.05058,
        "gamma": 0.01013,
        "iv": 0.38359,
        "rho": 0.00553,
        "theta": -0.00695,
        "vega": 0.02815
      },
      "adjustedFlag": "false",
      "ask": 4.8,
      "askSize": 176,
      "bid": 0.0,
      "bidSize": 0,
      "displaySymbol": "L Sep 15 '23 $80 Call",
      "inTheMoney": "n",
      "lastPrice": 0.0,
      "netChange": 0.0,
      "openInterest": 0,
      "optionCategory": "STANDARD",
      "optionRootSymbol": "L",
      "optionType": "CALL",
      "osiKey": "L-----230915C00080000",
      "quoteDetail": "https://api.etrade.com/v1/market/quote/L:2023:9:15:CALL:80.000000",
      "strikePrice": 80.0,
      "symbol": "L",
      "timeStamp": 1688403505,
      "volume": 0
    },
    {
      "OptionGreeks": {
        "currentValue": "true",
        "delta": 0.02344,
        "gamma": 0.00538,
        "iv": 0.38359,
        "rho": 0.00256,
        "theta": -0.00366,
        "vega": 0.01511
      },
      "adjustedFlag": "false",
      "ask": 4.8,
      "askSize": 176,
      "bid": 0.0,
      "bidSize": 0,
      "displaySymbol": "L Sep 15 '23 $85 Call",
      "inTheMoney": "n",
      "lastPrice": 0.0,
      "netChange": 0.0,
      "openInterest": 0,
      "optionCategory": "STANDARD",
      "optionRootSymbol": "L",
      "optionType": "CALL",
      "osiKey": "L-----230915C00085000",
      "quoteDetail": "https://api.etrade.com/v1/market/quote/L:2023:9:15:CALL:85.000000",
      "strikePrice": 85.0,
      "symbol": "L",
      "timeStamp": 1688403511,
      "volume": 0
    },
    {
      "OptionGreeks": {
        "currentValue": "true",
        "delta": 0.0102,
        "gamma": 0.00263,
        "iv": 0.38359,
        "rho": 0.00111,
        "theta": -0.00177,
        "vega": 0.00748
      },
      "adjustedFlag": "false",
      "ask": 5.0,
      "askSize": 163,
      "bid": 0.0,
      "bidSize": 0,
      "displaySymbol": "L Sep 15 '23 $90 Call",
      "inTheMoney": "n",
      "lastPrice": 0.0,
      "netChange": 0.0,
      "openInterest": 0,
      "optionCategory": "STANDARD",
      "optionRootSymbol": "L",
      "optionType": "CALL",
      "osiKey": "L-----230915C00090000",
      "quoteDetail": "https://api.etrade.com/v1/market/quote/L:2023:9:15:CALL:90.000000",
      "strikePrice": 90.0,
      "symbol": "L",
      "timeStamp": 1688403145,
      "volume": 0
    }
  ],
  "2023-12-15": [
    {
      "OptionGreeks": {
        "currentValue": "true",
        "delta": -0.0001,
        "gamma": 3e-05,
        "iv": 0.28964,
        "rho": -3e-05,
        "theta": -1e-05,
        "vega": 0.00019
      },
      "adjustedFlag": "false",
      "ask": 4.0,
      "askSize": 41,
      "bid": 0.0,
      "bidSize": 0,
      "displaySymbol": "L Dec 15 '23 $30 Put",
      "inTheMoney": "n",
      "lastPrice": 0.55,
      "netChange": 0.0,
      "openInterest": 11,
      "optionCategory": "STANDARD",
      "optionRootSymbol": "L",
      "optionType": "PUT",
      "osiKey": "L-----231215P00030000",
      "quoteDetail": "https://api.etrade.com/v1/market/quote/L:2023:12:15:PUT:30.000000",
      "strikePrice": 30.0,
      "symbol": "L",
      "timeStamp": 1688403518,
      "volume": 0
    },
    {
      "OptionGreeks": {
        "currentValue": "true",
        "delta": -0.00181,
        "gamma": 0.0005,
        "iv": 0.28964,
        "rho": -0.00048,
        "theta": -0.00019,
        "vega": 0.00252
      },
      "adjustedFlag": "false",
      "ask": 4.8,
      "askSize": 38,
      "bid": 0.0,
      "bidSize": 0,
      "displaySymbol": "L Dec 15 '23 $35 Put",
      "inTheMoney": "n",
      "lastPrice": 0.0,
      "netChange": 0.0,
      "openInterest": 0,
      "optionCategory": "STANDARD",
      "optionRootSymbol": "L",
      "optionType": "PUT",
      "osiKey": "L-----231215P00035000",
      "quoteDetail": "https://api.etrade.com/v1/market/quote/L:2023:12:15:PUT:35.000000",
      "strikePrice": 35.0,
      "symbol": "L",
      "timeStamp": 1688403519,
      "volume": 0
    },
    {
      "OptionGreeks": {
        "currentValue": "true",
        "delta": -0.01425,
        "gamma": 0.00315,
        "iv": 0.28964,
        "rho": -0.00379,
        "theta": -0.00121,
        "vega": 0.01509
      },
      "adjustedFlag": "false",
      "ask": 0.1,
      "askSize": 20,
      "bid": 0.0,
      "bidSize": 0,
      "displaySymbol": "L Dec 15 '23 $40 Put",
      "inTheMoney": "n",
      "lastPrice": 0.5,
      "netChange": 0.0,
      "openInterest": 31,
      "optionCategory": "STANDARD",
      "optionRootSymbol": "L",
      "optionType": "PUT",
      "osiKey": "L-----231215P00040000",
      "quoteDetail": "https://api.etrade.com/v1/market/quote/L:2023:12:15:PUT:40.000000",
      "strikePrice": 40.0,
      "symbol": "L",
      "timeStamp": 1688391891,
      "volume": 0
    },
    {
      "OptionGreeks": {
        "currentValue": "true",
        "delta": -0.05318,
        "gamma": 0.00971,
        "iv": 0.28207,
        "rho": -0.01411,
        "theta": -0.00359,
        "vega": 0.04402
      },
      "adjustedFlag": "false",
      "ask": 0.4,
      "askSize": 10,
      "bid": 0.05,
      "bidSize": 54,
      "displaySymbol": "L Dec 15 '23 $45 Put",
      "inTheMoney": "n",
      "lastPrice": 0.4,
      "netChange": 0.0,
      "openInterest": 160,
      "optionCategory": "STANDARD",
      "optionRootSymbol": "L",
      "optionType": "PUT",
      "osiKey": "L-----231215P00045000",
      "quoteDetail": "https://api.etrade.com/v1/market/quote/L:2023:12:15:PUT:45.000000",
      "strikePrice": 45.0,
      "symbol": "L",
      "timeStamp": 1688403538,
      "volume": 0
    },
    {
      "OptionGreeks": {
        "currentValue": "true",
        "delta": -0.12729,
        "gamma": 0.02062,
        "iv": 0.25776,
        "rho": -0.03288,
        "theta": -0.00639,
        "vega": 0.08366
      },
      "adjustedFlag": "false",
      "ask": 0.85,
      "askSize": 74,
      "bid": 0.35,
      "bidSize": 76,
      "displaySymbol": "L Dec 15 '23 $50 Put",
      "inTheMoney": "n",
      "lastPrice": 0.42,
      "netChange": -0.34,
      "openInterest": 233,
      "optionCategory": "STANDARD",
      "optionRootSymbol": "L",
      "optionType": "PUT",
      "osiKey": "L-----231215P00050000",
      "quoteDetail": "https://api.etrade.com/v1/market/quote/L:2023:12:15:PUT:50.000000",
      "strikePrice": 50.0,
      "symbol": "L",
      "timeStamp": 1688403001,
      "volume": 15
    },
    {
      "OptionGreeks": {
        "currentValue": "true",
        "delta": -0.27617,
        "gamma": 0.03491,
        "iv": 0.2492,
        "rho": -0.06737,
        "theta": -0.01008,
        "vega": 0.13216
      },
      "adjustedFlag": "false",
      "ask": 2.65,
      "askSize": 73,
      "bid": 0.3,
      "bidSize": 140,
      "displaySymbol": "L Dec 15 '23 $55 Put",
      "inTheMoney": "n",
      "lastPrice": 1.55,
      "netChange": 0.0,
      "openInterest": 72,
      "optionCategory": "STANDARD",
      "optionRootSymbol": "L",
      "optionType": "PUT",
      "osiKey": "L-----231215P00055000",
      "quoteDetail": "https://api.etrade.com/v1/market/quote/L:2023:12:15:PUT:55.000000",
      "strikePrice": 55.0,
      "symbol": "L",
      "timeStamp": 1688403534,
      "volume": 0
    },
    {
      "OptionGreeks": {
        "currentValue": "true",
        "delta": -0.50903,
        "gamma": 0.07431,
        "iv": 0.15678,
        "rho": -0.094,
        "theta": -0.00836,
        "vega": 0.15335
      },
      "adjustedFlag": "false",
      "ask": 3.9,
      "askSize": 7,
      "bid": 1.0,
      "bidSize": 60,
      "displaySymbol": "L Dec 15 '23 $60 Put",
      "inTheMoney": "y",
      "lastPrice": 3.4,
      "netChange": 0.0,
      "openInterest": 47,
      "optionCategory": "STANDARD",
      "optionRootSymbol": "L",
      "optionType": "PUT",
      "osiKey": "L-----231215P00060000",
      "quoteDetail": "https://api.etrade.com/v1/market/quote/L:2023:12:15:PUT:60.000000",
      "strikePrice": 60.0,
      "symbol": "L",
      "timeStamp": 1688403560,
      "volume": 0
    },
    {
      "OptionGreeks": {
        "currentValue": "true",
        "delta": -0.89174,
        "gamma": 0.08171,
        "iv": 0.15144,
        "rho": -0.04712,
        "theta": -0.00801,
        "vega": 0.06994
      },
      "adjustedFlag": "false",
      "ask": 7.3,
      "askSize": 54,
      "bid": 5.3,
      "bidSize": 31,
      "displaySymbol": "L Dec 15 '23 $65 Put",
      "inTheMoney": "y",
      "lastPrice": 0.0,
      "netChange": 0.0,
      "openInterest": 0,
      "optionCategory": "STANDARD",
      "optionRootSymbol": "L",
      "optionType": "PUT",
      "osiKey": "L-----231215P00065000",
      "quoteDetail": "https://api.etrade.com/v1/market/quote/L:2023:12:15:PUT:65.000000",
      "strikePrice": 65.0,
      "symbol": "L",
      "timeStamp": 1688403599,
      "volume": 0
    },
    {
      "OptionGreeks": {
        "currentValue": "true",
        "delta": -0.99297,
        "gamma": 0.01032,
        "iv": 0.19015,
        "rho": 0.0,
        "theta": -0.00795,
        "vega": 0.0
      },
      "adjustedFlag": "false",
      "ask": 10.8,
      "askSize": 33,
      "bid": 9.2,
      "bidSize": 33,
      "displaySymbol": "L Dec 15 '23 $70 Put",
      "inTheMoney": "y",
      "lastPrice": 13.55,
      "netChange": 0.0,
      "openInterest": 0,
      "optionCategory": "STANDARD",
      "optionRootSymbol": "L",
      "optionType": "PUT",
      "osiKey": "L-----231215P00070000",
      "quoteDetail": "https://api.etrade.com/v1/market/quote/L:2023:12:15:PUT:70.000000",
      "strikePrice": 70.0,
      "symbol": "L",
      "timeStamp": 1688401524,
      "volume": 0
    },
    {
      "OptionGreeks": {
        "currentValue": "true",
        "delta": -0.9371,
        "gamma": 0.02942,
        "iv": 0.28572,
        "rho": -0.05561,
        "theta": -0.00908,
        "vega": 0.04441
      },
      "adjustedFlag": "false",
      "ask": 16.3,
      "askSize": 33,
      "bid": 14.5,
      "bidSize": 33,
      "displaySymbol": "L Dec 15 '23 $75 Put",
      "inTheMoney": "y",
      "lastPrice": 0.0,
      "netChange": 0.0,
      "openInterest": 0,
      "optionCategory": "STANDARD",
      "optionRootSymbol": "L",
      "optionType": "PUT",
      "osiKey": "L-----231215P00075000",
      "quoteDetail": "https://api.etrade.com/v1/market/quote/L:2023:12:15:PUT:75.000000",
      "strikePrice": 75.0,
      "symbol": "L",
      "timeStamp": 1688403585,
      "volume": 0
    },
    {
      "OptionGreeks": {
        "currentValue": "true",
        "delta": -0.90054,
        "gamma": 0.02119,
        "iv": 0.37513,
        "rho": -0.09229,
        "theta": -0.01106,
        "vega": 0.06572
      },
      "adjustedFlag": "false",
      "ask": 21.6,
      "askSize": 33,
      "bid": 19.4,
      "bidSize": 33,
      "displaySymbol": "L Dec 15 '23 $80 Put",
      "inTheMoney": "y",
      "lastPrice": 0.0,
      "netChange": 0.0,
      "openInterest": 0,
      "optionCategory": "STANDARD",
      "optionRootSymbol": "L",
      "optionType": "PUT",
      "osiKey": "L-----231215P00080000",
      "quoteDetail": "https://api.etrade.com/v1/market/quote/L:2023:12:15:PUT:80.000000",
      "strikePrice": 80.0,
      "symbol": "L",
      "timeStamp": 1688403530,
      "volume": 0
    },
    {
      "OptionGreeks": {
        "currentValue": "true",
        "delta": -1.0,
        "gamma": 0.0,
        "iv": 0.29126,
        "rho": -1e-05,
        "theta": -0.008,
        "vega": 0.0
      },
      "adjustedFlag": "false",
      "ask": 27.7,
      "askSize": 33,
      "bid": 23.0,
      "bidSize": 36,
      "displaySymbol": "L Dec 15 '23 $85 Put",
      "inTheMoney": "y",
      "lastPrice": 0.0,
      "netChange": 0.0,
      "openInterest": 0,
      "optionCategory": "STANDARD",
      "optionRootSymbol": "L",
      "optionType": "PUT",
      "osiKey": "L-----231215P00085000",
      "quoteDetail": "https://api.etrade.com/v1/market/quote/L:2023:12:15:PUT:85.000000",
      "strikePrice": 85.0,
      "symbol": "L",
      "timeStamp": 1688403599,
      "volume": 0
    },
    {
      "OptionGreeks": {
        "currentValue": "true",
        "delta": 0.99774,
        "gamma": 5e-05,
        "iv": 0.28964,
        "rho": 0.12927,
        "theta": 0.0,
        "vega": 0.00023
      },
      "adjustedFlag": "false",
      "ask": 32.0,
      "askSize": 33,
      "bid": 29.2,
      "bidSize": 33,
      "displaySymbol": "L Dec 15 '23 $30 Call",
      "inTheMoney": "y",
      "lastPrice": 0.0,
      "netChange": 0.0,
      "openInterest": 0,
      "optionCategory": "STANDARD",
      "optionRootSymbol": "L",
      "optionType": "CALL",
      "osiKey": "L-----231215C00030000",
      "quoteDetail": "https://api.etrade.com/v1/market/quote/L:2023:12:15:CALL:30.000000",
      "strikePrice": 30.0,
      "symbol": "L",
      "timeStamp": 1688402210,
      "volume": 0
    },
    {
      "OptionGreeks": {
        "currentValue": "true",
        "delta": 0.99596,
        "gamma": 0.00049,
        "iv": 0.28964,
        "rho": 0.15358,
        "theta": 0.0,
        "vega": 0.0025
      },
      "adjustedFlag": "false",
      "ask": 27.8,
      "askSize": 33,
      "bid": 24.4,
      "bidSize": 33,
      "displaySymbol": "L Dec 15 '23 $35 Call",
      "inTheMoney": "y",
      "lastPrice": 22.7,
      "netChange": 0.0,
      "openInterest": 3,
      "optionCategory": "STANDARD",
      "optionRootSymbol": "L",
      "optionType": "CALL",
      "osiKey": "L-----231215C00035000",
      "quoteDetail": "https://api.etrade.com/v1/market/quote/L:2023:12:15:CALL:35.000000",
      "strikePrice": 35.0,
      "symbol": "L",
      "timeStamp": 1688402205,
      "volume": 0
    },
    {
      "OptionGreeks": {
        "currentValue": "true",
        "delta": 0.98353,
        "gamma": 0.00313,
        "iv": 0.28964,
        "rho": 0.17229,
        "theta": 0.0,
        "vega": 0.01506
      },
      "adjustedFlag": "false",
      "ask": 22.4,
      "askSize": 34,
      "bid": 20.0,
      "bidSize": 34,
      "displaySymbol": "L Dec 15 '23 $40 Call",
      "inTheMoney": "y",
      "lastPrice": 20.75,
      "netChange": 0.0,
      "openInterest": 1,
      "optionCategory": "STANDARD",
      "optionRootSymbol": "L",
      "optionType": "CALL",
      "osiKey": "L-----231215C00040000",
      "quoteDetail": "https://api.etrade.com/v1/market/quote/L:2023:12:15:CALL:40.000000",
      "strikePrice": 40.0,
      "symbol": "L",
      "timeStamp": 1688400970,
      "volume": 0
    },
    {
      "OptionGreeks": {
        "currentValue": "true",
        "delta": 0.94539,
        "gamma": 0.00953,
        "iv": 0.28207,
        "rho": 0.18352,
        "theta": -0.0014,
        "vega": 0.04354
      },
      "adjustedFlag": "false",
      "ask": 17.8,
      "askSize": 33,
      "bid": 15.3,
      "bidSize": 33,
      "displaySymbol": "L Dec 15 '23 $45 Call",
      "inTheMoney": "y",
      "lastPrice": 0.0,
      "netChange": 0.0,
      "openInterest": 0,
      "optionCategory": "STANDARD",
      "optionRootSymbol": "L",
      "optionType": "CALL",
      "osiKey": "L-----231215C00045000",
      "quoteDetail": "https://api.etrade.com/v1/market/quote/L:2023:12:15:CALL:45.000000",
      "strikePrice": 45.0,
      "symbol": "L",
      "timeStamp": 1688402177,
      "volume": 0
    },
    {
      "OptionGreeks": {
        "currentValue": "true",
        "delta": 0.87331,
        "gamma": 0.02001,
        "iv": 0.25776,
        "rho": 0.18468,
        "theta": -0.00478,
        "vega": 0.08253
      },
      "adjustedFlag": "false",
      "ask": 12.7,
      "askSize": 33,
      "bid": 9.8,
      "bidSize": 36,
      "displaySymbol": "L Dec 15 '23 $50 Call",
      "inTheMoney": "y",
      "lastPrice": 10.05,
      "netChange": 0.0,
      "openInterest": 2,
      "optionCategory": "STANDARD",
      "optionRootSymbol": "L",
      "optionType": "CALL",
      "osiKey": "L-----231215C00050000",
      "quoteDetail": "https://api.etrade.com/v1/market/quote/L:2023:12:15:CALL:50.000000",
      "strikePrice": 50.0,
      "symbol": "L",
      "timeStamp": 1688403589,
      "volume": 0
    },
    {
      "OptionGreeks": {
        "currentValue": "true",
        "delta": 0.7307,
        "gamma": 0.03315,
        "iv": 0.2492,
        "rho": 0.16392,
        "theta": -0.00885,
        "vega": 0.13066
      },
      "adjustedFlag": "false",
      "ask": 8.4,
      "askSize": 46,
      "bid": 6.7,
      "bidSize": 68,
      "displaySymbol": "L Dec 15 '23 $55 Call",
      "inTheMoney": "y",
      "lastPrice": 0.0,
      "netChange": 0.0,
      "openInterest": 0,
      "optionCategory": "STANDARD",
      "optionRootSymbol": "L",
      "optionType": "CALL",
      "osiKey": "L-----231215C00055000",
      "quoteDetail": "https://api.etrade.com/v1/market/quote/L:2023:12:15:CALL:55.000000",
      "strikePrice": 55.0,
      "symbol": "L",
      "timeStamp": 1688403599,
      "volume": 0
    },
    {
      "OptionGreeks": {
        "currentValue": "true",
        "delta": 0.53226,
        "gamma": 0.06362,
        "iv": 0.15678,
        "rho": 0.13034,
        "theta": -0.00712,
        "vega": 0.1571
      },
      "adjustedFlag": "false",
      "ask": 4.1,
      "askSize": 7,
      "bid": 1.0,
      "bidSize": 190,
      "displaySymbol": "L Dec 15 '23 $60 Call",
      "inTheMoney": "n",
      "lastPrice": 3.0,
      "netChange": 0.0,
      "openInterest": 178,
      "optionCategory": "STANDARD",
      "optionRootSymbol": "L",
      "optionType": "CALL",
      "osiKey": "L-----231215C00060000",
      "quoteDetail": "https://api.etrade.com/v1/market/quote/L:2023:12:15:CALL:60.000000",
      "strikePrice": 60.0,
      "symbol": "L",
      "timeStamp": 1688403599,
      "volume": 0
    },
    {
      "OptionGreeks": {
        "currentValue": "true",
        "delta": 0.2422,
        "gamma": 0.05179,
        "iv": 0.15144,
        "rho": 0.0606,
        "theta": -0.00554,
        "vega": 0.12534
      },
      "adjustedFlag": "false",
      "ask": 1.5,
      "askSize": 6,
      "bid": 0.15,
      "bidSize": 184,
      "displaySymbol": "L Dec 15 '23 $65 Call",
      "inTheMoney": "n",
      "lastPrice": 0.8,
      "netChange": 0.0,
      "openInterest": 53,
      "optionCategory": "STANDARD",
      "optionRootSymbol": "L",
      "optionType": "CALL",
      "osiKey": "L-----231215C00065000",
      "quoteDetail": "https://api.etrade.com/v1/market/quote/L:2023:12:15:CALL:65.000000",
      "strikePrice": 65.0,
      "symbol": "L",
      "timeStamp": 1688403599,
      "volume": 0
    },
    {
      "OptionGreeks": {
        "currentValue": "true",
        "delta": 0.13362,
        "gamma": 0.02844,
        "iv": 0.19015,
        "rho": 0.03314,
        "theta": -0.0048,
        "vega": 0.08756
      },
      "adjustedFlag": "false",
      "ask": 1.15,
      "askSize": 20,
      "bid": 0.0,
      "bidSize": 0,
      "displaySymbol": "L Dec 15 '23 $70 Call",
      "inTheMoney": "n",
      "lastPrice": 0.5,
      "netChange": 0.0,
      "openInterest": 93,
      "optionCategory": "STANDARD",
      "optionRootSymbol": "L",
      "optionType": "CALL",
      "osiKey": "L-----231215C00070000",
      "quoteDetail": "https://api.etrade.com/v1/market/quote/L:2023:12:15:CALL:70.000000",
      "strikePrice": 70.0,
      "symbol": "L",
      "timeStamp": 1688403303,
      "volume": 0
    },
    {
      "OptionGreeks": {
        "currentValue": "true",
        "delta": 0.14888,
        "gamma": 0.02036,
        "iv": 0.28572,
        "rho": 0.03566,
        "theta": -0.00776,
        "vega": 0.09302
      },
      "adjustedFlag": "false",
      "ask": 4.8,
      "askSize": 176,
      "bid": 0.0,
      "bidSize": 0,
      "displaySymbol": "L Dec 15 '23 $75 Call",
      "inTheMoney": "n",
      "lastPrice": 0.8,
      "netChange": 0.0,
      "openInterest": 24,
      "optionCategory": "STANDARD",
      "optionRootSymbol": "L",
      "optionType": "CALL",
      "osiKey": "L-----231215C00075000",
      "quoteDetail": "https://api.etrade.com/v1/market/quote/L:2023:12:15:CALL:75.000000",
      "strikePrice": 75.0,
      "symbol": "L",
      "timeStamp": 1688403001,
      "volume": 0
    },
    {
      "OptionGreeks": {
        "currentValue": "true",
        "delta": 0.16055,
        "gamma": 0.01629,
        "iv": 0.37513,
        "rho": 0.03728,
        "theta": -0.01071,
        "vega": 0.09726
      },
      "adjustedFlag": "false",
      "ask": 2.5,
      "askSize": 124,
      "bid": 0.0,
      "bidSize": 0,
      "displaySymbol": "L Dec 15 '23 $80 Call",
      "inTheMoney": "n",
      "lastPrice": 0.0,
      "netChange": 0.0,
      "openInterest": 0,
      "optionCategory": "STANDARD",
      "optionRootSymbol": "L",
      "optionType": "CALL",
      "osiKey": "L-----231215C00080000",
      "quoteDetail": "https://api.etrade.com/v1/market/quote/L:2023:12:15:CALL:80.000000",
      "strikePrice": 80.0,
      "symbol": "L",
      "timeStamp": 1688403547,
      "volume": 0
    },
    {
      "OptionGreeks": {
        "currentValue": "true",
        "delta": 0.049,
        "gamma": 0.00873,
        "iv": 0.29126,
        "rho": 0.01184,
        "theta": -0.00342,
        "vega": 0.04151
      },
      "adjustedFlag": "false",
      "ask": 0.5,
      "askSize": 161,
      "bid": 0.0,
      "bidSize": 0,
      "displaySymbol": "L Dec 15 '23 $85 Call",
      "inTheMoney": "n",
      "lastPrice": 0.0,
      "netChange": 0.0,
      "openInterest": 0,
      "optionCategory": "STANDARD",
      "optionRootSymbol": "L",
      "optionType": "CALL",
      "osiKey": "L-----231215C00085000",
      "quoteDetail": "https://api.etrade.com/v1/market/quote/L:2023:12:15:CALL:85.000000",
      "strikePrice": 85.0,
      "symbol": "L",
      "timeStamp": 1688403334,
      "volume": 0
    }
  ],
  "quote": {
    "ExtendedHourQuoteDetail": {
      "ask": 60.98,
      "askSize": 100,
      "bid": 58.45,
      "bidSize": 100,
      "change": 0.34,
      "lastPrice": 59.72,
      "percentChange": 0.57,
      "quoteStatus": "EH_REALTIME",
      "timeOfLastTrade": 1688404709,
      "timeZone": "EST",
      "volume": 308961
    },
    "adjustedFlag": "false",
    "ahFlag": "true",
    "ask": 60.98,
    "askSize": 100,
    "askTime": "13:18:29 EDT 07-03-2023",
    "averageVolume": 946922,
    "beta": 0.88,
    "bid": 58.45,
    "bidExchange": null,
    "bidSize": 100,
    "bidTime": "13:18:29 EDT 07-03-2023",
    "cashDeliverable": 0,
    "changeClose": 0.34,
    "changeClosePercentage": 0.57,
    "companyName": "LOEWS CORP COM",
    "contractSize": 0.0,
    "dateTime": "13:18:29 EDT 07-03-2023",
    "dateTimeUTC": 1688404709,
    "daysToExpiration": 0,
    "declaredDividend": 0.0625,
    "dirLast": 0,
    "dividend": 0.0625,
    "dividendPayableDate": 1686076177,
    "eps": 4.4,
    "estEarnings": 2.95,
    "exDividendDate": 1684866577,
    "expirationDate": 0,
    "hasMiniOptions": "false",
    "high": 60.17,
    "high52": 63.24,
    "intrinsicValue": 0.0,
    "lastTrade": 59.72,
    "low": 59.2,
    "low52": 49.36,
    "marketCap": 13610068560.0,
    "nextEarningDate": null,
    "open": 59.2,
    "openInterest": 0,
    "optionMultiplier": 0.0,
    "optionStyle": null,
    "optionUnderlier": null,
    "pe": 13.4763,
    "previousClose": 59.38,
    "previousDayVolume": 619811,
    "primaryExchange": "NYSE",
    "quoteStatus": "CLOSING",
    "securityType": "EQ",
    "sharesOutstanding": 227898000,
    "symbol": "L",
    "symbolDescription": "LOEWS CORP COM",
    "timeOfLastTrade": 1688404200,
    "timePremium": 0.0,
    "totalVolume": 308961,
    "upc": 0,
    "week52HiDate": 1675970977,
    "week52LowDate": 1664216977,
    "yield": 0.421
  }
}