{
  "2023-07-21": [
    {
      "OptionGreeks": {
        "currentValue": "true",
        "delta": 0.0,
        "gamma": 0.0,
        "iv": 0.65192,
        "rho": 0.0,
        "theta": 0.0,
        "vega": 0.0
      },
      "adjustedFlag": "false",
      "ask": 0.05,
      "askSize": 30,
      "bid": 0.0,
      "bidSize": 0,
      "displaySymbol": "LICY Jul 21 '23 $1 Put",
      "inTheMoney": "n",
      "lastPrice": 0.0,
      "netChange": 0.0,
      "openInterest": 0,
      "optionCategory": "STANDARD",
      "optionRootSymbol": "LICY",
      "optionType": "PUT",
      "osiKey": "LICY--230721P00001000",
      "quoteDetail": "https://api.etrade.com/v1/market/quote/LICY:2023:7:21:PUT:1.000000",
      "strikePrice": 1.0,
      "symbol": "LICY",
      "timeStamp": 1688391891,
      "volume": 0
    },
    {
      "OptionGreeks": {
        "currentValue": "true",
        "delta": 0.0,
        "gamma": 0.0,
        "iv": 0.65192,
        "rho": 0.0,
        "theta": 0.0,
        "vega": 0.0
      },
      "adjustedFlag": "false",
      "ask": 4.8,
      "askSize": 270,
      "bid": 0.0,
      "bidSize": 0,
      "displaySymbol": "LICY Jul 21 '23 $2 Put",
      "inTheMoney": "n",
      "lastPrice": 0.0,
      "netChange": 0.0,
      "openInterest": 0,
      "optionCategory": "STANDARD",
      "optionRootSymbol": "LICY",
      "optionType": "PUT",
      "osiKey": "LICY--230721P00002000",
      "quoteDetail": "https://api.etrade.com/v1/market/quote/LICY:2023:7:21:PUT:2.000000",
      "strikePrice": 2.0,
      "symbol": "LICY",
      "timeStamp": 1688403013,
      "volume": 0
    },
    {
      "OptionGreeks": {
        "currentValue": "true",
        "delta": 0.0,
        "gamma": 2e-05,
        "iv": 0.65192,
        "rho": 0.0,
        "theta": 0.0,
        "vega": 0.0
      },
      "adjustedFlag": "false",
      "ask": 4.8,
      "askSize": 340,
      "bid": 0.0,
      "bidSize": 0,
      "displaySymbol": "LICY Jul 21 '23 $3 Put",
      "inTheMoney": "n",
      "lastPrice": 0.0,
      "netChange": 0.0,
      "openInterest": 0,
      "optionCategory": "STANDARD",
      "optionRootSymbol": "LICY",
      "optionType": "PUT",
      "osiKey": "LICY--230721P00003000",
      "quoteDetail": "https://api.etrade.com/v1/market/quote/LICY:2023:7:21:PUT:3.000000",
      "strikePrice": 3.0,
      "symbol": "LICY",
      "timeStamp": 1688403039,
      "volume": 0
    },
    {
      "OptionGreeks": {
        "currentValue": "true",
        "delta": -0.00628,
        "gamma": 0.02133,
        "iv": 0.65192,
        "rho": -2e-05,
        "theta": -0.00037,
        "vega": 0.00023
      },
      "adjustedFlag": "false",
      "ask": 0.1,
      "askSize": 3,
      "bid": 0.0,
      "bidSize": 0,
      "displaySymbol": "LICY Jul 21 '23 $4 Put",
      "inTheMoney": "n",
      "lastPrice": 0.05,
      "netChange": 0.0,
      "openInterest": 8,
      "optionCategory": "STANDARD",
      "optionRootSymbol": "LICY",
      "optionType": "PUT",
      "osiKey": "LICY--230721P00004000",
      "quoteDetail": "https://api.etrade.com/v1/market/quote/LICY:2023:7:21:PUT:4.000000",
      "strikePrice": 4.0,
      "symbol": "LICY",
      "timeStamp": 1688391032,
      "volume": 0
    },
    {
      "OptionGreeks": {
        "currentValue": "true",
        "delta": -0.16852,
        "gamma": 0.3038,
        "iv": 0.65192,
        "rho": -0.00048,
        "theta": -0.00572,
        "vega": 0.00319
      },
      "adjustedFlag": "false",
      "ask": 0.1,
      "askSize": 2,
      "bid": 0.05,
      "bidSize": 20,
      "displaySymbol": "LICY Jul 21 '23 $5 Put",
      "inTheMoney": "n",
      "lastPrice": 0.08,
      "netChange": -0.02,
      "openInterest": 376,
      "optionCategory": "STANDARD",
      "optionRootSymbol": "LICY",
      "optionType": "PUT",
      "osiKey": "LICY--230721P00005000",
      "quoteDetail": "https://api.etrade.com/v1/market/quote/LICY:2023:7:21:PUT:5.000000",
      "strikePrice": 5.0,
      "symbol": "LICY",
      "timeStamp": 1688397637,
      "volume": 2
    },
    {
      "OptionGreeks": {
        "currentValue": "true",
        "delta": -0.67466,
        "gamma": 0.60707,
        "iv": 0.46951,
        "rho": -0.00171,
        "theta": -0.00593,
        "vega": 0.00455
      },
      "adjustedFlag": "false",
      "ask": 0.5,
      "askSize": 30,
      "bid": 0.35,
      "bidSize": 637,
      "displaySymbol": "LICY Jul 21 '23 $6 Put",
      "inTheMoney": "y",
      "lastPrice": 0.5,
      "netChange": 0.0,
      "openInterest": 36,
      "optionCategory": "STANDARD",
      "optionRootSymbol": "LICY",
      "optionType": "PUT",
      "osiKey": "LICY--230721P00006000",
      "quoteDetail": "https://api.etrade.com/v1/market/quote/LICY:2023:7:21:PUT:6.000000",
      "strikePrice": 6.0,
      "symbol": "LICY",
      "timeStamp": 1688403599,
      "volume": 0
    },
    {
      "OptionGreeks": {
        "currentValue": "true",
        "delta": -0.97921,
        "gamma": 0.11551,
        "iv": 0.46951,
        "rho": -0.00095,
        "theta": -0.00089,
        "vega": 0.00062
      },
      "adjustedFlag": "false",
      "ask": 4.8,
      "askSize": 13,
      "bid": 1.15,
      "bidSize": 131,
      "displaySymbol": "LICY Jul 21 '23 $7 Put",
      "inTheMoney": "y",
      "lastPrice": 1.45,
      "netChange": 0.0,
      "openInterest": 3,
      "optionCategory": "STANDARD",
      "optionRootSymbol": "LICY",
      "optionType": "PUT",
      "osiKey": "LICY--230721P00007000",
      "quoteDetail": "https://api.etrade.com/v1/market/quote/LICY:2023:7:21:PUT:7.000000",
      "strikePrice": 7.0,
      "symbol": "LICY",
      "timeStamp": 1688403599,
      "volume": 0
    },
    {
      "OptionGreeks": {
        "currentValue": "true",
        "delta": -1.0,
        "gamma": 0.0,
        "iv": 0.46951,
        "rho": 0.0,
        "theta": -0.00031,
        "vega": 0.0
      },
      "adjustedFlag": "false",
      "ask": 4.4,
      "askSize": 13,
      "bid": 2.2,
      "bidSize": 13,
      "displaySymbol": "LICY Jul 21 '23 $8 Put",
      "inTheMoney": "y",
      "lastPrice": 0.0,
      "netChange": 0.0,
      "openInterest": 0,
      "optionCategory": "STANDARD",
      "optionRootSymbol": "LICY",
      "optionType": "PUT",
      "osiKey": "LICY--230721P00008000",
      "quoteDetail": "https://api.etrade.com/v1/market/quote/LICY:2023:7:21:PUT:8.000000",
      "strikePrice": 8.0,
      "symbol": "LICY",
      "timeStamp": 1688403599,
      "volume": 0
    },
    {
      "OptionGreeks": {
        "currentValue": "true",
        "delta": -1.0,
        "gamma": 0.0,
        "iv": 0.46951,
        "rho": 0.0,
        "theta": -0.00031,
        "vega": 0.0
      },
      "adjustedFlag": "false",
      "ask": 5.6,
      "askSize": 13,
      "bid": 3.1,
      "bidSize": 131,
      "displaySymbol": "LICY Jul 21 '23 $9 Put",
      "inTheMoney": "y",
      "lastPrice": 0.0,
      "netChange": 0.0,
      "openInterest": 0,
      "optionCategory": "STANDARD",
      "optionRootSymbol": "LICY",
      "optionType": "PUT",
      "osiKey": "LICY--230721P00009000",
      "quoteDetail": "https://api.etrade.com/v1/market/quote/LICY:2023:7:21:PUT:9.000000",
      "strikePrice": 9.0,
      "symbol": "LICY",
      "timeStamp": 1688403599,
      "volume": 0
    },
    {
      "OptionGreeks": {
        "currentValue": "true",
        "delta": 1.0,
        "gamma": 0.0,
        "iv": 0.65192,
        "rho": 0.0,
        "theta": 0.0,
        "vega": 0.0
      },
      "adjustedFlag": "false",
      "ask": 4.8,
      "askSize": 11,
      "bid": 4.6,
      "bidSize": 11,
      "displaySymbol": "LICY Jul 21 '23 $1 Call",
      "inTheMoney": "y",
      "lastPrice": 0.0,
      "netChange": 0.0,
      "openInterest": 0,
      "optionCategory": "STANDARD",
      "optionRootSymbol": "LICY",
      "optionType": "CALL",
      "osiKey": "LICY--230721C00001000",
      "quoteDetail": "https://api.etrade.com/v1/market/quote/LICY:2023:7:21:CALL:1.000000",
      "strikePrice": 1.0,
      "symbol": "LICY",
      "timeStamp": 1688403560,
      "volume": 0
    },
    {
      "OptionGreeks": {
        "currentValue": "true",
        "delta": 1.0,
        "gamma": 1e-05,
        "iv": 0.65192,
        "rho": 0.0,
        "theta": 0.0,
        "vega": 0.0
      },
      "adjustedFlag": "false",
      "ask": 3.8,
      "askSize": 11,
      "bid": 3.6,
      "bidSize": 11,
      "displaySymbol": "LICY Jul 21 '23 $2 Call",
      "inTheMoney": "y",
      "lastPrice": 0.0,
      "netChange": 0.0,
      "openInterest": 0,
      "optionCategory": "STANDARD",
      "optionRootSymbol": "LICY",
      "optionType": "CALL",
      "osiKey": "LICY--230721C00002000",
      "quoteDetail": "https://api.etrade.com/v1/market/quote/LICY:2023:7:21:CALL:2.000000",
      "strikePrice": 2.0,
      "symbol": "LICY",
      "timeStamp": 1688403560,
      "volume": 0
    },
    {
      "OptionGreeks": {
        "currentValue": "true",
        "delta": 1.0,
        "gamma": 1e-05,
        "iv": 0.65192,
        "rho": 0.0,
        "theta": 0.0,
        "vega": 0.0
      },
      "adjustedFlag": "false",
      "ask": 2.8,
      "askSize": 13,
      "bid": 2.65,
      "bidSize": 13,
      "displaySymbol": "LICY Jul 21 '23 $3 Call",
      "inTheMoney": "y",
      "lastPrice": 0.0,
      "netChange": 0.0,
      "openInterest": 0,
      "optionCategory": "STANDARD",
      "optionRootSymbol": "LICY",
      "optionType": "CALL",
      "osiKey": "LICY--230721C00003000",
      "quoteDetail": "https://api.etrade.com/v1/market/quote/LICY:2023:7:21:CALL:3.000000",
      "strikePrice": 3.0,
      "symbol": "LICY",
      "timeStamp": 1688403594,
      "volume": 0
    },
    {
      "OptionGreeks": {
        "currentValue": "true",
        "delta": 0.99227,
        "gamma": 0.0217,
        "iv": 0.65192,
        "rho": 0.00178,
        "theta": -0.00014,
        "vega": 0.00023
      },
      "adjustedFlag": "false",
      "ask": 1.9,
      "askSize": 80,
      "bid": 1.6,
      "bidSize": 115,
      "displaySymbol": "LICY Jul 21 '23 $4 Call",
      "inTheMoney": "y",
      "lastPrice": 1.85,
      "netChange": 0.0,
      "openInterest": 2,
      "optionCategory": "STANDARD",
      "optionRootSymbol": "LICY",
      "optionType": "CALL",
      "osiKey": "LICY--230721C00004000",
      "quoteDetail": "https://api.etrade.com/v1/market/quote/LICY:2023:7:21:CALL:4.000000",
      "strikePrice": 4.0,
      "symbol": "LICY",
      "timeStamp": 1688403599,
      "volume": 0
    },
    {
      "OptionGreeks": {
        "currentValue": "true",
        "delta": 0.83004,
        "gamma": 0.30342,
        "iv": 0.65192,
        "rho": 0.00194,
        "theta": -0.00562,
        "vega": 0.00319
      },
      "adjustedFlag": "false",
      "ask": 0.85,
      "askSize": 1,
      "bid": 0.75,
      "bidSize": 13,
      "displaySymbol": "LICY Jul 21 '23 $5 Call",
      "inTheMoney": "y",
      "lastPrice": 0.8,
      "netChange": 0.0,
      "openInterest": 216,
      "optionCategory": "STANDARD",
      "optionRootSymbol": "LICY",
      "optionType": "CALL",
      "osiKey": "LICY--230721C00005000",
      "quoteDetail": "https://api.etrade.com/v1/market/quote/LICY:2023:7:21:CALL:5.000000",
      "strikePrice": 5.0,
      "symbol": "LICY",
      "timeStamp": 1688403592,
      "volume": 0
    },
    {
      "OptionGreeks": {
        "currentValue": "true",
        "delta": 0.32575,
        "gamma": 0.60297,
        "iv": 0.46951,
        "rho": 0.00085,
        "theta": -0.00594,
        "vega": 0.00456
      },
      "adjustedFlag": "false",
      "ask": 0.15,
      "askSize": 50,
      "bid": 0.1,
      "bidSize": 15,
      "displaySymbol": "LICY Jul 21 '23 $6 Call",
      "inTheMoney": "n",
      "lastPrice": 0.13,
      "netChange": -0.02,
      "openInterest": 1130,
      "optionCategory": "STANDARD",
      "optionRootSymbol": "LICY",
      "optionType": "CALL",
      "osiKey": "LICY--230721C00006000",
      "quoteDetail": "https://api.etrade.com/v1/market/quote/LICY:2023:7:21:CALL:6.000000",
      "strikePrice": 6.0,
      "symbol": "LICY",
      "timeStamp": 1688400476,
      "volume": 14
    },
    {
      "OptionGreeks": {
        "currentValue": "true",
        "delta": 0.02737,
        "gamma": 0.10525,
        "iv": 0.46951,
        "rho": 7e-05,
        "theta": -0.00098,
        "vega": 0.00081
      },
      "adjustedFlag": "false",
      "ask": 0.05,
      "askSize": 2,
      "bid": 0.0,
      "bidSize": 0,
      "displaySymbol": "LICY Jul 21 '23 $7 Call",
      "inTheMoney": "n",
      "lastPrice": 0.04,
      "netChange": 0.0,
      "openInterest": 98,
      "optionCategory": "STANDARD",
      "optionRootSymbol": "LICY",
      "optionType": "CALL",
      "osiKey": "LICY--230721C00007000",
      "quoteDetail": "https://api.etrade.com/v1/market/quote/LICY:2023:7:21:CALL:7.000000",
      "strikePrice": 7.0,
      "symbol": "LICY",
      "timeStamp": 1688391032,
      "volume": 3
    },
    {
      "OptionGreeks": {
        "currentValue": "true",
        "delta": 0.00067,
        "gamma": 0.00386,
        "iv": 0.46951,
        "rho": 0.0,
        "theta": -3e-05,
        "vega": 3e-05
      },
      "adjustedFlag": "false",
      "ask": 0.15,
      "askSize": 908,
      "bid": 0.0,
      "bidSize": 0,
      "displaySymbol": "LICY Jul 21 '23 $8 Call",
      "inTheMoney": "n",
      "lastPrice": 0.0,
      "netChange": 0.0,
      "openInterest": 0,
      "optionCategory": "STANDARD",
      "optionRootSymbol": "LICY",
      "optionType": "CALL",
      "osiKey": "LICY--230721C00008000",
      "quoteDetail": "https://api.etrade.com/v1/market/quote/LICY:2023:7:21:CALL:8.000000",
      "strikePrice": 8.0,
      "symbol": "LICY",
      "timeStamp": 1688403002,
      "volume": 0
    },
    {
      "OptionGreeks": {
        "currentValue": "true",
        "delta": 1e-05,
        "gamma": 5e-05,
        "iv": 0.46951,
        "rho": 0.0,
        "theta": 0.0,
        "vega": 0.0
      },
      "adjustedFlag": "false",
      "ask": 0.1,
      "askSize": 1,
      "bid": 0.0,
      "bidSize": 0,
      "displaySymbol": "LICY Jul 21 '23 $9 Call",
      "inTheMoney": "n",
      "lastPrice": 0.0,
      "netChange": 0.0,
      "openInterest": 0,
      "optionCategory": "STANDARD",
      "optionRootSymbol": "LICY",
      "optionType": "CALL",
      "osiKey": "LICY--230721C00009000",
      "quoteDetail": "https://api.etrade.com/v1/market/quote/LICY:2023:7:21:CALL:9.000000",
      "strikePrice": 9.0,
      "symbol": "LICY",
      "timeStamp": 1688391017,
      "volume": 0
    }
  ],
  "2023-08-18": [
    {
      "OptionGreeks": {
        "currentValue": "true",
        "delta": 0.0,
        "gamma": 0.0,
        "iv": 0.70915,
        "rho": 0.0,
        "theta": 0.0,
        "vega": 0.0
      },
      "adjustedFlag": "false",
      "ask": 4.8,
      "askSize": 1,
      "bid": 0.0,
      "bidSize": 0,
      "displaySymbol": "LICY Aug 18 '23 $1 Put",
      "inTheMoney": "n",
      "lastPrice": 0.0,
      "netChange": 0.0,
      "openInterest": 0,
      "optionCategory": "STANDARD",
      "optionRootSymbol": "LICY",
      "optionType": "PUT",
      "osiKey": "LICY--230818P00001000",
      "quoteDetail": "https://api.etrade.com/v1/market/quote/LICY:2023:8:18:PUT:1.000000",
      "strikePrice": 1.0,
      "symbol": "LICY",
      "timeStamp": 1688391458,
      "volume": 0
    },
    {
      "OptionGreeks": {
        "currentValue": "true",
        "delta": -2e-05,
        "gamma": 5e-05,
        "iv": 0.70915,
        "rho": 0.0,
        "theta": 0.0,
        "vega": 0.0
      },
      "adjustedFlag": "false",
      "ask": 4.8,
      "askSize": 1,
      "bid": 0.0,
      "bidSize": 0,
      "displaySymbol": "LICY Aug 18 '23 $2 Put",
      "inTheMoney": "n",
      "lastPrice": 0.0,
      "netChange": 0.0,
      "openInterest": 0,
      "optionCategory": "STANDARD",
      "optionRootSymbol": "LICY",
      "optionType": "PUT",
      "osiKey": "LICY--230818P00002000",
      "quoteDetail": "https://api.etrade.com/v1/market/quote/LICY:2023:8:18:PUT:2.000000",
      "strikePrice": 2.0,
      "symbol": "LICY",
      "timeStamp": 1688391890,
      "volume": 0
    },
    {
      "OptionGreeks": {
        "currentValue": "true",
        "delta": -0.00557,
        "gamma": 0.011,
        "iv": 0.70915,
        "rho": -4e-05,
        "theta": -0.00024,
        "vega": 0.00032
      },
      "adjustedFlag": "false",
      "ask": 4.8,
      "askSize": 1,
      "bid": 0.0,
      "bidSize": 0,
      "displaySymbol": "LICY Aug 18 '23 $3 Put",
      "inTheMoney": "n",
      "lastPrice": 0.0,
      "netChange": 0.0,
      "openInterest": 0,
      "optionCategory": "STANDARD",
      "optionRootSymbol": "LICY",
      "optionType": "PUT",
      "osiKey": "LICY--230818P00003000",
      "quoteDetail": "https://api.etrade.com/v1/market/quote/LICY:2023:8:18:PUT:3.000000",
      "strikePrice": 3.0,
      "symbol": "LICY",
      "timeStamp": 1688391034,
      "volume": 0
    },
    {
      "OptionGreeks": {
        "currentValue": "true",
        "delta": -0.08006,
        "gamma": 0.10242,
        "iv": 0.70915,
        "rho": -0.00064,
        "theta": -0.00226,
        "vega": 0.00299
      },
      "adjustedFlag": "false",
      "ask": 4.8,
      "askSize": 1,
      "bid": 0.0,
      "bidSize": 0,
      "displaySymbol": "LICY Aug 18 '23 $4 Put",
      "inTheMoney": "n",
      "lastPrice": 0.05,
      "netChange": 0.0,
      "openInterest": 5,
      "optionCategory": "STANDARD",
      "optionRootSymbol": "LICY",
      "optionType": "PUT",
      "osiKey": "LICY--230818P00004000",
      "quoteDetail": "https://api.etrade.com/v1/market/quote/LICY:2023:8:18:PUT:4.000000",
      "strikePrice": 4.0,
      "symbol": "LICY",
      "timeStamp": 1688391034,
      "volume": 220
    },
    {
      "OptionGreeks": {
        "currentValue": "true",
        "delta": -0.29452,
        "gamma": 0.23761,
        "iv": 0.69988,
        "rho": -0.0025,
        "theta": -0.00514,
        "vega": 0.00682
      },
      "adjustedFlag": "false",
      "ask": 0.3,
      "askSize": 2,
      "bid": 0.1,
      "bidSize": 60,
      "displaySymbol": "LICY Aug 18 '23 $5 Put",
      "inTheMoney": "n",
      "lastPrice": 0.2,
      "netChange": -0.1,
      "openInterest": 190,
      "optionCategory": "STANDARD",
      "optionRootSymbol": "LICY",
      "optionType": "PUT",
      "osiKey": "LICY--230818P00005000",
      "quoteDetail": "https://api.etrade.com/v1/market/quote/LICY:2023:8:18:PUT:5.000000",
      "strikePrice": 5.0,
      "symbol": "LICY",
      "timeStamp": 1688403597,
      "volume": 10
    },
    {
      "OptionGreeks": {
        "currentValue": "true",
        "delta": -0.56262,
        "gamma": 0.2601,
        "iv": 0.70915,
        "rho": -0.00513,
        "theta": -0.00571,
        "vega": 0.00756
      },
      "adjustedFlag": "false",
      "ask": 5.0,
      "askSize": 60,
      "bid": 0.5,
      "bidSize": 707,
      "displaySymbol": "LICY Aug 18 '23 $6 Put",
      "inTheMoney": "y",
      "lastPrice": 0.0,
      "netChange": 0.0,
      "openInterest": 0,
      "optionCategory": "STANDARD",
      "optionRootSymbol": "LICY",
      "optionType": "PUT",
      "osiKey": "LICY--230818P00006000",
      "quoteDetail": "https://api.etrade.com/v1/market/quote/LICY:2023:8:18:PUT:6.000000",
      "strikePrice": 6.0,
      "symbol": "LICY",
      "timeStamp": 1688403599,
      "volume": 0
    },
    {
      "OptionGreeks": {
        "currentValue": "true",
        "delta": -0.76392,
        "gamma": 0.1893,
        "iv": 0.70915,
        "rho": -0.00756,
        "theta": -0.00398,
        "vega": 0.00551
      },
      "adjustedFlag": "false",
      "ask": 1.85,
      "askSize": 1,
      "bid": 1.25,
      "bidSize": 275,
      "displaySymbol": "LICY Aug 18 '23 $7 Put",
      "inTheMoney": "y",
      "lastPrice": 0.0,
      "netChange": 0.0,
      "openInterest": 0,
      "optionCategory": "STANDARD",
      "optionRootSymbol": "LICY",
      "optionType": "PUT",
      "osiKey": "LICY--230818P00007000",
      "quoteDetail": "https://api.etrade.com/v1/market/quote/LICY:2023:8:18:PUT:7.000000",
      "strikePrice": 7.0,
      "symbol": "LICY",
      "timeStamp": 1688403599,
      "volume": 0
    },
    {
      "OptionGreeks": {
        "currentValue": "true",
        "delta": -0.87605,
        "gamma": 0.1064,
        "iv": 0.70915,
        "rho": -0.0095,
        "theta": -0.00198,
        "vega": 0.0031
      },
      "adjustedFlag": "false",
      "ask": 5.0,
      "askSize": 31,
      "bid": 2.15,
      "bidSize": 100,
      "displaySymbol": "LICY Aug 18 '23 $8 Put",
      "inTheMoney": "y",
      "lastPrice": 0.0,
      "netChange": 0.0,
      "openInterest": 0,
      "optionCategory": "STANDARD",
      "optionRootSymbol": "LICY",
      "optionType": "PUT",
      "osiKey": "LICY--230818P00008000",
      "quoteDetail": "https://api.etrade.com/v1/market/quote/LICY:2023:8:18:PUT:8.000000",
      "strikePrice": 8.0,
      "symbol": "LICY",
      "timeStamp": 1688403599,
      "volume": 0
    },
    {
      "OptionGreeks": {
        "currentValue": "true",
        "delta": -0.92764,
        "gamma": 0.05064,
        "iv": 0.70915,
        "rho": -0.01109,
        "theta": -0.0006,
        "vega": 0.00148
      },
      "adjustedFlag": "false",
      "ask": 6.0,
      "askSize": 31,
      "bid": 2.9,
      "bidSize": 110,
      "displaySymbol": "LICY Aug 18 '23 $9 Put",
      "inTheMoney": "y",
      "lastPrice": 0.0,
      "netChange": 0.0,
      "openInterest": 0,
      "optionCategory": "STANDARD",
      "optionRootSymbol": "LICY",
      "optionType": "PUT",
      "osiKey": "LICY--230818P00009000",
      "quoteDetail": "https://api.etrade.com/v1/market/quote/LICY:2023:8:18:PUT:9.000000",
      "strikePrice": 9.0,
      "symbol": "LICY",
      "timeStamp": 1688403599,
      "volume": 0
    },
    {
      "OptionGreeks": {
        "currentValue": "true",
        "delta": -0.94862,
        "gamma": 0.0216,
        "iv": 0.70915,
        "rho": -0.01248,
        "theta": 0.0,
        "vega": 0.00063
      },
      "adjustedFlag": "false",
      "ask": 7.0,
      "askSize": 31,
      "bid": 4.1,
      "bidSize": 100,
      "displaySymbol": "LICY Aug 18 '23 $10 Put",
      "inTheMoney": "y",
      "lastPrice": 0.0,
      "netChange": 0.0,
      "openInterest": 0,
      "optionCategory": "STANDARD",
      "optionRootSymbol": "LICY",
      "optionType": "PUT",
      "osiKey": "LICY--230818P00010000",
      "quoteDetail": "https://api.etrade.com/v1/market/quote/LICY:2023:8:18:PUT:10.000000",
      "strikePrice": 10.0,
      "symbol": "LICY",
      "timeStamp": 1688403599,
      "volume": 0
    },
    {
      "OptionGreeks": {
        "currentValue": "true",
        "delta": -0.95648,
        "gamma": 0.00855,
        "iv": 0.70915,
        "rho": -0.01378,
        "theta": 0.0,
        "vega": 0.00025
      },
      "adjustedFlag": "false",
      "ask": 8.0,
      "askSize": 31,
      "bid": 5.1,
      "bidSize": 100,
      "displaySymbol": "LICY Aug 18 '23 $11 Put",
      "inTheMoney": "y",
      "lastPrice": 0.0,
      "netChange": 0.0,
      "openInterest": 0,
      "optionCategory": "STANDARD",
      "optionRootSymbol": "LICY",
      "optionType": "PUT",
      "osiKey": "LICY--230818P00011000",
      "quoteDetail": "https://api.etrade.com/v1/market/quote/LICY:2023:8:18:PUT:11.000000",
      "strikePrice": 11.0,
      "symbol": "LICY",
      "timeStamp": 1688403599,
      "volume": 0
    },
    {
      "OptionGreeks": {
        "currentValue": "true",
        "delta": 1.0,
        "gamma": 0.0,
        "iv": 0.70915,
        "rho": 0.0,
        "theta": -0.00412,
        "vega": 0.0
      },
      "adjustedFlag": "false",
      "ask": 4.9,
      "askSize": 60,
      "bid": 4.5,
      "bidSize": 110,
      "displaySymbol": "LICY Aug 18 '23 $1 Call",
      "inTheMoney": "y",
      "lastPrice": 0.0,
      "netChange": 0.0,
      "openInterest": 0,
      "optionCategory": "STANDARD",
      "optionRootSymbol": "LICY",
      "optionType": "CALL",
      "osiKey": "LICY--230818C00001000",
      "quoteDetail": "https://api.etrade.com/v1/market/quote/LICY:2023:8:18:CALL:1.000000",
      "strikePrice": 1.0,
      "symbol": "LICY",
      "timeStamp": 1688403589,
      "volume": 0
    },
    {
      "OptionGreeks": {
        "currentValue": "true",
        "delta": 1.0,
        "gamma": 0.0,
        "iv": 0.70915,
        "rho": 0.0,
        "theta": -0.00412,
        "vega": 0.0
      },
      "adjustedFlag": "false",
      "ask": 3.9,
      "askSize": 60,
      "bid": 3.5,
      "bidSize": 110,
      "displaySymbol": "LICY Aug 18 '23 $2 Call",
      "inTheMoney": "y",
      "lastPrice": 0.0,
      "netChange": 0.0,
      "openInterest": 0,
      "optionCategory": "STANDARD",
      "optionRootSymbol": "LICY",
      "optionType": "CALL",
      "osiKey": "LICY--230818C00002000",
      "quoteDetail": "https://api.etrade.com/v1/market/quote/LICY:2023:8:18:CALL:2.000000",
      "strikePrice": 2.0,
      "symbol": "LICY",
      "timeStamp": 1688403571,
      "volume": 0
    },
    {
      "OptionGreeks": {
        "currentValue": "true",
        "delta": 1.0,
        "gamma": 0.0,
        "iv": 0.70915,
        "rho": 0.0,
        "theta": -0.00412,
        "vega": 0.0
      },
      "adjustedFlag": "false",
      "ask": 2.9,
      "askSize": 61,
      "bid": 2.6,
      "bidSize": 100,
      "displaySymbol": "LICY Aug 18 '23 $3 Call",
      "inTheMoney": "y",
      "lastPrice": 0.0,
      "netChange": 0.0,
      "openInterest": 0,
      "optionCategory": "STANDARD",
      "optionRootSymbol": "LICY",
      "optionType": "CALL",
      "osiKey": "LICY--230818C00003000",
      "quoteDetail": "https://api.etrade.com/v1/market/quote/LICY:2023:8:18:CALL:3.000000",
      "strikePrice": 3.0,
      "symbol": "LICY",
      "timeStamp": 1688403599,
      "volume": 0
    },
    {
      "OptionGreeks": {
        "currentValue": "true",
        "delta": 0.99527,
        "gamma": 0.03777,
        "iv": 0.70915,
        "rho": 0.0,
        "theta": -0.00412,
        "vega": 0.0
      },
      "adjustedFlag": "false",
      "ask": 1.95,
      "askSize": 61,
      "bid": 1.65,
      "bidSize": 100,
      "displaySymbol": "LICY Aug 18 '23 $4 Call",
      "inTheMoney": "y",
      "lastPrice": 0.0,
      "netChange": 0.0,
      "openInterest": 0,
      "optionCategory": "STANDARD",
      "optionRootSymbol": "LICY",
      "optionType": "CALL",
      "osiKey": "LICY--230818C00004000",
      "quoteDetail": "https://api.etrade.com/v1/market/quote/LICY:2023:8:18:CALL:4.000000",
      "strikePrice": 4.0,
      "symbol": "LICY",
      "timeStamp": 1688403599,
      "volume": 0
    },
    {
      "OptionGreeks": {
        "currentValue": "true",
        "delta": 0.71903,
        "gamma": 0.28094,
        "iv": 0.70915,
        "rho": 0.00232,
        "theta": -0.00616,
        "vega": 0.00633
      },
      "adjustedFlag": "false",
      "ask": 1.15,
      "askSize": 196,
      "bid": 0.8,
      "bidSize": 581,
      "displaySymbol": "LICY Aug 18 '23 $5 Call",
      "inTheMoney": "y",
      "lastPrice": 0.76,
      "netChange": 0.0,
      "openInterest": 1,
      "optionCategory": "STANDARD",
      "optionRootSymbol": "LICY",
      "optionType": "CALL",
      "osiKey": "LICY--230818C00005000",
      "quoteDetail": "https://api.etrade.com/v1/market/quote/LICY:2023:8:18:CALL:5.000000",
      "strikePrice": 5.0,
      "symbol": "LICY",
      "timeStamp": 1688403599,
      "volume": 0
    },
    {
      "OptionGreeks": {
        "currentValue": "true",
        "delta": 0.41776,
        "gamma": 0.28166,
        "iv": 0.70915,
        "rho": 0.00198,
        "theta": -0.00625,
        "vega": 0.00765
      },
      "adjustedFlag": "false",
      "ask": 0.4,
      "askSize": 10,
      "bid": 0.35,
      "bidSize": 1,
      "displaySymbol": "LICY Aug 18 '23 $6 Call",
      "inTheMoney": "n",
      "lastPrice": 0.3,
      "netChange": 0.0,
      "openInterest": 36,
      "optionCategory": "STANDARD",
      "optionRootSymbol": "LICY",
      "optionType": "CALL",
      "osiKey": "LICY--230818C00006000",
      "quoteDetail": "https://api.etrade.com/v1/market/quote/LICY:2023:8:18:CALL:6.000000",
      "strikePrice": 6.0,
      "symbol": "LICY",
      "timeStamp": 1688400754,
      "volume": 2
    },
    {
      "OptionGreeks": {
        "currentValue": "true",
        "delta": 0.20348,
        "gamma": 0.19834,
        "iv": 0.70915,
        "rho": 0.00111,
        "theta": -0.00439,
        "vega": 0.00562
      },
      "adjustedFlag": "false",
      "ask": 0.15,
      "askSize": 44,
      "bid": 0.0,
      "bidSize": 0,
      "displaySymbol": "LICY Aug 18 '23 $7 Call",
      "inTheMoney": "n",
      "lastPrice": 0.11,
      "netChange": 0.01,
      "openInterest": 288,
      "optionCategory": "STANDARD",
      "optionRootSymbol": "LICY",
      "optionType": "CALL",
      "osiKey": "LICY--230818C00007000",
      "quoteDetail": "https://api.etrade.com/v1/market/quote/LICY:2023:8:18:CALL:7.000000",
      "strikePrice": 7.0,
      "symbol": "LICY",
      "timeStamp": 1688398986,
      "volume": 15
    },
    {
      "OptionGreeks": {
        "currentValue": "true",
        "delta": 0.08682,
        "gamma": 0.10986,
        "iv": 0.70915,
        "rho": 0.0005,
        "theta": -0.00241,
        "vega": 0.00317
      },
      "adjustedFlag": "false",
      "ask": 0.6,
      "askSize": 996,
      "bid": 0.0,
      "bidSize": 0,
      "displaySymbol": "LICY Aug 18 '23 $8 Call",
      "inTheMoney": "n",
      "lastPrice": 0.0,
      "netChange": 0.0,
      "openInterest": 0,
      "optionCategory": "STANDARD",
      "optionRootSymbol": "LICY",
      "optionType": "CALL",
      "osiKey": "LICY--230818C00008000",
      "quoteDetail": "https://api.etrade.com/v1/market/quote/LICY:2023:8:18:CALL:8.000000",
      "strikePrice": 8.0,
      "symbol": "LICY",
      "timeStamp": 1688403545,
      "volume": 0
    },
    {
      "OptionGreeks": {
        "currentValue": "true",
        "delta": 0.03374,
        "gamma": 0.05188,
        "iv": 0.70915,
        "rho": 0.0002,
        "theta": -0.00113,
        "vega": 0.00151
      },
      "adjustedFlag": "false",
      "ask": 0.5,
      "askSize": 1133,
      "bid": 0.0,
      "bidSize": 0,
      "displaySymbol": "LICY Aug 18 '23 $9 Call",
      "inTheMoney": "n",
      "lastPrice": 0.0,
      "netChange": 0.0,
      "openInterest": 0,
      "optionCategory": "STANDARD",
      "optionRootSymbol": "LICY",
      "optionType": "CALL",
      "osiKey": "LICY--230818C00009000",
      "quoteDetail": "https://api.etrade.com/v1/market/quote/LICY:2023:8:18:CALL:9.000000",
      "strikePrice": 9.0,
      "symbol": "LICY",
      "timeStamp": 1688403545,
      "volume": 0
    },
    {
      "OptionGreeks": {
        "currentValue": "true",
        "delta": 0.0123,
        "gamma": 0.02201,
        "iv": 0.70915,
        "rho": 8e-05,
        "theta": -0.00047,
        "vega": 0.00064
      },
      "adjustedFlag": "false",
      "ask": 0.4,
      "askSize": 1042,
      "bid": 0.0,
      "bidSize": 0,
      "displaySymbol": "LICY Aug 18 '23 $10 Call",
      "inTheMoney": "n",
      "lastPrice": 0.0,
      "netChange": 0.0,
      "openInterest": 0,
      "optionCategory": "STANDARD",
      "optionRootSymbol": "LICY",
      "optionType": "CALL",
      "osiKey": "LICY--230818C00010000",
      "quoteDetail": "https://api.etrade.com/v1/market/quote/LICY:2023:8:18:CALL:10.000000",
      "strikePrice": 10.0,
      "symbol": "LICY",
      "timeStamp": 1688403545,
      "volume": 0
    },
    {
      "OptionGreeks": {
        "currentValue": "true",
        "delta": 0.00429,
        "gamma": 0.00869,
        "iv": 0.70915,
        "rho": 3e-05,
        "theta": -0.00018,
        "vega": 0.00026
      },
      "adjustedFlag": "false",
      "ask": 0.35,
      "askSize": 991,
      "bid": 0.0,
      "bidSize": 0,
      "displaySymbol": "LICY Aug 18 '23 $11 Call",
      "inTheMoney": "n",
      "lastPrice": 0.0,
      "netChange": 0.0,
      "openInterest": 0,
      "optionCategory": "STANDARD",
      "optionRootSymbol": "LICY",
      "optionType": "CALL",
      "osiKey": "LICY--230818C00011000",
      "quoteDetail": "https://api.etrade.com/v1/market/quote/LICY:2023:8:18:CALL:11.000000",
      "strikePrice": 11.0,
      "symbol": "LICY",
      "timeStamp": 1688403545,
      "volume": 0
    }
  ],
  "2023-09-15": [
    {
      "OptionGreeks": {
        "currentValue": "true",
        "delta": 0.0,
        "gamma": 0.0,
        "iv": 0.53999,
        "rho": 0.0,
        "theta": 0.0,
        "vega": 0.0
      },
      "adjustedFlag": "false",
      "ask": 4.8,
      "askSize": 1,
      "bid": 0.0,
      "bidSize": 0,
      "displaySymbol": "LICY Sep 15 '23 $1 Put",
      "inTheMoney": "n",
      "lastPrice": 0.0,
      "netChange": 0.0,
      "openInterest": 0,
      "optionCategory": "STANDARD",
      "optionRootSymbol": "LICY",
      "optionType": "PUT",
      "osiKey": "LICY--230915P00001000",
      "quoteDetail": "https://api.etrade.com/v1/market/quote/LICY:2023:9:15:PUT:1.000000",
      "strikePrice": 1.0,
      "symbol": "LICY",
      "timeStamp": 1688391034,
      "volume": 0
    },
    {
      "OptionGreeks": {
        "currentValue": "true",
        "delta": -3e-05,
        "gamma": 0.0001,
        "iv": 0.53999,
        "rho": 0.0,
        "theta": 0.0,
        "vega": 0.0
      },
      "adjustedFlag": "false",
      "ask": 4.8,
      "askSize": 1,
      "bid": 0.0,
      "bidSize": 0,
      "displaySymbol": "LICY Sep 15 '23 $2 Put",
      "inTheMoney": "n",
      "lastPrice": 0.0,
      "netChange": 0.0,
      "openInterest": 0,
      "optionCategory": "STANDARD",
      "optionRootSymbol": "LICY",
      "optionType": "PUT",
      "osiKey": "LICY--230915P00002000",
      "quoteDetail": "https://api.etrade.com/v1/market/quote/LICY:2023:9:15:PUT:2.000000",
      "strikePrice": 2.0,
      "symbol": "LICY",
      "timeStamp": 1688391034,
      "volume": 0
    },
    {
      "OptionGreeks": {
        "currentValue": "true",
        "delta": -0.00989,
        "gamma": 0.0187,
        "iv": 0.53999,
        "rho": -0.00012,
        "theta": -0.00023,
        "vega": 0.00068
      },
      "adjustedFlag": "false",
      "ask": 1.95,
      "askSize": 10,
      "bid": 0.0,
      "bidSize": 0,
      "displaySymbol": "LICY Sep 15 '23 $3 Put",
      "inTheMoney": "n",
      "lastPrice": 0.0,
      "netChange": 0.0,
      "openInterest": 0,
      "optionCategory": "STANDARD",
      "optionRootSymbol": "LICY",
      "optionType": "PUT",
      "osiKey": "LICY--230915P00003000",
      "quoteDetail": "https://api.etrade.com/v1/market/quote/LICY:2023:9:15:PUT:3.000000",
      "strikePrice": 3.0,
      "symbol": "LICY",
      "timeStamp": 1688391011,
      "volume": 0
    },
    {
      "OptionGreeks": {
        "currentValue": "true",
        "delta": -0.11926,
        "gamma": 0.13821,
        "iv": 0.53999,
        "rho": -0.00155,
        "theta": -0.00177,
        "vega": 0.00494
      },
      "adjustedFlag": "false",
      "ask": 0.25,
      "askSize": 3,
      "bid": 0.0,
      "bidSize": 0,
      "displaySymbol": "LICY Sep 15 '23 $4 Put",
      "inTheMoney": "n",
      "lastPrice": 0.15,
      "netChange": 0.0,
      "openInterest": 652,
      "optionCategory": "STANDARD",
      "optionRootSymbol": "LICY",
      "optionType": "PUT",
      "osiKey": "LICY--230915P00004000",
      "quoteDetail": "https://api.etrade.com/v1/market/quote/LICY:2023:9:15:PUT:4.000000",
      "strikePrice": 4.0,
      "symbol": "LICY",
      "timeStamp": 1688403587,
      "volume": 0
    },
    {
      "OptionGreeks": {
        "currentValue": "true",
        "delta": -0.37485,
        "gamma": 0.24948,
        "iv": 0.53999,
        "rho": -0.00521,
        "theta": -0.00318,
        "vega": 0.00888
      },
      "adjustedFlag": "false",
      "ask": 0.5,
      "askSize": 91,
      "bid": 0.25,
      "bidSize": 10,
      "displaySymbol": "LICY Sep 15 '23 $5 Put",
      "inTheMoney": "n",
      "lastPrice": 0.4,
      "netChange": 0.0,
      "openInterest": 444,
      "optionCategory": "STANDARD",
      "optionRootSymbol": "LICY",
      "optionType": "PUT",
      "osiKey": "LICY--230915P00005000",
      "quoteDetail": "https://api.etrade.com/v1/market/quote/LICY:2023:9:15:PUT:5.000000",
      "strikePrice": 5.0,
      "symbol": "LICY",
      "timeStamp": 1688403599,
      "volume": 0
    },
    {
      "OptionGreeks": {
        "currentValue": "true",
        "delta": -0.6018,
        "gamma": 0.20408,
        "iv": 0.60208,
        "rho": -0.00927,
        "theta": -0.00313,
        "vega": 0.00811
      },
      "adjustedFlag": "false",
      "ask": 5.0,
      "askSize": 68,
      "bid": 0.55,
      "bidSize": 866,
      "displaySymbol": "LICY Sep 15 '23 $6 Put",
      "inTheMoney": "y",
      "lastPrice": 0.81,
      "netChange": 0.0,
      "openInterest": 14,
      "optionCategory": "STANDARD",
      "optionRootSymbol": "LICY",
      "optionType": "PUT",
      "osiKey": "LICY--230915P00006000",
      "quoteDetail": "https://api.etrade.com/v1/market/quote/LICY:2023:9:15:PUT:6.000000",
      "strikePrice": 6.0,
      "symbol": "LICY",
      "timeStamp": 1688403599,
      "volume": 0
    },
    {
      "OptionGreeks": {
        "currentValue": "true",
        "delta": -0.72836,
        "gamma": 0.13608,
        "iv": 0.65457,
        "rho": -0.01247,
        "theta": -0.00229,
        "vega": 0.00589
      },
      "adjustedFlag": "false",
      "ask": 5.0,
      "askSize": 60,
      "bid": 1.25,
      "bidSize": 981,
      "displaySymbol": "LICY Sep 15 '23 $7 Put",
      "inTheMoney": "y",
      "lastPrice": 3.35,
      "netChange": 0.0,
      "openInterest": 108,
      "optionCategory": "STANDARD",
      "optionRootSymbol": "LICY",
      "optionType": "PUT",
      "osiKey": "LICY--230915P00007000",
      "quoteDetail": "https://api.etrade.com/v1/market/quote/LICY:2023:9:15:PUT:7.000000",
      "strikePrice": 7.0,
      "symbol": "LICY",
      "timeStamp": 1688403599,
      "volume": 0
    },
    {
      "OptionGreeks": {
        "currentValue": "true",
        "delta": -0.79438,
        "gamma": 0.08736,
        "iv": 0.70004,
        "rho": -0.01511,
        "theta": -0.00146,
        "vega": 0.00405
      },
      "adjustedFlag": "false",
      "ask": 5.0,
      "askSize": 46,
      "bid": 2.05,
      "bidSize": 256,
      "displaySymbol": "LICY Sep 15 '23 $8 Put",
      "inTheMoney": "y",
      "lastPrice": 3.6,
      "netChange": 0.0,
      "openInterest": 8,
      "optionCategory": "STANDARD",
      "optionRootSymbol": "LICY",
      "optionType": "PUT",
      "osiKey": "LICY--230915P00008000",
      "quoteDetail": "https://api.etrade.com/v1/market/quote/LICY:2023:9:15:PUT:8.000000",
      "strikePrice": 8.0,
      "symbol": "LICY",
      "timeStamp": 1688403599,
      "volume": 0
    },
    {
      "OptionGreeks": {
        "currentValue": "true",
        "delta": -0.84034,
        "gamma": 0.0507,
        "iv": 0.70004,
        "rho": -0.01755,
        "theta": -0.00052,
        "vega": 0.00235
      },
      "adjustedFlag": "false",
      "ask": 6.0,
      "askSize": 31,
      "bid": 2.95,
      "bidSize": 110,
      "displaySymbol": "LICY Sep 15 '23 $9 Put",
      "inTheMoney": "y",
      "lastPrice": 3.66,
      "netChange": 0.0,
      "openInterest": 2,
      "optionCategory": "STANDARD",
      "optionRootSymbol": "LICY",
      "optionType": "PUT",
      "osiKey": "LICY--230915P00009000",
      "quoteDetail": "https://api.etrade.com/v1/market/quote/LICY:2023:9:15:PUT:9.000000",
      "strikePrice": 9.0,
      "symbol": "LICY",
      "timeStamp": 1688403599,
      "volume": 0
    },
    {
      "OptionGreeks": {
        "currentValue": "true",
        "delta": -0.86358,
        "gamma": 0.02765,
        "iv": 0.70004,
        "rho": -0.01977,
        "theta": 0.0,
        "vega": 0.00129
      },
      "adjustedFlag": "false",
      "ask": 7.0,
      "askSize": 31,
      "bid": 4.0,
      "bidSize": 110,
      "displaySymbol": "LICY Sep 15 '23 $10 Put",
      "inTheMoney": "y",
      "lastPrice": 0.0,
      "netChange": 0.0,
      "openInterest": 0,
      "optionCategory": "STANDARD",
      "optionRootSymbol": "LICY",
      "optionType": "PUT",
      "osiKey": "LICY--230915P00010000",
      "quoteDetail": "https://api.etrade.com/v1/market/quote/LICY:2023:9:15:PUT:10.000000",
      "strikePrice": 10.0,
      "symbol": "LICY",
      "timeStamp": 1688403599,
      "volume": 0
    },
    {
      "OptionGreeks": {
        "currentValue": "true",
        "delta": -0.87487,
        "gamma": 0.01448,
        "iv": 0.70004,
        "rho": -0.02187,
        "theta": 0.0,
        "vega": 0.00068
      },
      "adjustedFlag": "false",
      "ask": 8.0,
      "askSize": 31,
      "bid": 4.9,
      "bidSize": 110,
      "displaySymbol": "LICY Sep 15 '23 $11 Put",
      "inTheMoney": "y",
      "lastPrice": 0.0,
      "netChange": 0.0,
      "openInterest": 0,
      "optionCategory": "STANDARD",
      "optionRootSymbol": "LICY",
      "optionType": "PUT",
      "osiKey": "LICY--230915P00011000",
      "quoteDetail": "https://api.etrade.com/v1/market/quote/LICY:2023:9:15:PUT:11.000000",
      "strikePrice": 11.0,
      "symbol": "LICY",
      "timeStamp": 1688403599,
      "volume": 0
    },
    {
      "OptionGreeks": {
        "currentValue": "true",
        "delta": 1.0,
        "gamma": 0.0,
        "iv": 0.53999,
        "rho": 0.0,
        "theta": -0.00855,
        "vega": 0.0
      },
      "adjustedFlag": "false",
      "ask": 4.9,
      "askSize": 70,
      "bid": 4.5,
      "bidSize": 110,
      "displaySymbol": "LICY Sep 15 '23 $1 Call",
      "inTheMoney": "y",
      "lastPrice": 4.6,
      "netChange": 0.0,
      "openInterest": 0,
      "optionCategory": "STANDARD",
      "optionRootSymbol": "LICY",
      "optionType": "CALL",
      "osiKey": "LICY--230915C00001000",
      "quoteDetail": "https://api.etrade.com/v1/market/quote/LICY:2023:9:15:CALL:1.000000",
      "strikePrice": 1.0,
      "symbol": "LICY",
      "timeStamp": 1688403596,
      "volume": 0
    },
    {
      "OptionGreeks": {
        "currentValue": "true",
        "delta": 1.0,
        "gamma": 0.0,
        "iv": 0.53999,
        "rho": 0.0,
        "theta": -0.00855,
        "vega": 0.0
      },
      "adjustedFlag": "false",
      "ask": 3.9,
      "askSize": 70,
      "bid": 3.6,
      "bidSize": 100,
      "displaySymbol": "LICY Sep 15 '23 $2 Call",
      "inTheMoney": "y",
      "lastPrice": 0.0,
      "netChange": 0.0,
      "openInterest": 0,
      "optionCategory": "STANDARD",
      "optionRootSymbol": "LICY",
      "optionType": "CALL",
      "osiKey": "LICY--230915C00002000",
      "quoteDetail": "https://api.etrade.com/v1/market/quote/LICY:2023:9:15:CALL:2.000000",
      "strikePrice": 2.0,
      "symbol": "LICY",
      "timeStamp": 1688403599,
      "volume": 0
    },
    {
      "OptionGreeks": {
        "currentValue": "true",
        "delta": 1.0,
        "gamma": 0.0,
        "iv": 0.53999,
        "rho": 0.0,
        "theta": -0.00855,
        "vega": 0.0
      },
      "adjustedFlag": "false",
      "ask": 2.95,
      "askSize": 70,
      "bid": 2.6,
      "bidSize": 100,
      "displaySymbol": "LICY Sep 15 '23 $3 Call",
      "inTheMoney": "y",
      "lastPrice": 2.8,
      "netChange": 0.0,
      "openInterest": 10,
      "optionCategory": "STANDARD",
      "optionRootSymbol": "LICY",
      "optionType": "CALL",
      "osiKey": "LICY--230915C00003000",
      "quoteDetail": "https://api.etrade.com/v1/market/quote/LICY:2023:9:15:CALL:3.000000",
      "strikePrice": 3.0,
      "symbol": "LICY",
      "timeStamp": 1688403599,
      "volume": 0
    },
    {
      "OptionGreeks": {
        "currentValue": "true",
        "delta": 1.0,
        "gamma": 0.0,
        "iv": 0.53999,
        "rho": 0.0,
        "theta": -0.00855,
        "vega": 0.0
      },
      "adjustedFlag": "false",
      "ask": 2.0,
      "askSize": 155,
      "bid": 1.7,
      "bidSize": 230,
      "displaySymbol": "LICY Sep 15 '23 $4 Call",
      "inTheMoney": "y",
      "lastPrice": 1.5,
      "netChange": 0.0,
      "openInterest": 11,
      "optionCategory": "STANDARD",
      "optionRootSymbol": "LICY",
      "optionType": "CALL",
      "osiKey": "LICY--230915C00004000",
      "quoteDetail": "https://api.etrade.com/v1/market/quote/LICY:2023:9:15:CALL:4.000000",
      "strikePrice": 4.0,
      "symbol": "LICY",
      "timeStamp": 1688403559,
      "volume": 0
    },
    {
      "OptionGreeks": {
        "currentValue": "true",
        "delta": 0.67111,
        "gamma": 0.27983,
        "iv": 0.78218,
        "rho": 0.00242,
        "theta": -0.00746,
        "vega": 0.00757
      },
      "adjustedFlag": "false",
      "ask": 1.2,
      "askSize": 24,
      "bid": 0.9,
      "bidSize": 892,
      "displaySymbol": "LICY Sep 15 '23 $5 Call",
      "inTheMoney": "y",
      "lastPrice": 1.1,
      "netChange": 0.15,
      "openInterest": 878,
      "optionCategory": "STANDARD",
      "optionRootSymbol": "LICY",
      "optionType": "CALL",
      "osiKey": "LICY--230915C00005000",
      "quoteDetail": "https://api.etrade.com/v1/market/quote/LICY:2023:9:15:CALL:5.000000",
      "strikePrice": 5.0,
      "symbol": "LICY",
      "timeStamp": 1688403599,
      "volume": 1
    },
    {
      "OptionGreeks": {
        "currentValue": "true",
        "delta": 0.39096,
        "gamma": 0.24708,
        "iv": 0.71322,
        "rho": 0.00236,
        "theta": -0.00551,
        "vega": 0.00893
      },
      "adjustedFlag": "false",
      "ask": 0.7,
      "askSize": 582,
      "bid": 0.4,
      "bidSize": 814,
      "displaySymbol": "LICY Sep 15 '23 $6 Call",
      "inTheMoney": "n",
      "lastPrice": 0.5,
      "netChange": 0.0,
      "openInterest": 1076,
      "optionCategory": "STANDARD",
      "optionRootSymbol": "LICY",
      "optionType": "CALL",
      "osiKey": "LICY--230915C00006000",
      "quoteDetail": "https://api.etrade.com/v1/market/quote/LICY:2023:9:15:CALL:6.000000",
      "strikePrice": 6.0,
      "symbol": "LICY",
      "timeStamp": 1688403582,
      "volume": 0
    },
    {
      "OptionGreeks": {
        "currentValue": "true",
        "delta": 0.1823,
        "gamma": 0.16835,
        "iv": 0.65457,
        "rho": 0.00139,
        "theta": -0.00315,
        "vega": 0.0064
      },
      "adjustedFlag": "false",
      "ask": 0.3,
      "askSize": 1,
      "bid": 0.1,
      "bidSize": 1423,
      "displaySymbol": "LICY Sep 15 '23 $7 Call",
      "inTheMoney": "n",
      "lastPrice": 0.3,
      "netChange": 0.09,
      "openInterest": 438,
      "optionCategory": "STANDARD",
      "optionRootSymbol": "LICY",
      "optionType": "CALL",
      "osiKey": "LICY--230915C00007000",
      "quoteDetail": "https://api.etrade.com/v1/market/quote/LICY:2023:9:15:CALL:7.000000",
      "strikePrice": 7.0,
      "symbol": "LICY",
      "timeStamp": 1688403599,
      "volume": 91
    },
    {
      "OptionGreeks": {
        "currentValue": "true",
        "delta": 0.10123,
        "gamma": 0.10116,
        "iv": 0.70004,
        "rho": 0.00084,
        "theta": -0.00216,
        "vega": 0.00437
      },
      "adjustedFlag": "false",
      "ask": 0.1,
      "askSize": 1,
      "bid": 0.05,
      "bidSize": 5,
      "displaySymbol": "LICY Sep 15 '23 $8 Call",
      "inTheMoney": "n",
      "lastPrice": 0.1,
      "netChange": 0.0,
      "openInterest": 69,
      "optionCategory": "STANDARD",
      "optionRootSymbol": "LICY",
      "optionType": "CALL",
      "osiKey": "LICY--230915C00008000",
      "quoteDetail": "https://api.etrade.com/v1/market/quote/LICY:2023:9:15:CALL:8.000000",
      "strikePrice": 8.0,
      "symbol": "LICY",
      "timeStamp": 1688395027,
      "volume": 0
    },
    {
      "OptionGreeks": {
        "currentValue": "true",
        "delta": 0.04879,
        "gamma": 0.05677,
        "iv": 0.70004,
        "rho": 0.00043,
        "theta": -0.0012,
        "vega": 0.00253
      },
      "adjustedFlag": "false",
      "ask": 0.5,
      "askSize": 1126,
      "bid": 0.0,
      "bidSize": 0,
      "displaySymbol": "LICY Sep 15 '23 $9 Call",
      "inTheMoney": "n",
      "lastPrice": 0.11,
      "netChange": 0.0,
      "openInterest": 26,
      "optionCategory": "STANDARD",
      "optionRootSymbol": "LICY",
      "optionType": "CALL",
      "osiKey": "LICY--230915C00009000",
      "quoteDetail": "https://api.etrade.com/v1/market/quote/LICY:2023:9:15:CALL:9.000000",
      "strikePrice": 9.0,
      "symbol": "LICY",
      "timeStamp": 1688403008,
      "volume": 0
    },
    {
      "OptionGreeks": {
        "currentValue": "true",
        "delta": 0.02301,
        "gamma": 0.03032,
        "iv": 0.70004,
        "rho": 0.00021,
        "theta": -0.00064,
        "vega": 0.00136
      },
      "adjustedFlag": "false",
      "ask": 0.1,
      "askSize": 8,
      "bid": 0.0,
      "bidSize": 0,
      "displaySymbol": "LICY Sep 15 '23 $10 Call",
      "inTheMoney": "n",
      "lastPrice": 0.2,
      "netChange": 0.0,
      "openInterest": 43,
      "optionCategory": "STANDARD",
      "optionRootSymbol": "LICY",
      "optionType": "CALL",
      "osiKey": "LICY--230915C00010000",
      "quoteDetail": "https://api.etrade.com/v1/market/quote/LICY:2023:9:15:CALL:10.000000",
      "strikePrice": 10.0,
      "symbol": "LICY",
      "timeStamp": 1688402505,
      "volume": 0
    },
    {
      "OptionGreeks": {
        "currentValue": "true",
        "delta": 0.0107,
        "gamma": 0.01564,
        "iv": 0.70004,
        "rho": 0.0001,
        "theta": -0.00032,
        "vega": 0.00071
      },
      "adjustedFlag": "false",
      "ask": 0.6,
      "askSize": 1388,
      "bid": 0.0,
      "bidSize": 0,
      "displaySymbol": "LICY Sep 15 '23 $11 Call",
      "inTheMoney": "n",
      "lastPrice": 0.05,
      "netChange": 0.0,
      "openInterest": 4,
      "optionCategory": "STANDARD",
      "optionRootSymbol": "LICY",
      "optionType": "CALL",
      "osiKey": "LICY--230915C00011000",
      "quoteDetail": "https://api.etrade.com/v1/market/quote/LICY:2023:9:15:CALL:11.000000",
      "strikePrice": 11.0,
      "symbol": "LICY",
      "timeStamp": 1688403545,
      "volume": 0
    }
  ],
  "2023-12-15": [
    {
      "OptionGreeks": {
        "currentValue": "true",
        "delta": -1e-05,
        "gamma": 1e-05,
        "iv": 0.55518,
        "rho": 0.0,
        "theta": 0.0,
        "vega": 0.0
      },
      "adjustedFlag": "false",
      "ask": 4.8,
      "askSize": 1,
      "bid": 0.0,
      "bidSize": 0,
      "displaySymbol": "LICY Dec 15 '23 $1 Put",
      "inTheMoney": "n",
      "lastPrice": 0.0,
      "netChange": 0.0,
      "openInterest": 0,
      "optionCategory": "STANDARD",
      "optionRootSymbol": "LICY",
      "optionType": "PUT",
      "osiKey": "LICY--231215P00001000",
      "quoteDetail": "https://api.etrade.com/v1/market/quote/LICY:2023:12:15:PUT:1.000000",
      "strikePrice": 1.0,
      "symbol": "LICY",
      "timeStamp": 1688397733,
      "volume": 0
    },
    {
      "OptionGreeks": {
        "currentValue": "true",
        "delta": -0.00627,
        "gamma": 0.00807,
        "iv": 0.55518,
        "rho": -0.00018,
        "theta": -0.00011,
        "vega": 0.00067
      },
      "adjustedFlag": "false",
      "ask": 4.8,
      "askSize": 1,
      "bid": 0.0,
      "bidSize": 0,
      "displaySymbol": "LICY Dec 15 '23 $2 Put",
      "inTheMoney": "n",
      "lastPrice": 0.0,
      "netChange": 0.0,
      "openInterest": 0,
      "optionCategory": "STANDARD",
      "optionRootSymbol": "LICY",
      "optionType": "PUT",
      "osiKey": "LICY--231215P00002000",
      "quoteDetail": "https://api.etrade.com/v1/market/quote/LICY:2023:12:15:PUT:2.000000",
      "strikePrice": 2.0,
      "symbol": "LICY",
      "timeStamp": 1688391890,
      "volume": 0
    },
    {
      "OptionGreeks": {
        "currentValue": "true",
        "delta": -0.0728,
        "gamma": 0.06128,
        "iv": 0.55518,
        "rho": -0.00224,
        "theta": -0.00082,
        "vega": 0.00502
      },
      "adjustedFlag": "false",
      "ask": 4.8,
      "askSize": 1,
      "bid": 0.0,
      "bidSize": 0,
      "displaySymbol": "LICY Dec 15 '23 $3 Put",
      "inTheMoney": "n",
      "lastPrice": 0.2,
      "netChange": 0.0,
      "openInterest": 1,
      "optionCategory": "STANDARD",
      "optionRootSymbol": "LICY",
      "optionType": "PUT",
      "osiKey": "LICY--231215P00003000",
      "quoteDetail": "https://api.etrade.com/v1/market/quote/LICY:2023:12:15:PUT:3.000000",
      "strikePrice": 3.0,
      "symbol": "LICY",
      "timeStamp": 1688391063,
      "volume": 0
    },
    {
      "OptionGreeks": {
        "currentValue": "true",
        "delta": -0.22681,
        "gamma": 0.12624,
        "iv": 0.55518,
        "rho": -0.00752,
        "theta": -0.00168,
        "vega": 0.0103
      },
      "adjustedFlag": "false",
      "ask": 0.4,
      "askSize": 51,
      "bid": 0.1,
      "bidSize": 10,
      "displaySymbol": "LICY Dec 15 '23 $4 Put",
      "inTheMoney": "n",
      "lastPrice": 0.35,
      "netChange": 0.0,
      "openInterest": 410,
      "optionCategory": "STANDARD",
      "optionRootSymbol": "LICY",
      "optionType": "PUT",
      "osiKey": "LICY--231215P00004000",
      "quoteDetail": "https://api.etrade.com/v1/market/quote/LICY:2023:12:15:PUT:4.000000",
      "strikePrice": 4.0,
      "symbol": "LICY",
      "timeStamp": 1688403577,
      "volume": 0
    },
    {
      "OptionGreeks": {
        "currentValue": "true",
        "delta": -0.36154,
        "gamma": 0.10521,
        "iv": 0.77461,
        "rho": -0.01464,
        "theta": -0.00265,
        "vega": 0.01198
      },
      "adjustedFlag": "false",
      "ask": 5.0,
      "askSize": 74,
      "bid": 0.4,
      "bidSize": 724,
      "displaySymbol": "LICY Dec 15 '23 $5 Put",
      "inTheMoney": "n",
      "lastPrice": 0.7,
      "netChange": 0.0,
      "openInterest": 1,
      "optionCategory": "STANDARD",
      "optionRootSymbol": "LICY",
      "optionType": "PUT",
      "osiKey": "LICY--231215P00005000",
      "quoteDetail": "https://api.etrade.com/v1/market/quote/LICY:2023:12:15:PUT:5.000000",
      "strikePrice": 5.0,
      "symbol": "LICY",
      "timeStamp": 1688403599,
      "volume": 0
    },
    {
      "OptionGreeks": {
        "currentValue": "true",
        "delta": -0.42166,
        "gamma": 0.0855,
        "iv": 0.95389,
        "rho": -0.02038,
        "theta": -0.00318,
        "vega": 0.012
      },
      "adjustedFlag": "false",
      "ask": 1.2,
      "askSize": 51,
      "bid": 0.85,
      "bidSize": 643,
      "displaySymbol": "LICY Dec 15 '23 $6 Put",
      "inTheMoney": "y",
      "lastPrice": 1.45,
      "netChange": 0.0,
      "openInterest": 3,
      "optionCategory": "STANDARD",
      "optionRootSymbol": "LICY",
      "optionType": "PUT",
      "osiKey": "LICY--231215P00006000",
      "quoteDetail": "https://api.etrade.com/v1/market/quote/LICY:2023:12:15:PUT:6.000000",
      "strikePrice": 6.0,
      "symbol": "LICY",
      "timeStamp": 1688403599,
      "volume": 0
    },
    {
      "OptionGreeks": {
        "currentValue": "true",
        "delta": -0.5144,
        "gamma": 0.0849,
        "iv": 0.89305,
        "rho": -0.02602,
        "theta": -0.00262,
        "vega": 0.01116
      },
      "adjustedFlag": "false",
      "ask": 5.0,
      "askSize": 60,
      "bid": 1.55,
      "bidSize": 520,
      "displaySymbol": "LICY Dec 15 '23 $7 Put",
      "inTheMoney": "y",
      "lastPrice": 0.0,
      "netChange": 0.0,
      "openInterest": 0,
      "optionCategory": "STANDARD",
      "optionRootSymbol": "LICY",
      "optionType": "PUT",
      "osiKey": "LICY--231215P00007000",
      "quoteDetail": "https://api.etrade.com/v1/market/quote/LICY:2023:12:15:PUT:7.000000",
      "strikePrice": 7.0,
      "symbol": "LICY",
      "timeStamp": 1688403599,
      "volume": 0
    },
    {
      "OptionGreeks": {
        "currentValue": "true",
        "delta": -0.59718,
        "gamma": 0.07693,
        "iv": 0.83464,
        "rho": -0.03173,
        "theta": -0.00186,
        "vega": 0.00945
      },
      "adjustedFlag": "false",
      "ask": 5.0,
      "askSize": 46,
      "bid": 2.35,
      "bidSize": 462,
      "displaySymbol": "LICY Dec 15 '23 $8 Put",
      "inTheMoney": "y",
      "lastPrice": 0.0,
      "netChange": 0.0,
      "openInterest": 0,
      "optionCategory": "STANDARD",
      "optionRootSymbol": "LICY",
      "optionType": "PUT",
      "osiKey": "LICY--231215P00008000",
      "quoteDetail": "https://api.etrade.com/v1/market/quote/LICY:2023:12:15:PUT:8.000000",
      "strikePrice": 8.0,
      "symbol": "LICY",
      "timeStamp": 1688403599,
      "volume": 0
    },
    {
      "OptionGreeks": {
        "currentValue": "true",
        "delta": -0.67808,
        "gamma": 0.0614,
        "iv": 0.74615,
        "rho": -0.03756,
        "theta": -0.00087,
        "vega": 0.00675
      },
      "adjustedFlag": "false",
      "ask": 6.0,
      "askSize": 35,
      "bid": 3.2,
      "bidSize": 235,
      "displaySymbol": "LICY Dec 15 '23 $9 Put",
      "inTheMoney": "y",
      "lastPrice": 0.0,
      "netChange": 0.0,
      "openInterest": 0,
      "optionCategory": "STANDARD",
      "optionRootSymbol": "LICY",
      "optionType": "PUT",
      "osiKey": "LICY--231215P00009000",
      "quoteDetail": "https://api.etrade.com/v1/market/quote/LICY:2023:12:15:PUT:9.000000",
      "strikePrice": 9.0,
      "symbol": "LICY",
      "timeStamp": 1688403599,
      "volume": 0
    },
    {
      "OptionGreeks": {
        "currentValue": "true",
        "delta": -0.71101,
        "gamma": 0.04792,
        "iv": 0.74615,
        "rho": -0.04262,
        "theta": -0.0004,
        "vega": 0.00527
      },
      "adjustedFlag": "false",
      "ask": 7.0,
      "askSize": 31,
      "bid": 4.1,
      "bidSize": 225,
      "displaySymbol": "LICY Dec 15 '23 $10 Put",
      "inTheMoney": "y",
      "lastPrice": 0.0,
      "netChange": 0.0,
      "openInterest": 0,
      "optionCategory": "STANDARD",
      "optionRootSymbol": "LICY",
      "optionType": "PUT",
      "osiKey": "LICY--231215P00010000",
      "quoteDetail": "https://api.etrade.com/v1/market/quote/LICY:2023:12:15:PUT:10.000000",
      "strikePrice": 10.0,
      "symbol": "LICY",
      "timeStamp": 1688403599,
      "volume": 0
    },
    {
      "OptionGreeks": {
        "currentValue": "true",
        "delta": 1.0,
        "gamma": 0.0,
        "iv": 0.55518,
        "rho": 0.0,
        "theta": -0.00728,
        "vega": 0.0
      },
      "adjustedFlag": "false",
      "ask": 5.0,
      "askSize": 60,
      "bid": 4.5,
      "bidSize": 110,
      "displaySymbol": "LICY Dec 15 '23 $1 Call",
      "inTheMoney": "y",
      "lastPrice": 0.0,
      "netChange": 0.0,
      "openInterest": 0,
      "optionCategory": "STANDARD",
      "optionRootSymbol": "LICY",
      "optionType": "CALL",
      "osiKey": "LICY--231215C00001000",
      "quoteDetail": "https://api.etrade.com/v1/market/quote/LICY:2023:12:15:CALL:1.000000",
      "strikePrice": 1.0,
      "symbol": "LICY",
      "timeStamp": 1688403581,
      "volume": 0
    },
    {
      "OptionGreeks": {
        "currentValue": "true",
        "delta": 1.0,
        "gamma": 0.0,
        "iv": 0.55518,
        "rho": 0.0,
        "theta": -0.00728,
        "vega": 0.0
      },
      "adjustedFlag": "false",
      "ask": 4.0,
      "askSize": 60,
      "bid": 3.6,
      "bidSize": 100,
      "displaySymbol": "LICY Dec 15 '23 $2 Call",
      "inTheMoney": "y",
      "lastPrice": 0.0,
      "netChange": 0.0,
      "openInterest": 0,
      "optionCategory": "STANDARD",
      "optionRootSymbol": "LICY",
      "optionType": "CALL",
      "osiKey": "LICY--231215C00002000",
      "quoteDetail": "https://api.etrade.com/v1/market/quote/LICY:2023:12:15:CALL:2.000000",
      "strikePrice": 2.0,
      "symbol": "LICY",
      "timeStamp": 1688403578,
      "volume": 0
    },
    {
      "OptionGreeks": {
        "currentValue": "true",
        "delta": 1.0,
        "gamma": 0.0,
        "iv": 0.55518,
        "rho": 0.0,
        "theta": -0.00728,
        "vega": 0.0
      },
      "adjustedFlag": "false",
      "ask": 3.1,
      "askSize": 76,
      "bid": 2.7,
      "bidSize": 90,
      "displaySymbol": "LICY Dec 15 '23 $3 Call",
      "inTheMoney": "y",
      "lastPrice": 0.0,
      "netChange": 0.0,
      "openInterest": 0,
      "optionCategory": "STANDARD",
      "optionRootSymbol": "LICY",
      "optionType": "CALL",
      "osiKey": "LICY--231215C00003000",
      "quoteDetail": "https://api.etrade.com/v1/market/quote/LICY:2023:12:15:CALL:3.000000",
      "strikePrice": 3.0,
      "symbol": "LICY",
      "timeStamp": 1688403599,
      "volume": 0
    },
    {
      "OptionGreeks": {
        "currentValue": "true",
        "delta": 0.7962,
        "gamma": 0.15131,
        "iv": 1.01023,
        "rho": 0.00339,
        "theta": -0.00657,
        "vega": 0.0077
      },
      "adjustedFlag": "false",
      "ask": 2.25,
      "askSize": 180,
      "bid": 1.85,
      "bidSize": 209,
      "displaySymbol": "LICY Dec 15 '23 $4 Call",
      "inTheMoney": "y",
      "lastPrice": 1.42,
      "netChange": 0.0,
      "openInterest": 24,
      "optionCategory": "STANDARD",
      "optionRootSymbol": "LICY",
      "optionType": "CALL",
      "osiKey": "LICY--231215C00004000",
      "quoteDetail": "https://api.etrade.com/v1/market/quote/LICY:2023:12:15:CALL:4.000000",
      "strikePrice": 4.0,
      "symbol": "LICY",
      "timeStamp": 1688403599,
      "volume": 0
    },
    {
      "OptionGreeks": {
        "currentValue": "true",
        "delta": 0.61417,
        "gamma": 0.15809,
        "iv": 0.91789,
        "rho": 0.00462,
        "theta": -0.00573,
        "vega": 0.01157
      },
      "adjustedFlag": "false",
      "ask": 1.55,
      "askSize": 279,
      "bid": 1.2,
      "bidSize": 519,
      "displaySymbol": "LICY Dec 15 '23 $5 Call",
      "inTheMoney": "y",
      "lastPrice": 1.17,
      "netChange": 0.0,
      "openInterest": 6,
      "optionCategory": "STANDARD",
      "optionRootSymbol": "LICY",
      "optionType": "CALL",
      "osiKey": "LICY--231215C00005000",
      "quoteDetail": "https://api.etrade.com/v1/market/quote/LICY:2023:12:15:CALL:5.000000",
      "strikePrice": 5.0,
      "symbol": "LICY",
      "timeStamp": 1688403599,
      "volume": 0
    },
    {
      "OptionGreeks": {
        "currentValue": "true",
        "delta": 0.46817,
        "gamma": 0.13002,
        "iv": 0.95389,
        "rho": 0.0048,
        "theta": -0.00512,
        "vega": 0.01285
      },
      "adjustedFlag": "false",
      "ask": 1.05,
      "askSize": 445,
      "bid": 0.7,
      "bidSize": 553,
      "displaySymbol": "LICY Dec 15 '23 $6 Call",
      "inTheMoney": "n",
      "lastPrice": 0.75,
      "netChange": 0.0,
      "openInterest": 304,
      "optionCategory": "STANDARD",
      "optionRootSymbol": "LICY",
      "optionType": "CALL",
      "osiKey": "LICY--231215C00006000",
      "quoteDetail": "https://api.etrade.com/v1/market/quote/LICY:2023:12:15:CALL:6.000000",
      "strikePrice": 6.0,
      "symbol": "LICY",
      "timeStamp": 1688403599,
      "volume": 0
    },
    {
      "OptionGreeks": {
        "currentValue": "true",
        "delta": 0.34092,
        "gamma": 0.11935,
        "iv": 0.89305,
        "rho": 0.0042,
        "theta": -0.00413,
        "vega": 0.01227
      },
      "adjustedFlag": "false",
      "ask": 0.6,
      "askSize": 2,
      "bid": 0.5,
      "bidSize": 16,
      "displaySymbol": "LICY Dec 15 '23 $7 Call",
      "inTheMoney": "n",
      "lastPrice": 0.52,
      "netChange": -0.13,
      "openInterest": 249,
      "optionCategory": "STANDARD",
      "optionRootSymbol": "LICY",
      "optionType": "CALL",
      "osiKey": "LICY--231215C00007000",
      "quoteDetail": "https://api.etrade.com/v1/market/quote/LICY:2023:12:15:CALL:7.000000",
      "strikePrice": 7.0,
      "symbol": "LICY",
      "timeStamp": 1688403210,
      "volume": 31
    },
    {
      "OptionGreeks": {
        "currentValue": "true",
        "delta": 0.23327,
        "gamma": 0.1022,
        "iv": 0.83464,
        "rho": 0.00331,
        "theta": -0.00309,
        "vega": 0.01055
      },
      "adjustedFlag": "false",
      "ask": 0.45,
      "askSize": 3,
      "bid": 0.2,
      "bidSize": 659,
      "displaySymbol": "LICY Dec 15 '23 $8 Call",
      "inTheMoney": "n",
      "lastPrice": 0.3,
      "netChange": 0.0,
      "openInterest": 110,
      "optionCategory": "STANDARD",
      "optionRootSymbol": "LICY",
      "optionType": "CALL",
      "osiKey": "LICY--231215C00008000",
      "quoteDetail": "https://api.etrade.com/v1/market/quote/LICY:2023:12:15:CALL:8.000000",
      "strikePrice": 8.0,
      "symbol": "LICY",
      "timeStamp": 1688403599,
      "volume": 0
    },
    {
      "OptionGreeks": {
        "currentValue": "true",
        "delta": 0.13339,
        "gamma": 0.07842,
        "iv": 0.74615,
        "rho": 0.00214,
        "theta": -0.00189,
        "vega": 0.0076
      },
      "adjustedFlag": "false",
      "ask": 0.25,
      "askSize": 2,
      "bid": 0.05,
      "bidSize": 872,
      "displaySymbol": "LICY Dec 15 '23 $9 Call",
      "inTheMoney": "n",
      "lastPrice": 0.15,
      "netChange": 0.0,
      "openInterest": 70,
      "optionCategory": "STANDARD",
      "optionRootSymbol": "LICY",
      "optionType": "CALL",
      "osiKey": "LICY--231215C00009000",
      "quoteDetail": "https://api.etrade.com/v1/market/quote/LICY:2023:12:15:CALL:9.000000",
      "strikePrice": 9.0,
      "symbol": "LICY",
      "timeStamp": 1688403598,
      "volume": 0
    },
    {
      "OptionGreeks": {
        "currentValue": "true",
        "delta": 0.09194,
        "gamma": 0.05896,
        "iv": 0.74615,
        "rho": 0.00155,
        "theta": -0.00142,
        "vega": 0.00594
      },
      "adjustedFlag": "false",
      "ask": 0.35,
      "askSize": 347,
      "bid": 0.0,
      "bidSize": 0,
      "displaySymbol": "LICY Dec 15 '23 $10 Call",
      "inTheMoney": "n",
      "lastPrice": 0.11,
      "netChange": 0.01,
      "openInterest": 37,
      "optionCategory": "STANDARD",
      "optionRootSymbol": "LICY",
      "optionType": "CALL",
      "osiKey": "LICY--231215C00010000",
      "quoteDetail": "https://api.etrade.com/v1/market/quote/LICY:2023:12:15:CALL:10.000000",
      "strikePrice": 10.0,
      "symbol": "LICY",
      "timeStamp": 1688403569,
      "volume": 3
    }
  ],
  "2024-01-19": [
    {
      "OptionGreeks": {
        "currentValue": "true",
        "delta": -0.00033,
        "gamma": 0.00042,
        "iv": 0.67399,
        "rho": -1e-05,
        "theta": -1e-05,
        "vega": 5e-05
      },
      "adjustedFlag": "false",
      "ask": 4.8,
      "askSize": 1,
      "bid": 0.0,
      "bidSize": 0,
      "displaySymbol": "LICY Jan 19 '24 $1 Put",
      "inTheMoney": "n",
      "lastPrice": 0.0,
      "netChange": 0.0,
      "openInterest": 0,
      "optionCategory": "STANDARD",
      "optionRootSymbol": "LICY",
      "optionType": "PUT",
      "osiKey": "LICY--240119P00001000",
      "quoteDetail": "https://api.etrade.com/v1/market/quote/LICY:2024:1:19:PUT:1.000000",
      "strikePrice": 1.0,
      "symbol": "LICY",
      "timeStamp": 1688391034,
      "volume": 0
    },
    {
      "OptionGreeks": {
        "currentValue": "true",
        "delta": -0.02045,
        "gamma": 0.01675,
        "iv": 0.67399,
        "rho": -0.00077,
        "theta": -0.00033,
        "vega": 0.00202
      },
      "adjustedFlag": "false",
      "ask": 4.8,
      "askSize": 1,
      "bid": 0.0,
      "bidSize": 0,
      "displaySymbol": "LICY Jan 19 '24 $2 Put",
      "inTheMoney": "n",
      "lastPrice": 0.0,
      "netChange": 0.0,
      "openInterest": 0,
      "optionCategory": "STANDARD",
      "optionRootSymbol": "LICY",
      "optionType": "PUT",
      "osiKey": "LICY--240119P00002000",
      "quoteDetail": "https://api.etrade.com/v1/market/quote/LICY:2024:1:19:PUT:2.000000",
      "strikePrice": 2.0,
      "symbol": "LICY",
      "timeStamp": 1688391901,
      "volume": 0
    },
    {
      "OptionGreeks": {
        "currentValue": "true",
        "delta": -0.10152,
        "gamma": 0.05847,
        "iv": 0.67399,
        "rho": -0.00415,
        "theta": -0.00115,
        "vega": 0.00703
      },
      "adjustedFlag": "false",
      "ask": 0.25,
      "askSize": 1,
      "bid": 0.0,
      "bidSize": 0,
      "displaySymbol": "LICY Jan 19 '24 $3 Put",
      "inTheMoney": "n",
      "lastPrice": 0.28,
      "netChange": 0.0,
      "openInterest": 625,
      "optionCategory": "STANDARD",
      "optionRootSymbol": "LICY",
      "optionType": "PUT",
      "osiKey": "LICY--240119P00003000",
      "quoteDetail": "https://api.etrade.com/v1/market/quote/LICY:2024:1:19:PUT:3.000000",
      "strikePrice": 3.0,
      "symbol": "LICY",
      "timeStamp": 1688400137,
      "volume": 0
    },
    {
      "OptionGreeks": {
        "currentValue": "true",
        "delta": -0.227,
        "gamma": 0.09956,
        "iv": 0.64402,
        "rho": -0.00986,
        "theta": -0.00177,
        "vega": 0.01143
      },
      "adjustedFlag": "false",
      "ask": 0.5,
      "askSize": 1,
      "bid": 0.1,
      "bidSize": 807,
      "displaySymbol": "LICY Jan 19 '24 $4 Put",
      "inTheMoney": "n",
      "lastPrice": 0.35,
      "netChange": 0.0,
      "openInterest": 170,
      "optionCategory": "STANDARD",
      "optionRootSymbol": "LICY",
      "optionType": "PUT",
      "osiKey": "LICY--240119P00004000",
      "quoteDetail": "https://api.etrade.com/v1/market/quote/LICY:2024:1:19:PUT:4.000000",
      "strikePrice": 4.0,
      "symbol": "LICY",
      "timeStamp": 1688403599,
      "volume": 0
    },
    {
      "OptionGreeks": {
        "currentValue": "true",
        "delta": -0.39491,
        "gamma": 0.14999,
        "iv": 0.50287,
        "rho": -0.01705,
        "theta": -0.00157,
        "vega": 0.01343
      },
      "adjustedFlag": "false",
      "ask": 0.85,
      "askSize": 1,
      "bid": 0.45,
      "bidSize": 853,
      "displaySymbol": "LICY Jan 19 '24 $5 Put",
      "inTheMoney": "n",
      "lastPrice": 0.7,
      "netChange": 0.0,
      "openInterest": 648,
      "optionCategory": "STANDARD",
      "optionRootSymbol": "LICY",
      "optionType": "PUT",
      "osiKey": "LICY--240119P00005000",
      "quoteDetail": "https://api.etrade.com/v1/market/quote/LICY:2024:1:19:PUT:5.000000",
      "strikePrice": 5.0,
      "symbol": "LICY",
      "timeStamp": 1688403597,
      "volume": 0
    },
    {
      "OptionGreeks": {
        "currentValue": "true",
        "delta": -0.44493,
        "gamma": 0.09691,
        "iv": 0.76978,
        "rho": -0.02441,
        "theta": -0.00229,
        "vega": 0.0133
      },
      "adjustedFlag": "false",
      "ask": 5.0,
      "askSize": 10,
      "bid": 0.9,
      "bidSize": 818,
      "displaySymbol": "LICY Jan 19 '24 $6 Put",
      "inTheMoney": "y",
      "lastPrice": 1.55,
      "netChange": 0.0,
      "openInterest": 40,
      "optionCategory": "STANDARD",
      "optionRootSymbol": "LICY",
      "optionType": "PUT",
      "osiKey": "LICY--240119P00006000",
      "quoteDetail": "https://api.etrade.com/v1/market/quote/LICY:2024:1:19:PUT:6.000000",
      "strikePrice": 6.0,
      "symbol": "LICY",
      "timeStamp": 1688403599,
      "volume": 0
    },
    {
      "OptionGreeks": {
        "currentValue": "true",
        "delta": -0.4983,
        "gamma": 0.08429,
        "iv": 0.85077,
        "rho": -0.03088,
        "theta": -0.00232,
        "vega": 0.01279
      },
      "adjustedFlag": "false",
      "ask": 5.0,
      "askSize": 56,
      "bid": 1.6,
      "bidSize": 687,
      "displaySymbol": "LICY Jan 19 '24 $7 Put",
      "inTheMoney": "y",
      "lastPrice": 1.95,
      "netChange": 0.0,
      "openInterest": 12,
      "optionCategory": "STANDARD",
      "optionRootSymbol": "LICY",
      "optionType": "PUT",
      "osiKey": "LICY--240119P00007000",
      "quoteDetail": "https://api.etrade.com/v1/market/quote/LICY:2024:1:19:PUT:7.000000",
      "strikePrice": 7.0,
      "symbol": "LICY",
      "timeStamp": 1688403599,
      "volume": 0
    },
    {
      "OptionGreeks": {
        "currentValue": "true",
        "delta": -0.58615,
        "gamma": 0.07917,
        "iv": 0.78395,
        "rho": -0.03777,
        "theta": -0.00165,
        "vega": 0.01107
      },
      "adjustedFlag": "false",
      "ask": 2.85,
      "askSize": 1,
      "bid": 2.4,
      "bidSize": 585,
      "displaySymbol": "LICY Jan 19 '24 $8 Put",
      "inTheMoney": "y",
      "lastPrice": 2.9,
      "netChange": 0.0,
      "openInterest": 688,
      "optionCategory": "STANDARD",
      "optionRootSymbol": "LICY",
      "optionType": "PUT",
      "osiKey": "LICY--240119P00008000",
      "quoteDetail": "https://api.etrade.com/v1/market/quote/LICY:2024:1:19:PUT:8.000000",
      "strikePrice": 8.0,
      "symbol": "LICY",
      "timeStamp": 1688403599,
      "volume": 0
    },
    {
      "OptionGreeks": {
        "currentValue": "true",
        "delta": -0.63584,
        "gamma": 0.06845,
        "iv": 0.78395,
        "rho": -0.04407,
        "theta": -0.00123,
        "vega": 0.00957
      },
      "adjustedFlag": "false",
      "ask": 6.0,
      "askSize": 31,
      "bid": 3.0,
      "bidSize": 230,
      "displaySymbol": "LICY Jan 19 '24 $9 Put",
      "inTheMoney": "y",
      "lastPrice": 0.0,
      "netChange": 0.0,
      "openInterest": 0,
      "optionCategory": "STANDARD",
      "optionRootSymbol": "LICY",
      "optionType": "PUT",
      "osiKey": "LICY--240119P00009000",
      "quoteDetail": "https://api.etrade.com/v1/market/quote/LICY:2024:1:19:PUT:9.000000",
      "strikePrice": 9.0,
      "symbol": "LICY",
      "timeStamp": 1688403599,
      "volume": 0
    },
    {
      "OptionGreeks": {
        "currentValue": "true",
        "delta": -0.67397,
        "gamma": 0.05811,
        "iv": 0.78395,
        "rho": -0.0501,
        "theta": -0.00081,
        "vega": 0.00812
      },
      "adjustedFlag": "false",
      "ask": 7.0,
      "askSize": 60,
      "bid": 4.1,
      "bidSize": 484,
      "displaySymbol": "LICY Jan 19 '24 $10 Put",
      "inTheMoney": "y",
      "lastPrice": 4.54,
      "netChange": 0.0,
      "openInterest": 190,
      "optionCategory": "STANDARD",
      "optionRootSymbol": "LICY",
      "optionType": "PUT",
      "osiKey": "LICY--240119P00010000",
      "quoteDetail": "https://api.etrade.com/v1/market/quote/LICY:2024:1:19:PUT:10.000000",
      "strikePrice": 10.0,
      "symbol": "LICY",
      "timeStamp": 1688403599,
      "volume": 0
    },
    {
      "OptionGreeks": {
        "currentValue": "true",
        "delta": -0.72546,
        "gamma": 0.04076,
        "iv": 0.78395,
        "rho": -0.06144,
        "theta": -7e-05,
        "vega": 0.0057
      },
      "adjustedFlag": "false",
      "ask": 9.0,
      "askSize": 31,
      "bid": 6.1,
      "bidSize": 110,
      "displaySymbol": "LICY Jan 19 '24 $12 Put",
      "inTheMoney": "y",
      "lastPrice": 5.85,
      "netChange": 0.0,
      "openInterest": 0,
      "optionCategory": "STANDARD",
      "optionRootSymbol": "LICY",
      "optionType": "PUT",
      "osiKey": "LICY--240119P00012000",
      "quoteDetail": "https://api.etrade.com/v1/market/quote/LICY:2024:1:19:PUT:12.000000",
      "strikePrice": 12.0,
      "symbol": "LICY",
      "timeStamp": 1688403599,
      "volume": 0
    },
    {
      "OptionGreeks": {
        "currentValue": "true",
        "delta": -0.76637,
        "gamma": 0.02408,
        "iv": 0.78395,
        "rho": -0.07671,
        "theta": 0.0,
        "vega": 0.00332
      },
      "adjustedFlag": "false",
      "ask": 12.0,
      "askSize": 31,
      "bid": 9.1,
      "bidSize": 110,
      "displaySymbol": "LICY Jan 19 '24 $15 Put",
      "inTheMoney": "y",
      "lastPrice": 9.1,
      "netChange": 0.0,
      "openInterest": 0,
      "optionCategory": "STANDARD",
      "optionRootSymbol": "LICY",
      "optionType": "PUT",
      "osiKey": "LICY--240119P00015000",
      "quoteDetail": "https://api.etrade.com/v1/market/quote/LICY:2024:1:19:PUT:15.000000",
      "strikePrice": 15.0,
      "symbol": "LICY",
      "timeStamp": 1688403599,
      "volume": 0
    },
    {
      "OptionGreeks": {
        "currentValue": "true",
        "delta": 1.0,
        "gamma": 0.0,
        "iv": 0.67399,
        "rho": 0.0,
        "theta": -0.00549,
        "vega": 0.0
      },
      "adjustedFlag": "false",
      "ask": 5.0,
      "askSize": 60,
      "bid": 4.5,
      "bidSize": 110,
      "displaySymbol": "LICY Jan 19 '24 $1 Call",
      "inTheMoney": "y",
      "lastPrice": 0.0,
      "netChange": 0.0,
      "openInterest": 0,
      "optionCategory": "STANDARD",
      "optionRootSymbol": "LICY",
      "optionType": "CALL",
      "osiKey": "LICY--240119C00001000",
      "quoteDetail": "https://api.etrade.com/v1/market/quote/LICY:2024:1:19:CALL:1.000000",
      "strikePrice": 1.0,
      "symbol": "LICY",
      "timeStamp": 1688403570,
      "volume": 0
    },
    {
      "OptionGreeks": {
        "currentValue": "true",
        "delta": 1.0,
        "gamma": 0.0,
        "iv": 0.67399,
        "rho": 0.0,
        "theta": -0.00549,
        "vega": 0.0
      },
      "adjustedFlag": "false",
      "ask": 4.0,
      "askSize": 70,
      "bid": 3.6,
      "bidSize": 110,
      "displaySymbol": "LICY Jan 19 '24 $2 Call",
      "inTheMoney": "y",
      "lastPrice": 2.75,
      "netChange": 0.0,
      "openInterest": 1,
      "optionCategory": "STANDARD",
      "optionRootSymbol": "LICY",
      "optionType": "CALL",
      "osiKey": "LICY--240119C00002000",
      "quoteDetail": "https://api.etrade.com/v1/market/quote/LICY:2024:1:19:CALL:2.000000",
      "strikePrice": 2.0,
      "symbol": "LICY",
      "timeStamp": 1688403599,
      "volume": 0
    },
    {
      "OptionGreeks": {
        "currentValue": "true",
        "delta": 1.0,
        "gamma": 0.0,
        "iv": 0.67399,
        "rho": 0.0,
        "theta": -0.00549,
        "vega": 0.0
      },
      "adjustedFlag": "false",
      "ask": 3.1,
      "askSize": 312,
      "bid": 2.7,
      "bidSize": 294,
      "displaySymbol": "LICY Jan 19 '24 $3 Call",
      "inTheMoney": "y",
      "lastPrice": 2.6,
      "netChange": 0.0,
      "openInterest": 143,
      "optionCategory": "STANDARD",
      "optionRootSymbol": "LICY",
      "optionType": "CALL",
      "osiKey": "LICY--240119C00003000",
      "quoteDetail": "https://api.etrade.com/v1/market/quote/LICY:2024:1:19:CALL:3.000000",
      "strikePrice": 3.0,
      "symbol": "LICY",
      "timeStamp": 1688403589,
      "volume": 0
    },
    {
      "OptionGreeks": {
        "currentValue": "true",
        "delta": 0.7799,
        "gamma": 0.13315,
        "iv": 0.95205,
        "rho": 0.00476,
        "theta": -0.00508,
        "vega": 0.00948
      },
      "adjustedFlag": "false",
      "ask": 2.3,
      "askSize": 309,
      "bid": 1.9,
      "bidSize": 322,
      "displaySymbol": "LICY Jan 19 '24 $4 Call",
      "inTheMoney": "y",
      "lastPrice": 2.0,
      "netChange": 0.0,
      "openInterest": 72,
      "optionCategory": "STANDARD",
      "optionRootSymbol": "LICY",
      "optionType": "CALL",
      "osiKey": "LICY--240119C00004000",
      "quoteDetail": "https://api.etrade.com/v1/market/quote/LICY:2024:1:19:CALL:4.000000",
      "strikePrice": 4.0,
      "symbol": "LICY",
      "timeStamp": 1688403599,
      "volume": 0
    },
    {
      "OptionGreeks": {
        "currentValue": "true",
        "delta": 0.61546,
        "gamma": 0.13686,
        "iv": 0.89052,
        "rho": 0.00593,
        "theta": -0.00463,
        "vega": 0.01301
      },
      "adjustedFlag": "false",
      "ask": 1.65,
      "askSize": 566,
      "bid": 1.3,
      "bidSize": 637,
      "displaySymbol": "LICY Jan 19 '24 $5 Call",
      "inTheMoney": "y",
      "lastPrice": 1.4,
      "netChange": -0.05,
      "openInterest": 536,
      "optionCategory": "STANDARD",
      "optionRootSymbol": "LICY",
      "optionType": "CALL",
      "osiKey": "LICY--240119C00005000",
      "quoteDetail": "https://api.etrade.com/v1/market/quote/LICY:2024:1:19:CALL:5.000000",
      "strikePrice": 5.0,
      "symbol": "LICY",
      "timeStamp": 1688403559,
      "volume": 5
    },
    {
      "OptionGreeks": {
        "currentValue": "true",
        "delta": 0.4744,
        "gamma": 0.12772,
        "iv": 0.86519,
        "rho": 0.00598,
        "theta": -0.00411,
        "vega": 0.01428
      },
      "adjustedFlag": "false",
      "ask": 1.2,
      "askSize": 706,
      "bid": 0.9,
      "bidSize": 10,
      "displaySymbol": "LICY Jan 19 '24 $6 Call",
      "inTheMoney": "n",
      "lastPrice": 1.0,
      "netChange": 0.0,
      "openInterest": 643,
      "optionCategory": "STANDARD",
      "optionRootSymbol": "LICY",
      "optionType": "CALL",
      "osiKey": "LICY--240119C00006000",
      "quoteDetail": "https://api.etrade.com/v1/market/quote/LICY:2024:1:19:CALL:6.000000",
      "strikePrice": 6.0,
      "symbol": "LICY",
      "timeStamp": 1688403592,
      "volume": 0
    },
    {
      "OptionGreeks": {
        "currentValue": "true",
        "delta": 0.3634,
        "gamma": 0.1141,
        "iv": 0.85077,
        "rho": 0.00541,
        "theta": -0.00357,
        "vega": 0.0139
      },
      "adjustedFlag": "false",
      "ask": 0.7,
      "askSize": 10,
      "bid": 0.55,
      "bidSize": 15,
      "displaySymbol": "LICY Jan 19 '24 $7 Call",
      "inTheMoney": "n",
      "lastPrice": 0.55,
      "netChange": 0.0,
      "openInterest": 80,
      "optionCategory": "STANDARD",
      "optionRootSymbol": "LICY",
      "optionType": "CALL",
      "osiKey": "LICY--240119C00007000",
      "quoteDetail": "https://api.etrade.com/v1/market/quote/LICY:2024:1:19:CALL:7.000000",
      "strikePrice": 7.0,
      "symbol": "LICY",
      "timeStamp": 1688403589,
      "volume": 0
    },
    {
      "OptionGreeks": {
        "currentValue": "true",
        "delta": 0.25324,
        "gamma": 0.10199,
        "iv": 0.78395,
        "rho": 0.00434,
        "theta": -0.00271,
        "vega": 0.01219
      },
      "adjustedFlag": "false",
      "ask": 0.5,
      "askSize": 1,
      "bid": 0.25,
      "bidSize": 732,
      "displaySymbol": "LICY Jan 19 '24 $8 Call",
      "inTheMoney": "n",
      "lastPrice": 0.45,
      "netChange": 0.0,
      "openInterest": 1620,
      "optionCategory": "STANDARD",
      "optionRootSymbol": "LICY",
      "optionType": "CALL",
      "osiKey": "LICY--240119C00008000",
      "quoteDetail": "https://api.etrade.com/v1/market/quote/LICY:2024:1:19:CALL:8.000000",
      "strikePrice": 8.0,
      "symbol": "LICY",
      "timeStamp": 1688403599,
      "volume": 0
    },
    {
      "OptionGreeks": {
        "currentValue": "true",
        "delta": 0.1905,
        "gamma": 0.08454,
        "iv": 0.78395,
        "rho": 0.00349,
        "theta": -0.00225,
        "vega": 0.0105
      },
      "adjustedFlag": "false",
      "ask": 0.45,
      "askSize": 1,
      "bid": 0.1,
      "bidSize": 855,
      "displaySymbol": "LICY Jan 19 '24 $9 Call",
      "inTheMoney": "n",
      "lastPrice": 0.2,
      "netChange": 0.0,
      "openInterest": 148,
      "optionCategory": "STANDARD",
      "optionRootSymbol": "LICY",
      "optionType": "CALL",
      "osiKey": "LICY--240119C00009000",
      "quoteDetail": "https://api.etrade.com/v1/market/quote/LICY:2024:1:19:CALL:9.000000",
      "strikePrice": 9.0,
      "symbol": "LICY",
      "timeStamp": 1688403559,
      "volume": 0
    },
    {
      "OptionGreeks": {
        "currentValue": "true",
        "delta": 0.14406,
        "gamma": 0.06951,
        "iv": 0.78395,
        "rho": 0.00278,
        "theta": -0.00185,
        "vega": 0.00886
      },
      "adjustedFlag": "false",
      "ask": 0.35,
      "askSize": 2,
      "bid": 0.05,
      "bidSize": 464,
      "displaySymbol": "LICY Jan 19 '24 $10 Call",
      "inTheMoney": "n",
      "lastPrice": 0.05,
      "netChange": 0.0,
      "openInterest": 1151,
      "optionCategory": "STANDARD",
      "optionRootSymbol": "LICY",
      "optionType": "CALL",
      "osiKey": "LICY--240119C00010000",
      "quoteDetail": "https://api.etrade.com/v1/market/quote/LICY:2024:1:19:CALL:10.000000",
      "strikePrice": 10.0,
      "symbol": "LICY",
      "timeStamp": 1688403016,
      "volume": 0
    },
    {
      "OptionGreeks": {
        "currentValue": "true",
        "delta": 0.0838,
        "gamma": 0.04636,
        "iv": 0.78395,
        "rho": 0.00174,
        "theta": -0.00123,
        "vega": 0.00613
      },
      "adjustedFlag": "false",
      "ask": 0.3,
      "askSize": 588,
      "bid": 0.0,
      "bidSize": 0,
      "displaySymbol": "LICY Jan 19 '24 $12 Call",
      "inTheMoney": "n",
      "lastPrice": 0.05,
      "netChange": 0.0,
      "openInterest": 389,
      "optionCategory": "STANDARD",
      "optionRootSymbol": "LICY",
      "optionType": "CALL",
      "osiKey": "LICY--240119C00012000",
      "quoteDetail": "https://api.etrade.com/v1/market/quote/LICY:2024:1:19:CALL:12.000000",
      "strikePrice": 12.0,
      "symbol": "LICY",
      "timeStamp": 1688403005,
      "volume": 0
    },
    {
      "OptionGreeks": {
        "currentValue": "true",
        "delta": 0.03879,
        "gamma": 0.02503,
        "iv": 0.78395,
        "rho": 0.00086,
        "theta": -0.00066,
        "vega": 0.00339
      },
      "adjustedFlag": "false",
      "ask": 0.15,
      "askSize": 1,
      "bid": 0.0,
      "bidSize": 0,
      "displaySymbol": "LICY Jan 19 '24 $15 Call",
      "inTheMoney": "n",
      "lastPrice": 0.15,
      "netChange": 0.0,
      "openInterest": 911,
      "optionCategory": "STANDARD",
      "optionRootSymbol": "LICY",
      "optionType": "CALL",
      "osiKey": "LICY--240119C00015000",
      "quoteDetail": "https://api.etrade.com/v1/market/quote/LICY:2024:1:19:CALL:15.000000",
      "strikePrice": 15.0,
      "symbol": "LICY",
      "timeStamp": 1688391034,
      "volume": 0
    }
  ],
  "quote": {
    "ExtendedHourQuoteDetail": {
      "ask": 5.69,
      "askSize": 600,
      "bid": 5.68,
      "bidSize": 100,
      "change": 0.14,
      "lastPrice": 5.69,
      "percentChange": 2.52,
      "quoteStatus": "EH_REALTIME",
      "timeOfLastTrade": 1688408758,
      "timeZone": "EST",
      "volume": 521186
    },
    "adjustedFlag": "false",
    "ahFlag": "true",
    "ask": 5.69,
    "askSize": 600,
    "askTime": "14:25:58 EDT 07-03-2023",
    "averageVolume": 1445785,
    "beta": 1.95,
    "bid": 5.68,
    "bidExchange": null,
    "bidSize": 100,
    "bidTime": "14:25:58 EDT 07-03-2023",
    "cashDeliverable": 0,
    "changeClose": 0.15,
    "changeClosePercentage": 2.7,
    "companyName": "LI-CYCLE HOLDINGS CORP COMMON SHARES",
    "contractSize": 0.0,
    "dateTime": "14:25:58 EDT 07-03-2023",
    "dateTimeUTC": 1688408758,
    "daysToExpiration": 0,
    "declaredDividend": 0.0,
    "dirLast": 0,
    "dividend": 0.0,
    "dividendPayableDate": 0,
    "eps": -1.94,
    "estEarnings": -0.778,
    "exDividendDate": 0,
    "expirationDate": 0,
    "hasMiniOptions": "false",
    "high": 5.73,
    "high52": 8.15,
    "intrinsicValue": 0.0,
    "lastTrade": 5.7,
    "low": 5.57,
    "low52": 4.3,
    "marketCap": 1006984800.0,
    "nextEarningDate": "07/03/2023",
    "open": 5.6,
    "openInterest": 0,
    "optionMultiplier": 0.0,
    "optionStyle": null,
    "optionUnderlier": null,
    "pe": 0.0,
    "previousClose": 5.55,
    "previousDayVolume": 1238135,
    "primaryExchange": "NYSE",
    "quoteStatus": "CLOSING",
    "securityType": "EQ",
    "sharesOutstanding": 176664000,
    "symbol": "LICY",
    "symbolDescription": "LI-CYCLE HOLDINGS CORP COMMON SHARES",
    "timeOfLastTrade": 1688404200,
    "timePremium": 0.0,
    "totalVolume": 521186,
    "upc": 0,
    "week52HiDate": 1660328977,
    "week52LowDate": 1683052177,
    "yield": 0.0
  }
}