{
  "2023-07-21": [
    {
      "OptionGreeks": {
        "currentValue": "true",
        "delta": 0.0,
        "gamma": 0.0,
        "iv": 0.75409,
        "rho": 0.0,
        "theta": 0.0,
        "vega": 0.0
      },
      "adjustedFlag": "false",
      "ask": 0.05,
      "askSize": 18,
      "bid": 0.0,
      "bidSize": 0,
      "displaySymbol": "MAS Jul 21 '23 $25 Put",
      "inTheMoney": "n",
      "lastPrice": 0.0,
      "netChange": 0.0,
      "openInterest": 0,
      "optionCategory": "STANDARD",
      "optionRootSymbol": "MAS",
      "optionType": "PUT",
      "osiKey": "MAS---230721P00025000",
      "quoteDetail": "https://api.etrade.com/v1/market/quote/MAS:2023:7:21:PUT:25.000000",
      "strikePrice": 25.0,
      "symbol": "MAS",
      "timeStamp": 1688403595,
      "volume": 0
    },
    {
      "OptionGreeks": {
        "currentValue": "true",
        "delta": -4e-05,
        "gamma": 2e-05,
        "iv": 0.75409,
        "rho": 0.0,
        "theta": -3e-05,
        "vega": 2e-05
      },
      "adjustedFlag": "false",
      "ask": 0.1,
      "askSize": 15,
      "bid": 0.0,
      "bidSize": 0,
      "displaySymbol": "MAS Jul 21 '23 $30 Put",
      "inTheMoney": "n",
      "lastPrice": 0.0,
      "netChange": 0.0,
      "openInterest": 0,
      "optionCategory": "STANDARD",
      "optionRootSymbol": "MAS",
      "optionType": "PUT",
      "osiKey": "MAS---230721P00030000",
      "quoteDetail": "https://api.etrade.com/v1/market/quote/MAS:2023:7:21:PUT:30.000000",
      "strikePrice": 30.0,
      "symbol": "MAS",
      "timeStamp": 1688403595,
      "volume": 0
    },
    {
      "OptionGreeks": {
        "currentValue": "true",
        "delta": -0.00131,
        "gamma": 0.00045,
        "iv": 0.75409,
        "rho": -4e-05,
        "theta": -0.00099,
        "vega": 0.00055
      },
      "adjustedFlag": "false",
      "ask": 0.35,
      "askSize": 82,
      "bid": 0.0,
      "bidSize": 0,
      "displaySymbol": "MAS Jul 21 '23 $35 Put",
      "inTheMoney": "n",
      "lastPrice": 0.04,
      "netChange": 0.0,
      "openInterest": 15,
      "optionCategory": "STANDARD",
      "optionRootSymbol": "MAS",
      "optionType": "PUT",
      "osiKey": "MAS---230721P00035000",
      "quoteDetail": "https://api.etrade.com/v1/market/quote/MAS:2023:7:21:PUT:35.000000",
      "strikePrice": 35.0,
      "symbol": "MAS",
      "timeStamp": 1688403581,
      "volume": 0
    },
    {
      "OptionGreeks": {
        "currentValue": "true",
        "delta": -0.01356,
        "gamma": 0.00361,
        "iv": 0.75409,
        "rho": -0.00039,
        "theta": -0.00862,
        "vega": 0.00444
      },
      "adjustedFlag": "false",
      "ask": 0.1,
      "askSize": 11,
      "bid": 0.0,
      "bidSize": 0,
      "displaySymbol": "MAS Jul 21 '23 $40 Put",
      "inTheMoney": "n",
      "lastPrice": 0.18,
      "netChange": 0.0,
      "openInterest": 23,
      "optionCategory": "STANDARD",
      "optionRootSymbol": "MAS",
      "optionType": "PUT",
      "osiKey": "MAS---230721P00040000",
      "quoteDetail": "https://api.etrade.com/v1/market/quote/MAS:2023:7:21:PUT:40.000000",
      "strikePrice": 40.0,
      "symbol": "MAS",
      "timeStamp": 1688403595,
      "volume": 0
    },
    {
      "OptionGreeks": {
        "currentValue": "true",
        "delta": -0.05379,
        "gamma": 0.01222,
        "iv": 0.70147,
        "rho": -0.00154,
        "theta": -0.02618,
        "vega": 0.01393
      },
      "adjustedFlag": "false",
      "ask": 0.4,
      "askSize": 142,
      "bid": 0.05,
      "bidSize": 4,
      "displaySymbol": "MAS Jul 21 '23 $45 Put",
      "inTheMoney": "n",
      "lastPrice": 0.1,
      "netChange": -0.02,
      "openInterest": 1368,
      "optionCategory": "STANDARD",
      "optionRootSymbol": "MAS",
      "optionType": "PUT",
      "osiKey": "MAS---230721P00045000",
      "quoteDetail": "https://api.etrade.com/v1/market/quote/MAS:2023:7:21:PUT:45.000000",
      "strikePrice": 45.0,
      "symbol": "MAS",
      "timeStamp": 1688403591,
      "volume": 10
    },
    {
      "OptionGreeks": {
        "currentValue": "true",
        "delta": -0.08359,
        "gamma": 0.02666,
        "iv": 0.45252,
        "rho": -0.00231,
        "theta": -0.02398,
        "vega": 0.01969
      },
      "adjustedFlag": "false",
      "ask": 0.45,
      "askSize": 146,
      "bid": 0.05,
      "bidSize": 2,
      "displaySymbol": "MAS Jul 21 '23 $50 Put",
      "inTheMoney": "n",
      "lastPrice": 0.17,
      "netChange": 0.0,
      "openInterest": 669,
      "optionCategory": "STANDARD",
      "optionRootSymbol": "MAS",
      "optionType": "PUT",
      "osiKey": "MAS---230721P00050000",
      "quoteDetail": "https://api.etrade.com/v1/market/quote/MAS:2023:7:21:PUT:50.000000",
      "strikePrice": 50.0,
      "symbol": "MAS",
      "timeStamp": 1688403585,
      "volume": 0
    },
    {
      "OptionGreeks": {
        "currentValue": "true",
        "delta": -0.22894,
        "gamma": 0.09773,
        "iv": 0.24498,
        "rho": -0.00596,
        "theta": -0.02627,
        "vega": 0.03871
      },
      "adjustedFlag": "false",
      "ask": 0.55,
      "askSize": 34,
      "bid": 0.4,
      "bidSize": 22,
      "displaySymbol": "MAS Jul 21 '23 $55 Put",
      "inTheMoney": "n",
      "lastPrice": 0.5,
      "netChange": 0.0,
      "openInterest": 438,
      "optionCategory": "STANDARD",
      "optionRootSymbol": "MAS",
      "optionType": "PUT",
      "osiKey": "MAS---230721P00055000",
      "quoteDetail": "https://api.etrade.com/v1/market/quote/MAS:2023:7:21:PUT:55.000000",
      "strikePrice": 55.0,
      "symbol": "MAS",
      "timeStamp": 1688403594,
      "volume": 0
    },
    {
      "OptionGreeks": {
        "currentValue": "true",
        "delta": -0.90559,
        "gamma": 0.10478,
        "iv": 0.18633,
        "rho": -0.00965,
        "theta": -0.01571,
        "vega": 0.02146
      },
      "adjustedFlag": "false",
      "ask": 3.4,
      "askSize": 11,
      "bid": 2.95,
      "bidSize": 34,
      "displaySymbol": "MAS Jul 21 '23 $60 Put",
      "inTheMoney": "y",
      "lastPrice": 4.34,
      "netChange": 0.0,
      "openInterest": 0,
      "optionCategory": "STANDARD",
      "optionRootSymbol": "MAS",
      "optionType": "PUT",
      "osiKey": "MAS---230721P00060000",
      "quoteDetail": "https://api.etrade.com/v1/market/quote/MAS:2023:7:21:PUT:60.000000",
      "strikePrice": 60.0,
      "symbol": "MAS",
      "timeStamp": 1688403599,
      "volume": 0
    },
    {
      "OptionGreeks": {
        "currentValue": "true",
        "delta": -0.91442,
        "gamma": 0.03451,
        "iv": 0.42963,
        "rho": -0.01334,
        "theta": -0.02689,
        "vega": 0.01974
      },
      "adjustedFlag": "false",
      "ask": 8.5,
      "askSize": 34,
      "bid": 7.8,
      "bidSize": 34,
      "displaySymbol": "MAS Jul 21 '23 $65 Put",
      "inTheMoney": "y",
      "lastPrice": 0.0,
      "netChange": 0.0,
      "openInterest": 0,
      "optionCategory": "STANDARD",
      "optionRootSymbol": "MAS",
      "optionType": "PUT",
      "osiKey": "MAS---230721P00065000",
      "quoteDetail": "https://api.etrade.com/v1/market/quote/MAS:2023:7:21:PUT:65.000000",
      "strikePrice": 65.0,
      "symbol": "MAS",
      "timeStamp": 1688403595,
      "volume": 0
    },
    {
      "OptionGreeks": {
        "currentValue": "true",
        "delta": -0.93027,
        "gamma": 0.02033,
        "iv": 0.61418,
        "rho": -0.01434,
        "theta": -0.03167,
        "vega": 0.01681
      },
      "adjustedFlag": "false",
      "ask": 13.4,
      "askSize": 14,
      "bid": 12.9,
      "bidSize": 33,
      "displaySymbol": "MAS Jul 21 '23 $70 Put",
      "inTheMoney": "y",
      "lastPrice": 0.0,
      "netChange": 0.0,
      "openInterest": 0,
      "optionCategory": "STANDARD",
      "optionRootSymbol": "MAS",
      "optionType": "PUT",
      "osiKey": "MAS---230721P00070000",
      "quoteDetail": "https://api.etrade.com/v1/market/quote/MAS:2023:7:21:PUT:70.000000",
      "strikePrice": 70.0,
      "symbol": "MAS",
      "timeStamp": 1688403596,
      "volume": 0
    },
    {
      "OptionGreeks": {
        "currentValue": "true",
        "delta": -0.95297,
        "gamma": 0.01332,
        "iv": 0.73143,
        "rho": -0.01318,
        "theta": -0.02832,
        "vega": 0.01224
      },
      "adjustedFlag": "false",
      "ask": 18.4,
      "askSize": 31,
      "bid": 17.8,
      "bidSize": 32,
      "displaySymbol": "MAS Jul 21 '23 $75 Put",
      "inTheMoney": "y",
      "lastPrice": 0.0,
      "netChange": 0.0,
      "openInterest": 0,
      "optionCategory": "STANDARD",
      "optionRootSymbol": "MAS",
      "optionType": "PUT",
      "osiKey": "MAS---230721P00075000",
      "quoteDetail": "https://api.etrade.com/v1/market/quote/MAS:2023:7:21:PUT:75.000000",
      "strikePrice": 75.0,
      "symbol": "MAS",
      "timeStamp": 1688403596,
      "volume": 0
    },
    {
      "OptionGreeks": {
        "currentValue": "true",
        "delta": 1.0,
        "gamma": 0.0,
        "iv": 0.75409,
        "rho": 0.01148,
        "theta": 0.0,
        "vega": 0.0
      },
      "adjustedFlag": "false",
      "ask": 32.3,
      "askSize": 1,
      "bid": 31.5,
      "bidSize": 30,
      "displaySymbol": "MAS Jul 21 '23 $25 Call",
      "inTheMoney": "y",
      "lastPrice": 0.0,
      "netChange": 0.0,
      "openInterest": 0,
      "optionCategory": "STANDARD",
      "optionRootSymbol": "MAS",
      "optionType": "CALL",
      "osiKey": "MAS---230721C00025000",
      "quoteDetail": "https://api.etrade.com/v1/market/quote/MAS:2023:7:21:CALL:25.000000",
      "strikePrice": 25.0,
      "symbol": "MAS",
      "timeStamp": 1688403599,
      "volume": 0
    },
    {
      "OptionGreeks": {
        "currentValue": "true",
        "delta": 1.0,
        "gamma": 2e-05,
        "iv": 0.75409,
        "rho": 0.01409,
        "theta": 0.0,
        "vega": 2e-05
      },
      "adjustedFlag": "false",
      "ask": 27.3,
      "askSize": 30,
      "bid": 26.5,
      "bidSize": 30,
      "displaySymbol": "MAS Jul 21 '23 $30 Call",
      "inTheMoney": "y",
      "lastPrice": 0.0,
      "netChange": 0.0,
      "openInterest": 0,
      "optionCategory": "STANDARD",
      "optionRootSymbol": "MAS",
      "optionType": "CALL",
      "osiKey": "MAS---230721C00030000",
      "quoteDetail": "https://api.etrade.com/v1/market/quote/MAS:2023:7:21:CALL:30.000000",
      "strikePrice": 30.0,
      "symbol": "MAS",
      "timeStamp": 1688403595,
      "volume": 0
    },
    {
      "OptionGreeks": {
        "currentValue": "true",
        "delta": 0.99916,
        "gamma": 0.00045,
        "iv": 0.75409,
        "rho": 0.01666,
        "theta": 0.0,
        "vega": 0.00055
      },
      "adjustedFlag": "false",
      "ask": 22.3,
      "askSize": 31,
      "bid": 21.7,
      "bidSize": 31,
      "displaySymbol": "MAS Jul 21 '23 $35 Call",
      "inTheMoney": "y",
      "lastPrice": 0.0,
      "netChange": 0.0,
      "openInterest": 0,
      "optionCategory": "STANDARD",
      "optionRootSymbol": "MAS",
      "optionType": "CALL",
      "osiKey": "MAS---230721C00035000",
      "quoteDetail": "https://api.etrade.com/v1/market/quote/MAS:2023:7:21:CALL:35.000000",
      "strikePrice": 35.0,
      "symbol": "MAS",
      "timeStamp": 1688403596,
      "volume": 0
    },
    {
      "OptionGreeks": {
        "currentValue": "true",
        "delta": 0.98692,
        "gamma": 0.0036,
        "iv": 0.75409,
        "rho": 0.01891,
        "theta": -0.00614,
        "vega": 0.00443
      },
      "adjustedFlag": "false",
      "ask": 17.3,
      "askSize": 31,
      "bid": 16.8,
      "bidSize": 11,
      "displaySymbol": "MAS Jul 21 '23 $40 Call",
      "inTheMoney": "y",
      "lastPrice": 0.0,
      "netChange": 0.0,
      "openInterest": 0,
      "optionCategory": "STANDARD",
      "optionRootSymbol": "MAS",
      "optionType": "CALL",
      "osiKey": "MAS---230721C00040000",
      "quoteDetail": "https://api.etrade.com/v1/market/quote/MAS:2023:7:21:CALL:40.000000",
      "strikePrice": 40.0,
      "symbol": "MAS",
      "timeStamp": 1688403596,
      "volume": 0
    },
    {
      "OptionGreeks": {
        "currentValue": "true",
        "delta": 0.94678,
        "gamma": 0.0122,
        "iv": 0.70147,
        "rho": 0.02029,
        "theta": -0.02438,
        "vega": 0.01391
      },
      "adjustedFlag": "false",
      "ask": 12.3,
      "askSize": 31,
      "bid": 11.6,
      "bidSize": 34,
      "displaySymbol": "MAS Jul 21 '23 $45 Call",
      "inTheMoney": "y",
      "lastPrice": 4.6,
      "netChange": 0.0,
      "openInterest": 28,
      "optionCategory": "STANDARD",
      "optionRootSymbol": "MAS",
      "optionType": "CALL",
      "osiKey": "MAS---230721C00045000",
      "quoteDetail": "https://api.etrade.com/v1/market/quote/MAS:2023:7:21:CALL:45.000000",
      "strikePrice": 45.0,
      "symbol": "MAS",
      "timeStamp": 1688403595,
      "volume": 0
    },
    {
      "OptionGreeks": {
        "currentValue": "true",
        "delta": 0.91717,
        "gamma": 0.02655,
        "iv": 0.45252,
        "rho": 0.02206,
        "theta": -0.02285,
        "vega": 0.01964
      },
      "adjustedFlag": "false",
      "ask": 7.4,
      "askSize": 31,
      "bid": 6.8,
      "bidSize": 14,
      "displaySymbol": "MAS Jul 21 '23 $50 Call",
      "inTheMoney": "y",
      "lastPrice": 7.3,
      "netChange": 0.0,
      "openInterest": 309,
      "optionCategory": "STANDARD",
      "optionRootSymbol": "MAS",
      "optionType": "CALL",
      "osiKey": "MAS---230721C00050000",
      "quoteDetail": "https://api.etrade.com/v1/market/quote/MAS:2023:7:21:CALL:50.000000",
      "strikePrice": 50.0,
      "symbol": "MAS",
      "timeStamp": 1688403595,
      "volume": 0
    },
    {
      "OptionGreeks": {
        "currentValue": "true",
        "delta": 0.77376,
        "gamma": 0.09645,
        "iv": 0.24498,
        "rho": 0.02051,
        "theta": -0.02561,
        "vega": 0.03855
      },
      "adjustedFlag": "false",
      "ask": 2.7,
      "askSize": 40,
      "bid": 2.3,
      "bidSize": 218,
      "displaySymbol": "MAS Jul 21 '23 $55 Call",
      "inTheMoney": "y",
      "lastPrice": 2.55,
      "netChange": -0.5,
      "openInterest": 714,
      "optionCategory": "STANDARD",
      "optionRootSymbol": "MAS",
      "optionType": "CALL",
      "osiKey": "MAS---230721C00055000",
      "quoteDetail": "https://api.etrade.com/v1/market/quote/MAS:2023:7:21:CALL:55.000000",
      "strikePrice": 55.0,
      "symbol": "MAS",
      "timeStamp": 1688403599,
      "volume": 2
    },
    {
      "OptionGreeks": {
        "currentValue": "true",
        "delta": 0.13262,
        "gamma": 0.0902,
        "iv": 0.18633,
        "rho": 0.00363,
        "theta": -0.01386,
        "vega": 0.02794
      },
      "adjustedFlag": "false",
      "ask": 0.2,
      "askSize": 11,
      "bid": 0.05,
      "bidSize": 174,
      "displaySymbol": "MAS Jul 21 '23 $60 Call",
      "inTheMoney": "n",
      "lastPrice": 0.25,
      "netChange": 0.0,
      "openInterest": 478,
      "optionCategory": "STANDARD",
      "optionRootSymbol": "MAS",
      "optionType": "CALL",
      "osiKey": "MAS---230721C00060000",
      "quoteDetail": "https://api.etrade.com/v1/market/quote/MAS:2023:7:21:CALL:60.000000",
      "strikePrice": 60.0,
      "symbol": "MAS",
      "timeStamp": 1688403599,
      "volume": 0
    },
    {
      "OptionGreeks": {
        "currentValue": "true",
        "delta": 0.10095,
        "gamma": 0.03221,
        "iv": 0.42963,
        "rho": 0.00268,
        "theta": -0.02612,
        "vega": 0.02264
      },
      "adjustedFlag": "false",
      "ask": 0.45,
      "askSize": 64,
      "bid": 0.0,
      "bidSize": 0,
      "displaySymbol": "MAS Jul 21 '23 $65 Call",
      "inTheMoney": "n",
      "lastPrice": 0.05,
      "netChange": 0.0,
      "openInterest": 35,
      "optionCategory": "STANDARD",
      "optionRootSymbol": "MAS",
      "optionType": "CALL",
      "osiKey": "MAS---230721C00065000",
      "quoteDetail": "https://api.etrade.com/v1/market/quote/MAS:2023:7:21:CALL:65.000000",
      "strikePrice": 65.0,
      "symbol": "MAS",
      "timeStamp": 1688403586,
      "volume": 0
    },
    {
      "OptionGreeks": {
        "currentValue": "true",
        "delta": 0.08125,
        "gamma": 0.01916,
        "iv": 0.61418,
        "rho": 0.00212,
        "theta": -0.03156,
        "vega": 0.01917
      },
      "adjustedFlag": "false",
      "ask": 0.5,
      "askSize": 152,
      "bid": 0.0,
      "bidSize": 0,
      "displaySymbol": "MAS Jul 21 '23 $70 Call",
      "inTheMoney": "n",
      "lastPrice": 0.05,
      "netChange": 0.0,
      "openInterest": 1,
      "optionCategory": "STANDARD",
      "optionRootSymbol": "MAS",
      "optionType": "CALL",
      "osiKey": "MAS---230721C00070000",
      "quoteDetail": "https://api.etrade.com/v1/market/quote/MAS:2023:7:21:CALL:70.000000",
      "strikePrice": 70.0,
      "symbol": "MAS",
      "timeStamp": 1688403595,
      "volume": 0
    },
    {
      "OptionGreeks": {
        "currentValue": "true",
        "delta": 0.05814,
        "gamma": 0.01242,
        "iv": 0.73143,
        "rho": 0.0015,
        "theta": -0.02874,
        "vega": 0.01477
      },
      "adjustedFlag": "false",
      "ask": 0.4,
      "askSize": 223,
      "bid": 0.0,
      "bidSize": 0,
      "displaySymbol": "MAS Jul 21 '23 $75 Call",
      "inTheMoney": "n",
      "lastPrice": 0.0,
      "netChange": 0.0,
      "openInterest": 0,
      "optionCategory": "STANDARD",
      "optionRootSymbol": "MAS",
      "optionType": "CALL",
      "osiKey": "MAS---230721C00075000",
      "quoteDetail": "https://api.etrade.com/v1/market/quote/MAS:2023:7:21:CALL:75.000000",
      "strikePrice": 75.0,
      "symbol": "MAS",
      "timeStamp": 1688403595,
      "volume": 0
    }
  ],
  "2023-08-18": [
    {
      "OptionGreeks": {
        "currentValue": "true",
        "delta": -0.0032,
        "gamma": 0.00069,
        "iv": 0.69616,
        "rho": -0.00023,
        "theta": -0.0014,
        "vega": 0.00198
      },
      "adjustedFlag": "false",
      "ask": 0.4,
      "askSize": 79,
      "bid": 0.0,
      "bidSize": 0,
      "displaySymbol": "MAS Aug 18 '23 $30 Put",
      "inTheMoney": "n",
      "lastPrice": 0.0,
      "netChange": 0.0,
      "openInterest": 0,
      "optionCategory": "STANDARD",
      "optionRootSymbol": "MAS",
      "optionType": "PUT",
      "osiKey": "MAS---230818P00030000",
      "quoteDetail": "https://api.etrade.com/v1/market/quote/MAS:2023:8:18:PUT:30.000000",
      "strikePrice": 30.0,
      "symbol": "MAS",
      "timeStamp": 1688403592,
      "volume": 0
    },
    {
      "OptionGreeks": {
        "currentValue": "true",
        "delta": -0.01783,
        "gamma": 0.00312,
        "iv": 0.69616,
        "rho": -0.00133,
        "theta": -0.00649,
        "vega": 0.00893
      },
      "adjustedFlag": "false",
      "ask": 0.2,
      "askSize": 13,
      "bid": 0.0,
      "bidSize": 0,
      "displaySymbol": "MAS Aug 18 '23 $35 Put",
      "inTheMoney": "n",
      "lastPrice": 0.0,
      "netChange": 0.0,
      "openInterest": 0,
      "optionCategory": "STANDARD",
      "optionRootSymbol": "MAS",
      "optionType": "PUT",
      "osiKey": "MAS---230818P00035000",
      "quoteDetail": "https://api.etrade.com/v1/market/quote/MAS:2023:8:18:PUT:35.000000",
      "strikePrice": 35.0,
      "symbol": "MAS",
      "timeStamp": 1688403595,
      "volume": 0
    },
    {
      "OptionGreeks": {
        "currentValue": "true",
        "delta": -0.02298,
        "gamma": 0.00511,
        "iv": 0.52643,
        "rho": -0.00167,
        "theta": -0.0061,
        "vega": 0.01114
      },
      "adjustedFlag": "false",
      "ask": 0.2,
      "askSize": 93,
      "bid": 0.0,
      "bidSize": 0,
      "displaySymbol": "MAS Aug 18 '23 $40 Put",
      "inTheMoney": "n",
      "lastPrice": 0.23,
      "netChange": 0.0,
      "openInterest": 22,
      "optionCategory": "STANDARD",
      "optionRootSymbol": "MAS",
      "optionType": "PUT",
      "osiKey": "MAS---230818P00040000",
      "quoteDetail": "https://api.etrade.com/v1/market/quote/MAS:2023:8:18:PUT:40.000000",
      "strikePrice": 40.0,
      "symbol": "MAS",
      "timeStamp": 1688403589,
      "volume": 0
    },
    {
      "OptionGreeks": {
        "currentValue": "true",
        "delta": -0.06157,
        "gamma": 0.01309,
        "iv": 0.45909,
        "rho": -0.00446,
        "theta": -0.01203,
        "vega": 0.0248
      },
      "adjustedFlag": "false",
      "ask": 0.55,
      "askSize": 67,
      "bid": 0.0,
      "bidSize": 0,
      "displaySymbol": "MAS Aug 18 '23 $45 Put",
      "inTheMoney": "n",
      "lastPrice": 0.0,
      "netChange": 0.0,
      "openInterest": 0,
      "optionCategory": "STANDARD",
      "optionRootSymbol": "MAS",
      "optionType": "PUT",
      "osiKey": "MAS---230818P00045000",
      "quoteDetail": "https://api.etrade.com/v1/market/quote/MAS:2023:8:18:PUT:45.000000",
      "strikePrice": 45.0,
      "symbol": "MAS",
      "timeStamp": 1688403585,
      "volume": 0
    },
    {
      "OptionGreeks": {
        "currentValue": "true",
        "delta": -0.1014,
        "gamma": 0.02856,
        "iv": 0.30742,
        "rho": -0.00714,
        "theta": -0.01181,
        "vega": 0.03633
      },
      "adjustedFlag": "false",
      "ask": 0.45,
      "askSize": 19,
      "bid": 0.2,
      "bidSize": 44,
      "displaySymbol": "MAS Aug 18 '23 $50 Put",
      "inTheMoney": "n",
      "lastPrice": 0.48,
      "netChange": 0.0,
      "openInterest": 6,
      "optionCategory": "STANDARD",
      "optionRootSymbol": "MAS",
      "optionType": "PUT",
      "osiKey": "MAS---230818P00050000",
      "quoteDetail": "https://api.etrade.com/v1/market/quote/MAS:2023:8:18:PUT:50.000000",
      "strikePrice": 50.0,
      "symbol": "MAS",
      "timeStamp": 1688403599,
      "volume": 0
    },
    {
      "OptionGreeks": {
        "currentValue": "true",
        "delta": -0.3308,
        "gamma": 0.06563,
        "iv": 0.27453,
        "rho": -0.02294,
        "theta": -0.02179,
        "vega": 0.07323
      },
      "adjustedFlag": "false",
      "ask": 1.45,
      "askSize": 29,
      "bid": 1.25,
      "bidSize": 11,
      "displaySymbol": "MAS Aug 18 '23 $55 Put",
      "inTheMoney": "n",
      "lastPrice": 1.15,
      "netChange": 0.0,
      "openInterest": 39,
      "optionCategory": "STANDARD",
      "optionRootSymbol": "MAS",
      "optionType": "PUT",
      "osiKey": "MAS---230818P00055000",
      "quoteDetail": "https://api.etrade.com/v1/market/quote/MAS:2023:8:18:PUT:55.000000",
      "strikePrice": 55.0,
      "symbol": "MAS",
      "timeStamp": 1688403598,
      "volume": 0
    },
    {
      "OptionGreeks": {
        "currentValue": "true",
        "delta": -0.70303,
        "gamma": 0.07178,
        "iv": 0.24116,
        "rho": -0.04771,
        "theta": -0.01799,
        "vega": 0.0701
      },
      "adjustedFlag": "false",
      "ask": 4.0,
      "askSize": 11,
      "bid": 3.6,
      "bidSize": 58,
      "displaySymbol": "MAS Aug 18 '23 $60 Put",
      "inTheMoney": "y",
      "lastPrice": 0.0,
      "netChange": 0.0,
      "openInterest": 0,
      "optionCategory": "STANDARD",
      "optionRootSymbol": "MAS",
      "optionType": "PUT",
      "osiKey": "MAS---230818P00060000",
      "quoteDetail": "https://api.etrade.com/v1/market/quote/MAS:2023:8:18:PUT:60.000000",
      "strikePrice": 60.0,
      "symbol": "MAS",
      "timeStamp": 1688403599,
      "volume": 0
    },
    {
      "OptionGreeks": {
        "currentValue": "true",
        "delta": -0.90129,
        "gamma": 0.0351,
        "iv": 0.27718,
        "rho": -0.05452,
        "theta": -0.01053,
        "vega": 0.03592
      },
      "adjustedFlag": "false",
      "ask": 8.5,
      "askSize": 34,
      "bid": 7.8,
      "bidSize": 31,
      "displaySymbol": "MAS Aug 18 '23 $65 Put",
      "inTheMoney": "y",
      "lastPrice": 0.0,
      "netChange": 0.0,
      "openInterest": 0,
      "optionCategory": "STANDARD",
      "optionRootSymbol": "MAS",
      "optionType": "PUT",
      "osiKey": "MAS---230818P00065000",
      "quoteDetail": "https://api.etrade.com/v1/market/quote/MAS:2023:8:18:PUT:65.000000",
      "strikePrice": 65.0,
      "symbol": "MAS",
      "timeStamp": 1688403595,
      "volume": 0
    },
    {
      "OptionGreeks": {
        "currentValue": "true",
        "delta": -0.94987,
        "gamma": 0.02238,
        "iv": 0.35749,
        "rho": -0.04062,
        "theta": -0.01054,
        "vega": 0.02144
      },
      "adjustedFlag": "false",
      "ask": 13.4,
      "askSize": 31,
      "bid": 12.8,
      "bidSize": 31,
      "displaySymbol": "MAS Aug 18 '23 $70 Put",
      "inTheMoney": "y",
      "lastPrice": 0.0,
      "netChange": 0.0,
      "openInterest": 0,
      "optionCategory": "STANDARD",
      "optionRootSymbol": "MAS",
      "optionType": "PUT",
      "osiKey": "MAS---230818P00070000",
      "quoteDetail": "https://api.etrade.com/v1/market/quote/MAS:2023:8:18:PUT:70.000000",
      "strikePrice": 70.0,
      "symbol": "MAS",
      "timeStamp": 1688403596,
      "volume": 0
    },
    {
      "OptionGreeks": {
        "currentValue": "true",
        "delta": -0.95555,
        "gamma": 0.01598,
        "iv": 0.45959,
        "rho": -0.03623,
        "theta": -0.01209,
        "vega": 0.01943
      },
      "adjustedFlag": "false",
      "ask": 18.4,
      "askSize": 31,
      "bid": 17.7,
      "bidSize": 35,
      "displaySymbol": "MAS Aug 18 '23 $75 Put",
      "inTheMoney": "y",
      "lastPrice": 0.0,
      "netChange": 0.0,
      "openInterest": 0,
      "optionCategory": "STANDARD",
      "optionRootSymbol": "MAS",
      "optionType": "PUT",
      "osiKey": "MAS---230818P00075000",
      "quoteDetail": "https://api.etrade.com/v1/market/quote/MAS:2023:8:18:PUT:75.000000",
      "strikePrice": 75.0,
      "symbol": "MAS",
      "timeStamp": 1688403596,
      "volume": 0
    },
    {
      "OptionGreeks": {
        "currentValue": "true",
        "delta": -0.95312,
        "gamma": 0.01263,
        "iv": 0.56543,
        "rho": -0.04372,
        "theta": -0.0143,
        "vega": 0.01972
      },
      "adjustedFlag": "false",
      "ask": 23.4,
      "askSize": 31,
      "bid": 22.7,
      "bidSize": 34,
      "displaySymbol": "MAS Aug 18 '23 $80 Put",
      "inTheMoney": "y",
      "lastPrice": 0.0,
      "netChange": 0.0,
      "openInterest": 0,
      "optionCategory": "STANDARD",
      "optionRootSymbol": "MAS",
      "optionType": "PUT",
      "osiKey": "MAS---230818P00080000",
      "quoteDetail": "https://api.etrade.com/v1/market/quote/MAS:2023:8:18:PUT:80.000000",
      "strikePrice": 80.0,
      "symbol": "MAS",
      "timeStamp": 1688403595,
      "volume": 0
    },
    {
      "OptionGreeks": {
        "currentValue": "true",
        "delta": 0.9985,
        "gamma": 0.00051,
        "iv": 0.69616,
        "rho": 0.03019,
        "theta": 0.0,
        "vega": 0.00132
      },
      "adjustedFlag": "false",
      "ask": 27.4,
      "askSize": 30,
      "bid": 26.6,
      "bidSize": 30,
      "displaySymbol": "MAS Aug 18 '23 $30 Call",
      "inTheMoney": "y",
      "lastPrice": 0.0,
      "netChange": 0.0,
      "openInterest": 0,
      "optionCategory": "STANDARD",
      "optionRootSymbol": "MAS",
      "optionType": "CALL",
      "osiKey": "MAS---230818C00030000",
      "quoteDetail": "https://api.etrade.com/v1/market/quote/MAS:2023:8:18:CALL:30.000000",
      "strikePrice": 30.0,
      "symbol": "MAS",
      "timeStamp": 1688403595,
      "volume": 0
    },
    {
      "OptionGreeks": {
        "currentValue": "true",
        "delta": 0.98606,
        "gamma": 0.00274,
        "iv": 0.69616,
        "rho": 0.03479,
        "theta": -0.00249,
        "vega": 0.00756
      },
      "adjustedFlag": "false",
      "ask": 22.4,
      "askSize": 34,
      "bid": 21.8,
      "bidSize": 31,
      "displaySymbol": "MAS Aug 18 '23 $35 Call",
      "inTheMoney": "y",
      "lastPrice": 0.0,
      "netChange": 0.0,
      "openInterest": 0,
      "optionCategory": "STANDARD",
      "optionRootSymbol": "MAS",
      "optionType": "CALL",
      "osiKey": "MAS---230818C00035000",
      "quoteDetail": "https://api.etrade.com/v1/market/quote/MAS:2023:8:18:CALL:35.000000",
      "strikePrice": 35.0,
      "symbol": "MAS",
      "timeStamp": 1688403598,
      "volume": 0
    },
    {
      "OptionGreeks": {
        "currentValue": "true",
        "delta": 0.98196,
        "gamma": 0.00448,
        "iv": 0.52643,
        "rho": 0.03969,
        "theta": -0.00285,
        "vega": 0.0091
      },
      "adjustedFlag": "false",
      "ask": 17.4,
      "askSize": 31,
      "bid": 16.7,
      "bidSize": 31,
      "displaySymbol": "MAS Aug 18 '23 $40 Call",
      "inTheMoney": "y",
      "lastPrice": 0.0,
      "netChange": 0.0,
      "openInterest": 0,
      "optionCategory": "STANDARD",
      "optionRootSymbol": "MAS",
      "optionType": "CALL",
      "osiKey": "MAS---230818C00040000",
      "quoteDetail": "https://api.etrade.com/v1/market/quote/MAS:2023:8:18:CALL:40.000000",
      "strikePrice": 40.0,
      "symbol": "MAS",
      "timeStamp": 1688403595,
      "volume": 0
    },
    {
      "OptionGreeks": {
        "currentValue": "true",
        "delta": 0.94702,
        "gamma": 0.01219,
        "iv": 0.45909,
        "rho": 0.04324,
        "theta": -0.00941,
        "vega": 0.02272
      },
      "adjustedFlag": "false",
      "ask": 12.6,
      "askSize": 31,
      "bid": 12.0,
      "bidSize": 13,
      "displaySymbol": "MAS Aug 18 '23 $45 Call",
      "inTheMoney": "y",
      "lastPrice": 10.73,
      "netChange": 0.0,
      "openInterest": 2,
      "optionCategory": "STANDARD",
      "optionRootSymbol": "MAS",
      "optionType": "CALL",
      "osiKey": "MAS---230818C00045000",
      "quoteDetail": "https://api.etrade.com/v1/market/quote/MAS:2023:8:18:CALL:45.000000",
      "strikePrice": 45.0,
      "symbol": "MAS",
      "timeStamp": 1688403598,
      "volume": 0
    },
    {
      "OptionGreeks": {
        "currentValue": "true",
        "delta": 0.9125,
        "gamma": 0.02677,
        "iv": 0.30742,
        "rho": 0.04651,
        "theta": -0.01001,
        "vega": 0.03335
      },
      "adjustedFlag": "false",
      "ask": 7.7,
      "askSize": 31,
      "bid": 7.3,
      "bidSize": 41,
      "displaySymbol": "MAS Aug 18 '23 $50 Call",
      "inTheMoney": "y",
      "lastPrice": 6.2,
      "netChange": 0.0,
      "openInterest": 1,
      "optionCategory": "STANDARD",
      "optionRootSymbol": "MAS",
      "optionType": "CALL",
      "osiKey": "MAS---230818C00050000",
      "quoteDetail": "https://api.etrade.com/v1/market/quote/MAS:2023:8:18:CALL:50.000000",
      "strikePrice": 50.0,
      "symbol": "MAS",
      "timeStamp": 1688403599,
      "volume": 0
    },
    {
      "OptionGreeks": {
        "currentValue": "true",
        "delta": 0.68867,
        "gamma": 0.06552,
        "iv": 0.27453,
        "rho": 0.0389,
        "theta": -0.02144,
        "vega": 0.07071
      },
      "adjustedFlag": "false",
      "ask": 3.5,
      "askSize": 1,
      "bid": 3.2,
      "bidSize": 34,
      "displaySymbol": "MAS Aug 18 '23 $55 Call",
      "inTheMoney": "y",
      "lastPrice": 3.44,
      "netChange": -0.33,
      "openInterest": 54,
      "optionCategory": "STANDARD",
      "optionRootSymbol": "MAS",
      "optionType": "CALL",
      "osiKey": "MAS---230818C00055000",
      "quoteDetail": "https://api.etrade.com/v1/market/quote/MAS:2023:8:18:CALL:55.000000",
      "strikePrice": 55.0,
      "symbol": "MAS",
      "timeStamp": 1688403599,
      "volume": 1
    },
    {
      "OptionGreeks": {
        "currentValue": "true",
        "delta": 0.31185,
        "gamma": 0.07371,
        "iv": 0.24116,
        "rho": 0.0194,
        "theta": -0.01889,
        "vega": 0.07148
      },
      "adjustedFlag": "false",
      "ask": 0.9,
      "askSize": 15,
      "bid": 0.8,
      "bidSize": 25,
      "displaySymbol": "MAS Aug 18 '23 $60 Call",
      "inTheMoney": "n",
      "lastPrice": 0.9,
      "netChange": -0.3,
      "openInterest": 20,
      "optionCategory": "STANDARD",
      "optionRootSymbol": "MAS",
      "optionType": "CALL",
      "osiKey": "MAS---230818C00060000",
      "quoteDetail": "https://api.etrade.com/v1/market/quote/MAS:2023:8:18:CALL:60.000000",
      "strikePrice": 60.0,
      "symbol": "MAS",
      "timeStamp": 1688403599,
      "volume": 6
    },
    {
      "OptionGreeks": {
        "currentValue": "true",
        "delta": 0.10863,
        "gamma": 0.0334,
        "iv": 0.27718,
        "rho": 0.00703,
        "theta": -0.01122,
        "vega": 0.0382
      },
      "adjustedFlag": "false",
      "ask": 0.5,
      "askSize": 45,
      "bid": 0.0,
      "bidSize": 0,
      "displaySymbol": "MAS Aug 18 '23 $65 Call",
      "inTheMoney": "n",
      "lastPrice": 0.0,
      "netChange": 0.0,
      "openInterest": 0,
      "optionCategory": "STANDARD",
      "optionRootSymbol": "MAS",
      "optionType": "CALL",
      "osiKey": "MAS---230818C00065000",
      "quoteDetail": "https://api.etrade.com/v1/market/quote/MAS:2023:8:18:CALL:65.000000",
      "strikePrice": 65.0,
      "symbol": "MAS",
      "timeStamp": 1688403588,
      "volume": 0
    },
    {
      "OptionGreeks": {
        "currentValue": "true",
        "delta": 0.06494,
        "gamma": 0.01752,
        "iv": 0.35749,
        "rho": 0.00423,
        "theta": -0.00973,
        "vega": 0.02604
      },
      "adjustedFlag": "false",
      "ask": 0.35,
      "askSize": 71,
      "bid": 0.0,
      "bidSize": 0,
      "displaySymbol": "MAS Aug 18 '23 $70 Call",
      "inTheMoney": "n",
      "lastPrice": 0.0,
      "netChange": 0.0,
      "openInterest": 0,
      "optionCategory": "STANDARD",
      "optionRootSymbol": "MAS",
      "optionType": "CALL",
      "osiKey": "MAS---230818C00070000",
      "quoteDetail": "https://api.etrade.com/v1/market/quote/MAS:2023:8:18:CALL:70.000000",
      "strikePrice": 70.0,
      "symbol": "MAS",
      "timeStamp": 1688403591,
      "volume": 0
    },
    {
      "OptionGreeks": {
        "currentValue": "true",
        "delta": 0.0586,
        "gamma": 0.01255,
        "iv": 0.45959,
        "rho": 0.00379,
        "theta": -0.0115,
        "vega": 0.02385
      },
      "adjustedFlag": "false",
      "ask": 0.4,
      "askSize": 79,
      "bid": 0.0,
      "bidSize": 0,
      "displaySymbol": "MAS Aug 18 '23 $75 Call",
      "inTheMoney": "n",
      "lastPrice": 0.0,
      "netChange": 0.0,
      "openInterest": 0,
      "optionCategory": "STANDARD",
      "optionRootSymbol": "MAS",
      "optionType": "CALL",
      "osiKey": "MAS---230818C00075000",
      "quoteDetail": "https://api.etrade.com/v1/market/quote/MAS:2023:8:18:CALL:75.000000",
      "strikePrice": 75.0,
      "symbol": "MAS",
      "timeStamp": 1688403593,
      "volume": 0
    },
    {
      "OptionGreeks": {
        "currentValue": "true",
        "delta": 0.05953,
        "gamma": 0.01032,
        "iv": 0.56543,
        "rho": 0.00379,
        "theta": -0.01431,
        "vega": 0.02403
      },
      "adjustedFlag": "false",
      "ask": 0.5,
      "askSize": 101,
      "bid": 0.0,
      "bidSize": 0,
      "displaySymbol": "MAS Aug 18 '23 $80 Call",
      "inTheMoney": "n",
      "lastPrice": 0.0,
      "netChange": 0.0,
      "openInterest": 0,
      "optionCategory": "STANDARD",
      "optionRootSymbol": "MAS",
      "optionType": "CALL",
      "osiKey": "MAS---230818C00080000",
      "quoteDetail": "https://api.etrade.com/v1/market/quote/MAS:2023:8:18:CALL:80.000000",
      "strikePrice": 80.0,
      "symbol": "MAS",
      "timeStamp": 1688403590,
      "volume": 0
    }
  ],
  "2023-10-20": [
    {
      "OptionGreeks": {
        "currentValue": "true",
        "delta": -0.02164,
        "gamma": 0.00195,
        "iv": 0.85245,
        "rho": -0.00416,
        "theta": -0.00613,
        "vega": 0.01615
      },
      "adjustedFlag": "false",
      "ask": 0.5,
      "askSize": 44,
      "bid": 0.0,
      "bidSize": 0,
      "displaySymbol": "MAS Oct 20 '23 $25 Put",
      "inTheMoney": "n",
      "lastPrice": 0.0,
      "netChange": 0.0,
      "openInterest": 0,
      "optionCategory": "STANDARD",
      "optionRootSymbol": "MAS",
      "optionType": "PUT",
      "osiKey": "MAS---231020P00025000",
      "quoteDetail": "https://api.etrade.com/v1/market/quote/MAS:2023:10:20:PUT:25.000000",
      "strikePrice": 25.0,
      "symbol": "MAS",
      "timeStamp": 1688403595,
      "volume": 0
    },
    {
      "OptionGreeks": {
        "currentValue": "true",
        "delta": -0.02693,
        "gamma": 0.00292,
        "iv": 0.68407,
        "rho": -0.00498,
        "theta": -0.00591,
        "vega": 0.01945
      },
      "adjustedFlag": "false",
      "ask": 0.5,
      "askSize": 43,
      "bid": 0.0,
      "bidSize": 0,
      "displaySymbol": "MAS Oct 20 '23 $30 Put",
      "inTheMoney": "n",
      "lastPrice": 0.0,
      "netChange": 0.0,
      "openInterest": 0,
      "optionCategory": "STANDARD",
      "optionRootSymbol": "MAS",
      "optionType": "PUT",
      "osiKey": "MAS---231020P00030000",
      "quoteDetail": "https://api.etrade.com/v1/market/quote/MAS:2023:10:20:PUT:30.000000",
      "strikePrice": 30.0,
      "symbol": "MAS",
      "timeStamp": 1688403595,
      "volume": 0
    },
    {
      "OptionGreeks": {
        "currentValue": "true",
        "delta": -0.04324,
        "gamma": 0.00505,
        "iv": 0.58496,
        "rho": -0.00783,
        "theta": -0.00749,
        "vega": 0.02873
      },
      "adjustedFlag": "false",
      "ask": 0.75,
      "askSize": 46,
      "bid": 0.0,
      "bidSize": 0,
      "displaySymbol": "MAS Oct 20 '23 $35 Put",
      "inTheMoney": "n",
      "lastPrice": 0.29,
      "netChange": 0.0,
      "openInterest": 0,
      "optionCategory": "STANDARD",
      "optionRootSymbol": "MAS",
      "optionType": "PUT",
      "osiKey": "MAS---231020P00035000",
      "quoteDetail": "https://api.etrade.com/v1/market/quote/MAS:2023:10:20:PUT:35.000000",
      "strikePrice": 35.0,
      "symbol": "MAS",
      "timeStamp": 1688403595,
      "volume": 0
    },
    {
      "OptionGreeks": {
        "currentValue": "true",
        "delta": -0.05577,
        "gamma": 0.00799,
        "iv": 0.45351,
        "rho": -0.00973,
        "theta": -0.00714,
        "vega": 0.03534
      },
      "adjustedFlag": "false",
      "ask": 0.75,
      "askSize": 49,
      "bid": 0.0,
      "bidSize": 0,
      "displaySymbol": "MAS Oct 20 '23 $40 Put",
      "inTheMoney": "n",
      "lastPrice": 0.62,
      "netChange": 0.0,
      "openInterest": 49,
      "optionCategory": "STANDARD",
      "optionRootSymbol": "MAS",
      "optionType": "PUT",
      "osiKey": "MAS---231020P00040000",
      "quoteDetail": "https://api.etrade.com/v1/market/quote/MAS:2023:10:20:PUT:40.000000",
      "strikePrice": 40.0,
      "symbol": "MAS",
      "timeStamp": 1688403595,
      "volume": 0
    },
    {
      "OptionGreeks": {
        "currentValue": "true",
        "delta": -0.07248,
        "gamma": 0.01353,
        "iv": 0.32931,
        "rho": -0.01216,
        "theta": -0.00638,
        "vega": 0.04353
      },
      "adjustedFlag": "false",
      "ask": 0.75,
      "askSize": 50,
      "bid": 0.0,
      "bidSize": 0,
      "displaySymbol": "MAS Oct 20 '23 $45 Put",
      "inTheMoney": "n",
      "lastPrice": 0.6,
      "netChange": 0.0,
      "openInterest": 341,
      "optionCategory": "STANDARD",
      "optionRootSymbol": "MAS",
      "optionType": "PUT",
      "osiKey": "MAS---231020P00045000",
      "quoteDetail": "https://api.etrade.com/v1/market/quote/MAS:2023:10:20:PUT:45.000000",
      "strikePrice": 45.0,
      "symbol": "MAS",
      "timeStamp": 1688403587,
      "volume": 0
    },
    {
      "OptionGreeks": {
        "currentValue": "true",
        "delta": -0.16221,
        "gamma": 0.02831,
        "iv": 0.28274,
        "rho": -0.02621,
        "theta": -0.00988,
        "vega": 0.07682
      },
      "adjustedFlag": "false",
      "ask": 0.9,
      "askSize": 11,
      "bid": 0.75,
      "bidSize": 20,
      "displaySymbol": "MAS Oct 20 '23 $50 Put",
      "inTheMoney": "n",
      "lastPrice": 1.25,
      "netChange": 0.0,
      "openInterest": 258,
      "optionCategory": "STANDARD",
      "optionRootSymbol": "MAS",
      "optionType": "PUT",
      "osiKey": "MAS---231020P00050000",
      "quoteDetail": "https://api.etrade.com/v1/market/quote/MAS:2023:10:20:PUT:50.000000",
      "strikePrice": 50.0,
      "symbol": "MAS",
      "timeStamp": 1688403596,
      "volume": 0
    },
    {
      "OptionGreeks": {
        "currentValue": "true",
        "delta": -0.35072,
        "gamma": 0.04929,
        "iv": 0.25144,
        "rho": -0.05199,
        "theta": -0.01357,
        "vega": 0.1145
      },
      "adjustedFlag": "false",
      "ask": 2.1,
      "askSize": 2,
      "bid": 1.95,
      "bidSize": 5,
      "displaySymbol": "MAS Oct 20 '23 $55 Put",
      "inTheMoney": "n",
      "lastPrice": 2.05,
      "netChange": 0.0,
      "openInterest": 95,
      "optionCategory": "STANDARD",
      "optionRootSymbol": "MAS",
      "optionType": "PUT",
      "osiKey": "MAS---231020P00055000",
      "quoteDetail": "https://api.etrade.com/v1/market/quote/MAS:2023:10:20:PUT:55.000000",
      "strikePrice": 55.0,
      "symbol": "MAS",
      "timeStamp": 1688403595,
      "volume": 0
    },
    {
      "OptionGreeks": {
        "currentValue": "true",
        "delta": -0.62699,
        "gamma": 0.05775,
        "iv": 0.23338,
        "rho": -0.07676,
        "theta": -0.01338,
        "vega": 0.11546
      },
      "adjustedFlag": "false",
      "ask": 4.6,
      "askSize": 15,
      "bid": 4.4,
      "bidSize": 6,
      "displaySymbol": "MAS Oct 20 '23 $60 Put",
      "inTheMoney": "y",
      "lastPrice": 4.1,
      "netChange": 0.0,
      "openInterest": 22,
      "optionCategory": "STANDARD",
      "optionRootSymbol": "MAS",
      "optionType": "PUT",
      "osiKey": "MAS---231020P00060000",
      "quoteDetail": "https://api.etrade.com/v1/market/quote/MAS:2023:10:20:PUT:60.000000",
      "strikePrice": 60.0,
      "symbol": "MAS",
      "timeStamp": 1688403595,
      "volume": 0
    },
    {
      "OptionGreeks": {
        "currentValue": "true",
        "delta": -0.87194,
        "gamma": 0.0378,
        "iv": 0.21916,
        "rho": -0.07977,
        "theta": -0.00681,
        "vega": 0.06344
      },
      "adjustedFlag": "false",
      "ask": 8.5,
      "askSize": 9,
      "bid": 8.2,
      "bidSize": 35,
      "displaySymbol": "MAS Oct 20 '23 $65 Put",
      "inTheMoney": "y",
      "lastPrice": 0.0,
      "netChange": 0.0,
      "openInterest": 0,
      "optionCategory": "STANDARD",
      "optionRootSymbol": "MAS",
      "optionType": "PUT",
      "osiKey": "MAS---231020P00065000",
      "quoteDetail": "https://api.etrade.com/v1/market/quote/MAS:2023:10:20:PUT:65.000000",
      "strikePrice": 65.0,
      "symbol": "MAS",
      "timeStamp": 1688403599,
      "volume": 0
    },
    {
      "OptionGreeks": {
        "currentValue": "true",
        "delta": -0.98985,
        "gamma": 0.01569,
        "iv": 0.23056,
        "rho": 0.0,
        "theta": -0.00864,
        "vega": 0.00436
      },
      "adjustedFlag": "false",
      "ask": 13.5,
      "askSize": 31,
      "bid": 12.7,
      "bidSize": 31,
      "displaySymbol": "MAS Oct 20 '23 $70 Put",
      "inTheMoney": "y",
      "lastPrice": 0.0,
      "netChange": 0.0,
      "openInterest": 0,
      "optionCategory": "STANDARD",
      "optionRootSymbol": "MAS",
      "optionType": "PUT",
      "osiKey": "MAS---231020P00070000",
      "quoteDetail": "https://api.etrade.com/v1/market/quote/MAS:2023:10:20:PUT:70.000000",
      "strikePrice": 70.0,
      "symbol": "MAS",
      "timeStamp": 1688403597,
      "volume": 0
    },
    {
      "OptionGreeks": {
        "currentValue": "true",
        "delta": -1.0,
        "gamma": 0.0,
        "iv": 0.27519,
        "rho": 0.0,
        "theta": -0.00864,
        "vega": 0.0
      },
      "adjustedFlag": "false",
      "ask": 18.5,
      "askSize": 31,
      "bid": 17.7,
      "bidSize": 31,
      "displaySymbol": "MAS Oct 20 '23 $75 Put",
      "inTheMoney": "y",
      "lastPrice": 0.0,
      "netChange": 0.0,
      "openInterest": 0,
      "optionCategory": "STANDARD",
      "optionRootSymbol": "MAS",
      "optionType": "PUT",
      "osiKey": "MAS---231020P00075000",
      "quoteDetail": "https://api.etrade.com/v1/market/quote/MAS:2023:10:20:PUT:75.000000",
      "strikePrice": 75.0,
      "symbol": "MAS",
      "timeStamp": 1688403595,
      "volume": 0
    },
    {
      "OptionGreeks": {
        "currentValue": "true",
        "delta": -0.98881,
        "gamma": 0.01102,
        "iv": 0.3596,
        "rho": 0.0,
        "theta": -0.00864,
        "vega": 0.00531
      },
      "adjustedFlag": "false",
      "ask": 23.5,
      "askSize": 31,
      "bid": 22.7,
      "bidSize": 31,
      "displaySymbol": "MAS Oct 20 '23 $80 Put",
      "inTheMoney": "y",
      "lastPrice": 0.0,
      "netChange": 0.0,
      "openInterest": 0,
      "optionCategory": "STANDARD",
      "optionRootSymbol": "MAS",
      "optionType": "PUT",
      "osiKey": "MAS---231020P00080000",
      "quoteDetail": "https://api.etrade.com/v1/market/quote/MAS:2023:10:20:PUT:80.000000",
      "strikePrice": 80.0,
      "symbol": "MAS",
      "timeStamp": 1688403597,
      "volume": 0
    },
    {
      "OptionGreeks": {
        "currentValue": "true",
        "delta": 0.97893,
        "gamma": 0.00194,
        "iv": 0.85245,
        "rho": 0.06958,
        "theta": -0.00149,
        "vega": 0.01608
      },
      "adjustedFlag": "false",
      "ask": 32.7,
      "askSize": 30,
      "bid": 31.4,
      "bidSize": 30,
      "displaySymbol": "MAS Oct 20 '23 $25 Call",
      "inTheMoney": "y",
      "lastPrice": 0.0,
      "netChange": 0.0,
      "openInterest": 0,
      "optionCategory": "STANDARD",
      "optionRootSymbol": "MAS",
      "optionType": "CALL",
      "osiKey": "MAS---231020C00025000",
      "quoteDetail": "https://api.etrade.com/v1/market/quote/MAS:2023:10:20:CALL:25.000000",
      "strikePrice": 25.0,
      "symbol": "MAS",
      "timeStamp": 1688403599,
      "volume": 0
    },
    {
      "OptionGreeks": {
        "currentValue": "true",
        "delta": 0.9737,
        "gamma": 0.00291,
        "iv": 0.68407,
        "rho": 0.08339,
        "theta": -0.00197,
        "vega": 0.01937
      },
      "adjustedFlag": "false",
      "ask": 27.7,
      "askSize": 30,
      "bid": 26.5,
      "bidSize": 30,
      "displaySymbol": "MAS Oct 20 '23 $30 Call",
      "inTheMoney": "y",
      "lastPrice": 0.0,
      "netChange": 0.0,
      "openInterest": 0,
      "optionCategory": "STANDARD",
      "optionRootSymbol": "MAS",
      "optionType": "CALL",
      "osiKey": "MAS---231020C00030000",
      "quoteDetail": "https://api.etrade.com/v1/market/quote/MAS:2023:10:20:CALL:30.000000",
      "strikePrice": 30.0,
      "symbol": "MAS",
      "timeStamp": 1688403599,
      "volume": 0
    },
    {
      "OptionGreeks": {
        "currentValue": "true",
        "delta": 0.95755,
        "gamma": 0.00501,
        "iv": 0.58496,
        "rho": 0.09501,
        "theta": -0.00423,
        "vega": 0.02859
      },
      "adjustedFlag": "false",
      "ask": 22.6,
      "askSize": 31,
      "bid": 22.0,
      "bidSize": 11,
      "displaySymbol": "MAS Oct 20 '23 $35 Call",
      "inTheMoney": "y",
      "lastPrice": 13.5,
      "netChange": 0.0,
      "openInterest": 0,
      "optionCategory": "STANDARD",
      "optionRootSymbol": "MAS",
      "optionType": "CALL",
      "osiKey": "MAS---231020C00035000",
      "quoteDetail": "https://api.etrade.com/v1/market/quote/MAS:2023:10:20:CALL:35.000000",
      "strikePrice": 35.0,
      "symbol": "MAS",
      "timeStamp": 1688403595,
      "volume": 0
    },
    {
      "OptionGreeks": {
        "currentValue": "true",
        "delta": 0.94525,
        "gamma": 0.0079,
        "iv": 0.45351,
        "rho": 0.10761,
        "theta": -0.00456,
        "vega": 0.03507
      },
      "adjustedFlag": "false",
      "ask": 17.9,
      "askSize": 31,
      "bid": 17.1,
      "bidSize": 34,
      "displaySymbol": "MAS Oct 20 '23 $40 Call",
      "inTheMoney": "y",
      "lastPrice": 0.0,
      "netChange": 0.0,
      "openInterest": 0,
      "optionCategory": "STANDARD",
      "optionRootSymbol": "MAS",
      "optionType": "CALL",
      "osiKey": "MAS---231020C00040000",
      "quoteDetail": "https://api.etrade.com/v1/market/quote/MAS:2023:10:20:CALL:40.000000",
      "strikePrice": 40.0,
      "symbol": "MAS",
      "timeStamp": 1688403595,
      "volume": 0
    },
    {
      "OptionGreeks": {
        "currentValue": "true",
        "delta": 0.92907,
        "gamma": 0.01328,
        "iv": 0.32931,
        "rho": 0.11958,
        "theta": -0.00447,
        "vega": 0.04311
      },
      "adjustedFlag": "false",
      "ask": 12.8,
      "askSize": 7,
      "bid": 12.3,
      "bidSize": 31,
      "displaySymbol": "MAS Oct 20 '23 $45 Call",
      "inTheMoney": "y",
      "lastPrice": 6.94,
      "netChange": 0.0,
      "openInterest": 1,
      "optionCategory": "STANDARD",
      "optionRootSymbol": "MAS",
      "optionType": "CALL",
      "osiKey": "MAS---231020C00045000",
      "quoteDetail": "https://api.etrade.com/v1/market/quote/MAS:2023:10:20:CALL:45.000000",
      "strikePrice": 45.0,
      "symbol": "MAS",
      "timeStamp": 1688403598,
      "volume": 0
    },
    {
      "OptionGreeks": {
        "currentValue": "true",
        "delta": 0.84191,
        "gamma": 0.02746,
        "iv": 0.28274,
        "rho": 0.1182,
        "theta": -0.0085,
        "vega": 0.07587
      },
      "adjustedFlag": "false",
      "ask": 8.4,
      "askSize": 30,
      "bid": 8.1,
      "bidSize": 41,
      "displaySymbol": "MAS Oct 20 '23 $50 Call",
      "inTheMoney": "y",
      "lastPrice": 6.9,
      "netChange": 0.0,
      "openInterest": 84,
      "optionCategory": "STANDARD",
      "optionRootSymbol": "MAS",
      "optionType": "CALL",
      "osiKey": "MAS---231020C00050000",
      "quoteDetail": "https://api.etrade.com/v1/market/quote/MAS:2023:10:20:CALL:50.000000",
      "strikePrice": 50.0,
      "symbol": "MAS",
      "timeStamp": 1688403598,
      "volume": 0
    },
    {
      "OptionGreeks": {
        "currentValue": "true",
        "delta": 0.66222,
        "gamma": 0.04669,
        "iv": 0.25144,
        "rho": 0.09895,
        "theta": -0.01246,
        "vega": 0.11377
      },
      "adjustedFlag": "false",
      "ask": 4.5,
      "askSize": 17,
      "bid": 4.3,
      "bidSize": 66,
      "displaySymbol": "MAS Oct 20 '23 $55 Call",
      "inTheMoney": "y",
      "lastPrice": 4.82,
      "netChange": 0.0,
      "openInterest": 182,
      "optionCategory": "STANDARD",
      "optionRootSymbol": "MAS",
      "optionType": "CALL",
      "osiKey": "MAS---231020C00055000",
      "quoteDetail": "https://api.etrade.com/v1/market/quote/MAS:2023:10:20:CALL:55.000000",
      "strikePrice": 55.0,
      "symbol": "MAS",
      "timeStamp": 1688403595,
      "volume": 0
    },
    {
      "OptionGreeks": {
        "currentValue": "true",
        "delta": 0.40621,
        "gamma": 0.05333,
        "iv": 0.23338,
        "rho": 0.06306,
        "theta": -0.01263,
        "vega": 0.1206
      },
      "adjustedFlag": "false",
      "ask": 1.95,
      "askSize": 51,
      "bid": 1.8,
      "bidSize": 57,
      "displaySymbol": "MAS Oct 20 '23 $60 Call",
      "inTheMoney": "n",
      "lastPrice": 2.3,
      "netChange": 0.0,
      "openInterest": 112,
      "optionCategory": "STANDARD",
      "optionRootSymbol": "MAS",
      "optionType": "CALL",
      "osiKey": "MAS---231020C00060000",
      "quoteDetail": "https://api.etrade.com/v1/market/quote/MAS:2023:10:20:CALL:60.000000",
      "strikePrice": 60.0,
      "symbol": "MAS",
      "timeStamp": 1688403598,
      "volume": 0
    },
    {
      "OptionGreeks": {
        "currentValue": "true",
        "delta": 0.17744,
        "gamma": 0.03803,
        "iv": 0.21916,
        "rho": 0.02809,
        "theta": -0.00797,
        "vega": 0.08195
      },
      "adjustedFlag": "false",
      "ask": 0.7,
      "askSize": 30,
      "bid": 0.45,
      "bidSize": 80,
      "displaySymbol": "MAS Oct 20 '23 $65 Call",
      "inTheMoney": "n",
      "lastPrice": 0.74,
      "netChange": 0.0,
      "openInterest": 720,
      "optionCategory": "STANDARD",
      "optionRootSymbol": "MAS",
      "optionType": "CALL",
      "osiKey": "MAS---231020C00065000",
      "quoteDetail": "https://api.etrade.com/v1/market/quote/MAS:2023:10:20:CALL:65.000000",
      "strikePrice": 65.0,
      "symbol": "MAS",
      "timeStamp": 1688403599,
      "volume": 0
    },
    {
      "OptionGreeks": {
        "currentValue": "true",
        "delta": 0.07228,
        "gamma": 0.01911,
        "iv": 0.23056,
        "rho": 0.01145,
        "theta": -0.0044,
        "vega": 0.0442
      },
      "adjustedFlag": "false",
      "ask": 0.4,
      "askSize": 38,
      "bid": 0.0,
      "bidSize": 0,
      "displaySymbol": "MAS Oct 20 '23 $70 Call",
      "inTheMoney": "n",
      "lastPrice": 0.0,
      "netChange": 0.0,
      "openInterest": 0,
      "optionCategory": "STANDARD",
      "optionRootSymbol": "MAS",
      "optionType": "CALL",
      "osiKey": "MAS---231020C00070000",
      "quoteDetail": "https://api.etrade.com/v1/market/quote/MAS:2023:10:20:CALL:70.000000",
      "strikePrice": 70.0,
      "symbol": "MAS",
      "timeStamp": 1688403595,
      "volume": 0
    },
    {
      "OptionGreeks": {
        "currentValue": "true",
        "delta": 0.04881,
        "gamma": 0.01176,
        "iv": 0.27519,
        "rho": 0.00766,
        "theta": -0.00384,
        "vega": 0.03251
      },
      "adjustedFlag": "false",
      "ask": 0.3,
      "askSize": 1,
      "bid": 0.0,
      "bidSize": 0,
      "displaySymbol": "MAS Oct 20 '23 $75 Call",
      "inTheMoney": "n",
      "lastPrice": 0.0,
      "netChange": 0.0,
      "openInterest": 0,
      "optionCategory": "STANDARD",
      "optionRootSymbol": "MAS",
      "optionType": "CALL",
      "osiKey": "MAS---231020C00075000",
      "quoteDetail": "https://api.etrade.com/v1/market/quote/MAS:2023:10:20:CALL:75.000000",
      "strikePrice": 75.0,
      "symbol": "MAS",
      "timeStamp": 1688403329,
      "volume": 0
    },
    {
      "OptionGreeks": {
        "currentValue": "true",
        "delta": 0.06024,
        "gamma": 0.01063,
        "iv": 0.3596,
        "rho": 0.00925,
        "theta": -0.00594,
        "vega": 0.03783
      },
      "adjustedFlag": "false",
      "ask": 0.5,
      "askSize": 63,
      "bid": 0.0,
      "bidSize": 0,
      "displaySymbol": "MAS Oct 20 '23 $80 Call",
      "inTheMoney": "n",
      "lastPrice": 0.0,
      "netChange": 0.0,
      "openInterest": 0,
      "optionCategory": "STANDARD",
      "optionRootSymbol": "MAS",
      "optionType": "CALL",
      "osiKey": "MAS---231020C00080000",
      "quoteDetail": "https://api.etrade.com/v1/market/quote/MAS:2023:10:20:CALL:80.000000",
      "strikePrice": 80.0,
      "symbol": "MAS",
      "timeStamp": 1688403595,
      "volume": 0
    }
  ],
  "2023-12-15": [
    {
      "OptionGreeks": {
        "currentValue": "true",
        "delta": -0.01936,
        "gamma": 0.0016,
        "iv": 0.77625,
        "rho": -0.00572,
        "theta": -0.0041,
        "vega": 0.01803
      },
      "adjustedFlag": "false",
      "ask": 0.5,
      "askSize": 54,
      "bid": 0.0,
      "bidSize": 0,
      "displaySymbol": "MAS Dec 15 '23 $22.50 Put",
      "inTheMoney": "n",
      "lastPrice": 0.25,
      "netChange": 0.0,
      "openInterest": 4,
      "optionCategory": "STANDARD",
      "optionRootSymbol": "MAS",
      "optionType": "PUT",
      "osiKey": "MAS---231215P00022500",
      "quoteDetail": "https://api.etrade.com/v1/market/quote/MAS:2023:12:15:PUT:22.500000",
      "strikePrice": 22.5,
      "symbol": "MAS",
      "timeStamp": 1688403595,
      "volume": 0
    },
    {
      "OptionGreeks": {
        "currentValue": "true",
        "delta": -0.02159,
        "gamma": 0.00195,
        "iv": 0.69677,
        "rho": -0.00625,
        "theta": -0.00404,
        "vega": 0.0198
      },
      "adjustedFlag": "false",
      "ask": 0.5,
      "askSize": 30,
      "bid": 0.0,
      "bidSize": 0,
      "displaySymbol": "MAS Dec 15 '23 $25 Put",
      "inTheMoney": "n",
      "lastPrice": 0.01,
      "netChange": 0.0,
      "openInterest": 15,
      "optionCategory": "STANDARD",
      "optionRootSymbol": "MAS",
      "optionType": "PUT",
      "osiKey": "MAS---231215P00025000",
      "quoteDetail": "https://api.etrade.com/v1/market/quote/MAS:2023:12:15:PUT:25.000000",
      "strikePrice": 25.0,
      "symbol": "MAS",
      "timeStamp": 1688403595,
      "volume": 0
    },
    {
      "OptionGreeks": {
        "currentValue": "true",
        "delta": -0.03519,
        "gamma": 0.00337,
        "iv": 0.60712,
        "rho": -0.01,
        "theta": -0.0053,
        "vega": 0.0298
      },
      "adjustedFlag": "false",
      "ask": 0.75,
      "askSize": 54,
      "bid": 0.0,
      "bidSize": 0,
      "displaySymbol": "MAS Dec 15 '23 $30 Put",
      "inTheMoney": "n",
      "lastPrice": 0.4,
      "netChange": 0.0,
      "openInterest": 3,
      "optionCategory": "STANDARD",
      "optionRootSymbol": "MAS",
      "optionType": "PUT",
      "osiKey": "MAS---231215P00030000",
      "quoteDetail": "https://api.etrade.com/v1/market/quote/MAS:2023:12:15:PUT:30.000000",
      "strikePrice": 30.0,
      "symbol": "MAS",
      "timeStamp": 1688403596,
      "volume": 0
    },
    {
      "OptionGreeks": {
        "currentValue": "true",
        "delta": -0.04352,
        "gamma": 0.00505,
        "iv": 0.48135,
        "rho": -0.01189,
        "theta": -0.005,
        "vega": 0.03551
      },
      "adjustedFlag": "false",
      "ask": 0.75,
      "askSize": 46,
      "bid": 0.0,
      "bidSize": 0,
      "displaySymbol": "MAS Dec 15 '23 $35 Put",
      "inTheMoney": "n",
      "lastPrice": 0.3,
      "netChange": 0.0,
      "openInterest": 28,
      "optionCategory": "STANDARD",
      "optionRootSymbol": "MAS",
      "optionType": "PUT",
      "osiKey": "MAS---231215P00035000",
      "quoteDetail": "https://api.etrade.com/v1/market/quote/MAS:2023:12:15:PUT:35.000000",
      "strikePrice": 35.0,
      "symbol": "MAS",
      "timeStamp": 1688403595,
      "volume": 0
    },
    {
      "OptionGreeks": {
        "currentValue": "true",
        "delta": -0.08091,
        "gamma": 0.00905,
        "iv": 0.43703,
        "rho": -0.02193,
        "theta": -0.00742,
        "vega": 0.05759
      },
      "adjustedFlag": "false",
      "ask": 1.2,
      "askSize": 159,
      "bid": 0.3,
      "bidSize": 33,
      "displaySymbol": "MAS Dec 15 '23 $40 Put",
      "inTheMoney": "n",
      "lastPrice": 0.5,
      "netChange": 0.0,
      "openInterest": 58,
      "optionCategory": "STANDARD",
      "optionRootSymbol": "MAS",
      "optionType": "PUT",
      "osiKey": "MAS---231215P00040000",
      "quoteDetail": "https://api.etrade.com/v1/market/quote/MAS:2023:12:15:PUT:40.000000",
      "strikePrice": 40.0,
      "symbol": "MAS",
      "timeStamp": 1688403599,
      "volume": 0
    },
    {
      "OptionGreeks": {
        "currentValue": "true",
        "delta": -0.10124,
        "gamma": 0.01468,
        "iv": 0.31897,
        "rho": -0.02621,
        "theta": -0.00642,
        "vega": 0.06817
      },
      "adjustedFlag": "false",
      "ask": 0.8,
      "askSize": 111,
      "bid": 0.5,
      "bidSize": 50,
      "displaySymbol": "MAS Dec 15 '23 $45 Put",
      "inTheMoney": "n",
      "lastPrice": 0.9,
      "netChange": 0.0,
      "openInterest": 89,
      "optionCategory": "STANDARD",
      "optionRootSymbol": "MAS",
      "optionType": "PUT",
      "osiKey": "MAS---231215P00045000",
      "quoteDetail": "https://api.etrade.com/v1/market/quote/MAS:2023:12:15:PUT:45.000000",
      "strikePrice": 45.0,
      "symbol": "MAS",
      "timeStamp": 1688403599,
      "volume": 0
    },
    {
      "OptionGreeks": {
        "currentValue": "true",
        "delta": -0.19301,
        "gamma": 0.02624,
        "iv": 0.27795,
        "rho": -0.04861,
        "theta": -0.00871,
        "vega": 0.10471
      },
      "adjustedFlag": "false",
      "ask": 1.4,
      "askSize": 7,
      "bid": 1.1,
      "bidSize": 117,
      "displaySymbol": "MAS Dec 15 '23 $50 Put",
      "inTheMoney": "n",
      "lastPrice": 3.4,
      "netChange": 0.0,
      "openInterest": 546,
      "optionCategory": "STANDARD",
      "optionRootSymbol": "MAS",
      "optionType": "PUT",
      "osiKey": "MAS---231215P00050000",
      "quoteDetail": "https://api.etrade.com/v1/market/quote/MAS:2023:12:15:PUT:50.000000",
      "strikePrice": 50.0,
      "symbol": "MAS",
      "timeStamp": 1688403598,
      "volume": 0
    },
    {
      "OptionGreeks": {
        "currentValue": "true",
        "delta": -0.35897,
        "gamma": 0.03967,
        "iv": 0.25675,
        "rho": -0.08485,
        "theta": -0.01113,
        "vega": 0.14154
      },
      "adjustedFlag": "false",
      "ask": 2.85,
      "askSize": 10,
      "bid": 2.45,
      "bidSize": 119,
      "displaySymbol": "MAS Dec 15 '23 $55 Put",
      "inTheMoney": "n",
      "lastPrice": 3.5,
      "netChange": 0.0,
      "openInterest": 412,
      "optionCategory": "STANDARD",
      "optionRootSymbol": "MAS",
      "optionType": "PUT",
      "osiKey": "MAS---231215P00055000",
      "quoteDetail": "https://api.etrade.com/v1/market/quote/MAS:2023:12:15:PUT:55.000000",
      "strikePrice": 55.0,
      "symbol": "MAS",
      "timeStamp": 1688403599,
      "volume": 0
    },
    {
      "OptionGreeks": {
        "currentValue": "true",
        "delta": -0.5798,
        "gamma": 0.04764,
        "iv": 0.2412,
        "rho": -0.11534,
        "theta": -0.01151,
        "vega": 0.14618
      },
      "adjustedFlag": "false",
      "ask": 5.2,
      "askSize": 8,
      "bid": 4.8,
      "bidSize": 44,
      "displaySymbol": "MAS Dec 15 '23 $60 Put",
      "inTheMoney": "y",
      "lastPrice": 5.1,
      "netChange": 0.0,
      "openInterest": 2,
      "optionCategory": "STANDARD",
      "optionRootSymbol": "MAS",
      "optionType": "PUT",
      "osiKey": "MAS---231215P00060000",
      "quoteDetail": "https://api.etrade.com/v1/market/quote/MAS:2023:12:15:PUT:60.000000",
      "strikePrice": 60.0,
      "symbol": "MAS",
      "timeStamp": 1688403599,
      "volume": 0
    },
    {
      "OptionGreeks": {
        "currentValue": "true",
        "delta": -0.81017,
        "gamma": 0.04141,
        "iv": 0.22434,
        "rho": -0.11148,
        "theta": -0.00799,
        "vega": 0.10035
      },
      "adjustedFlag": "false",
      "ask": 8.9,
      "askSize": 37,
      "bid": 8.1,
      "bidSize": 38,
      "displaySymbol": "MAS Dec 15 '23 $65 Put",
      "inTheMoney": "y",
      "lastPrice": 16.4,
      "netChange": 0.0,
      "openInterest": 2,
      "optionCategory": "STANDARD",
      "optionRootSymbol": "MAS",
      "optionType": "PUT",
      "osiKey": "MAS---231215P00065000",
      "quoteDetail": "https://api.etrade.com/v1/market/quote/MAS:2023:12:15:PUT:65.000000",
      "strikePrice": 65.0,
      "symbol": "MAS",
      "timeStamp": 1688403599,
      "volume": 0
    },
    {
      "OptionGreeks": {
        "currentValue": "true",
        "delta": -0.98103,
        "gamma": 0.0254,
        "iv": 0.21692,
        "rho": 0.0,
        "theta": -0.00931,
        "vega": 0.01337
      },
      "adjustedFlag": "false",
      "ask": 13.6,
      "askSize": 31,
      "bid": 12.7,
      "bidSize": 31,
      "displaySymbol": "MAS Dec 15 '23 $70 Put",
      "inTheMoney": "y",
      "lastPrice": 0.0,
      "netChange": 0.0,
      "openInterest": 0,
      "optionCategory": "STANDARD",
      "optionRootSymbol": "MAS",
      "optionType": "PUT",
      "osiKey": "MAS---231215P00070000",
      "quoteDetail": "https://api.etrade.com/v1/market/quote/MAS:2023:12:15:PUT:70.000000",
      "strikePrice": 70.0,
      "symbol": "MAS",
      "timeStamp": 1688403597,
      "volume": 0
    },
    {
      "OptionGreeks": {
        "currentValue": "true",
        "delta": -1.0,
        "gamma": 0.0,
        "iv": 0.22044,
        "rho": 0.0,
        "theta": -0.00931,
        "vega": 0.0
      },
      "adjustedFlag": "false",
      "ask": 18.6,
      "askSize": 5,
      "bid": 17.6,
      "bidSize": 31,
      "displaySymbol": "MAS Dec 15 '23 $75 Put",
      "inTheMoney": "y",
      "lastPrice": 0.0,
      "netChange": 0.0,
      "openInterest": 0,
      "optionCategory": "STANDARD",
      "optionRootSymbol": "MAS",
      "optionType": "PUT",
      "osiKey": "MAS---231215P00075000",
      "quoteDetail": "https://api.etrade.com/v1/market/quote/MAS:2023:12:15:PUT:75.000000",
      "strikePrice": 75.0,
      "symbol": "MAS",
      "timeStamp": 1688403595,
      "volume": 0
    },
    {
      "OptionGreeks": {
        "currentValue": "true",
        "delta": -1.0,
        "gamma": 0.0,
        "iv": 0.28901,
        "rho": 0.0,
        "theta": -0.00931,
        "vega": 0.0
      },
      "adjustedFlag": "false",
      "ask": 23.5,
      "askSize": 31,
      "bid": 22.7,
      "bidSize": 31,
      "displaySymbol": "MAS Dec 15 '23 $80 Put",
      "inTheMoney": "y",
      "lastPrice": 0.0,
      "netChange": 0.0,
      "openInterest": 0,
      "optionCategory": "STANDARD",
      "optionRootSymbol": "MAS",
      "optionType": "PUT",
      "osiKey": "MAS---231215P00080000",
      "quoteDetail": "https://api.etrade.com/v1/market/quote/MAS:2023:12:15:PUT:80.000000",
      "strikePrice": 80.0,
      "symbol": "MAS",
      "timeStamp": 1688403596,
      "volume": 0
    },
    {
      "OptionGreeks": {
        "currentValue": "true",
        "delta": 0.9844,
        "gamma": 0.00151,
        "iv": 0.77625,
        "rho": 0.07506,
        "theta": 0.0,
        "vega": 0.01668
      },
      "adjustedFlag": "false",
      "ask": 35.1,
      "askSize": 30,
      "bid": 33.9,
      "bidSize": 30,
      "displaySymbol": "MAS Dec 15 '23 $22.50 Call",
      "inTheMoney": "y",
      "lastPrice": 0.0,
      "netChange": 0.0,
      "openInterest": 0,
      "optionCategory": "STANDARD",
      "optionRootSymbol": "MAS",
      "optionType": "CALL",
      "osiKey": "MAS---231215C00022500",
      "quoteDetail": "https://api.etrade.com/v1/market/quote/MAS:2023:12:15:CALL:22.500000",
      "strikePrice": 22.5,
      "symbol": "MAS",
      "timeStamp": 1688403596,
      "volume": 0
    },
    {
      "OptionGreeks": {
        "currentValue": "true",
        "delta": 0.98219,
        "gamma": 0.00186,
        "iv": 0.69677,
        "rho": 0.08341,
        "theta": 0.0,
        "vega": 0.01828
      },
      "adjustedFlag": "false",
      "ask": 32.6,
      "askSize": 30,
      "bid": 31.4,
      "bidSize": 30,
      "displaySymbol": "MAS Dec 15 '23 $25 Call",
      "inTheMoney": "y",
      "lastPrice": 0.0,
      "netChange": 0.0,
      "openInterest": 0,
      "optionCategory": "STANDARD",
      "optionRootSymbol": "MAS",
      "optionType": "CALL",
      "osiKey": "MAS---231215C00025000",
      "quoteDetail": "https://api.etrade.com/v1/market/quote/MAS:2023:12:15:CALL:25.000000",
      "strikePrice": 25.0,
      "symbol": "MAS",
      "timeStamp": 1688403595,
      "volume": 0
    },
    {
      "OptionGreeks": {
        "currentValue": "true",
        "delta": 0.96875,
        "gamma": 0.00326,
        "iv": 0.60712,
        "rho": 0.09919,
        "theta": -0.00122,
        "vega": 0.02807
      },
      "adjustedFlag": "false",
      "ask": 27.8,
      "askSize": 30,
      "bid": 26.6,
      "bidSize": 30,
      "displaySymbol": "MAS Dec 15 '23 $30 Call",
      "inTheMoney": "y",
      "lastPrice": 0.0,
      "netChange": 0.0,
      "openInterest": 0,
      "optionCategory": "STANDARD",
      "optionRootSymbol": "MAS",
      "optionType": "CALL",
      "osiKey": "MAS---231215C00030000",
      "quoteDetail": "https://api.etrade.com/v1/market/quote/MAS:2023:12:15:CALL:30.000000",
      "strikePrice": 30.0,
      "symbol": "MAS",
      "timeStamp": 1688403596,
      "volume": 0
    },
    {
      "OptionGreeks": {
        "currentValue": "true",
        "delta": 0.96041,
        "gamma": 0.00492,
        "iv": 0.48135,
        "rho": 0.11715,
        "theta": -0.00166,
        "vega": 0.03419
      },
      "adjustedFlag": "false",
      "ask": 22.9,
      "askSize": 31,
      "bid": 22.1,
      "bidSize": 5,
      "displaySymbol": "MAS Dec 15 '23 $35 Call",
      "inTheMoney": "y",
      "lastPrice": 16.0,
      "netChange": 0.0,
      "openInterest": 1,
      "optionCategory": "STANDARD",
      "optionRootSymbol": "MAS",
      "optionType": "CALL",
      "osiKey": "MAS---231215C00035000",
      "quoteDetail": "https://api.etrade.com/v1/market/quote/MAS:2023:12:15:CALL:35.000000",
      "strikePrice": 35.0,
      "symbol": "MAS",
      "timeStamp": 1688403595,
      "volume": 0
    },
    {
      "OptionGreeks": {
        "currentValue": "true",
        "delta": 0.92664,
        "gamma": 0.00877,
        "iv": 0.42782,
        "rho": 0.13202,
        "theta": -0.00438,
        "vega": 0.05449
      },
      "adjustedFlag": "false",
      "ask": 18.0,
      "askSize": 7,
      "bid": 17.4,
      "bidSize": 13,
      "displaySymbol": "MAS Dec 15 '23 $40 Call",
      "inTheMoney": "y",
      "lastPrice": 10.4,
      "netChange": 0.0,
      "openInterest": 5,
      "optionCategory": "STANDARD",
      "optionRootSymbol": "MAS",
      "optionType": "CALL",
      "osiKey": "MAS---231215C00040000",
      "quoteDetail": "https://api.etrade.com/v1/market/quote/MAS:2023:12:15:CALL:40.000000",
      "strikePrice": 40.0,
      "symbol": "MAS",
      "timeStamp": 1688403595,
      "volume": 0
    },
    {
      "OptionGreeks": {
        "currentValue": "true",
        "delta": 0.9032,
        "gamma": 0.01435,
        "iv": 0.31897,
        "rho": 0.1714,
        "theta": -0.00446,
        "vega": 0.06733
      },
      "adjustedFlag": "false",
      "ask": 13.4,
      "askSize": 40,
      "bid": 12.8,
      "bidSize": 33,
      "displaySymbol": "MAS Dec 15 '23 $45 Call",
      "inTheMoney": "y",
      "lastPrice": 7.7,
      "netChange": 0.0,
      "openInterest": 3,
      "optionCategory": "STANDARD",
      "optionRootSymbol": "MAS",
      "optionType": "CALL",
      "osiKey": "MAS---231215C00045000",
      "quoteDetail": "https://api.etrade.com/v1/market/quote/MAS:2023:12:15:CALL:45.000000",
      "strikePrice": 45.0,
      "symbol": "MAS",
      "timeStamp": 1688403599,
      "volume": 0
    },
    {
      "OptionGreeks": {
        "currentValue": "true",
        "delta": 0.81434,
        "gamma": 0.02546,
        "iv": 0.27795,
        "rho": 0.16822,
        "theta": -0.00733,
        "vega": 0.10339
      },
      "adjustedFlag": "false",
      "ask": 9.0,
      "askSize": 11,
      "bid": 8.7,
      "bidSize": 14,
      "displaySymbol": "MAS Dec 15 '23 $50 Call",
      "inTheMoney": "y",
      "lastPrice": 6.4,
      "netChange": 0.0,
      "openInterest": 409,
      "optionCategory": "STANDARD",
      "optionRootSymbol": "MAS",
      "optionType": "CALL",
      "osiKey": "MAS---231215C00050000",
      "quoteDetail": "https://api.etrade.com/v1/market/quote/MAS:2023:12:15:CALL:50.000000",
      "strikePrice": 50.0,
      "symbol": "MAS",
      "timeStamp": 1688403594,
      "volume": 0
    },
    {
      "OptionGreeks": {
        "currentValue": "true",
        "delta": 0.65566,
        "gamma": 0.03774,
        "iv": 0.25675,
        "rho": 0.14354,
        "theta": -0.01017,
        "vega": 0.14074
      },
      "adjustedFlag": "false",
      "ask": 5.4,
      "askSize": 10,
      "bid": 5.2,
      "bidSize": 13,
      "displaySymbol": "MAS Dec 15 '23 $55 Call",
      "inTheMoney": "y",
      "lastPrice": 5.47,
      "netChange": 0.0,
      "openInterest": 1507,
      "optionCategory": "STANDARD",
      "optionRootSymbol": "MAS",
      "optionType": "CALL",
      "osiKey": "MAS---231215C00055000",
      "quoteDetail": "https://api.etrade.com/v1/market/quote/MAS:2023:12:15:CALL:55.000000",
      "strikePrice": 55.0,
      "symbol": "MAS",
      "timeStamp": 1688403596,
      "volume": 0
    },
    {
      "OptionGreeks": {
        "currentValue": "true",
        "delta": 0.45263,
        "gamma": 0.04312,
        "iv": 0.2412,
        "rho": 0.10309,
        "theta": -0.01064,
        "vega": 0.15092
      },
      "adjustedFlag": "false",
      "ask": 2.95,
      "askSize": 35,
      "bid": 2.65,
      "bidSize": 15,
      "displaySymbol": "MAS Dec 15 '23 $60 Call",
      "inTheMoney": "n",
      "lastPrice": 2.75,
      "netChange": -0.25,
      "openInterest": 346,
      "optionCategory": "STANDARD",
      "optionRootSymbol": "MAS",
      "optionType": "CALL",
      "osiKey": "MAS---231215C00060000",
      "quoteDetail": "https://api.etrade.com/v1/market/quote/MAS:2023:12:15:CALL:60.000000",
      "strikePrice": 60.0,
      "symbol": "MAS",
      "timeStamp": 1688403598,
      "volume": 9
    },
    {
      "OptionGreeks": {
        "currentValue": "true",
        "delta": 0.25204,
        "gamma": 0.03729,
        "iv": 0.22434,
        "rho": 0.05897,
        "theta": -0.00806,
        "vega": 0.12241
      },
      "adjustedFlag": "false",
      "ask": 1.25,
      "askSize": 11,
      "bid": 1.0,
      "bidSize": 41,
      "displaySymbol": "MAS Dec 15 '23 $65 Call",
      "inTheMoney": "n",
      "lastPrice": 1.4,
      "netChange": 0.0,
      "openInterest": 138,
      "optionCategory": "STANDARD",
      "optionRootSymbol": "MAS",
      "optionType": "CALL",
      "osiKey": "MAS---231215C00065000",
      "quoteDetail": "https://api.etrade.com/v1/market/quote/MAS:2023:12:15:CALL:65.000000",
      "strikePrice": 65.0,
      "symbol": "MAS",
      "timeStamp": 1688403599,
      "volume": 0
    },
    {
      "OptionGreeks": {
        "currentValue": "true",
        "delta": 0.11464,
        "gamma": 0.02337,
        "iv": 0.21692,
        "rho": 0.02715,
        "theta": -0.00472,
        "vega": 0.0756
      },
      "adjustedFlag": "false",
      "ask": 0.5,
      "askSize": 22,
      "bid": 0.3,
      "bidSize": 62,
      "displaySymbol": "MAS Dec 15 '23 $70 Call",
      "inTheMoney": "n",
      "lastPrice": 0.45,
      "netChange": 0.0,
      "openInterest": 72,
      "optionCategory": "STANDARD",
      "optionRootSymbol": "MAS",
      "optionType": "CALL",
      "osiKey": "MAS---231215C00070000",
      "quoteDetail": "https://api.etrade.com/v1/market/quote/MAS:2023:12:15:CALL:70.000000",
      "strikePrice": 70.0,
      "symbol": "MAS",
      "timeStamp": 1688403599,
      "volume": 0
    },
    {
      "OptionGreeks": {
        "currentValue": "true",
        "delta": 0.04998,
        "gamma": 0.01222,
        "iv": 0.22044,
        "rho": 0.01187,
        "theta": -0.00253,
        "vega": 0.04107
      },
      "adjustedFlag": "false",
      "ask": 0.3,
      "askSize": 1,
      "bid": 0.0,
      "bidSize": 0,
      "displaySymbol": "MAS Dec 15 '23 $75 Call",
      "inTheMoney": "n",
      "lastPrice": 0.15,
      "netChange": 0.0,
      "openInterest": 1,
      "optionCategory": "STANDARD",
      "optionRootSymbol": "MAS",
      "optionType": "CALL",
      "osiKey": "MAS---231215C00075000",
      "quoteDetail": "https://api.etrade.com/v1/market/quote/MAS:2023:12:15:CALL:75.000000",
      "strikePrice": 75.0,
      "symbol": "MAS",
      "timeStamp": 1688403327,
      "volume": 0
    },
    {
      "OptionGreeks": {
        "currentValue": "true",
        "delta": 0.06139,
        "gamma": 0.01097,
        "iv": 0.28901,
        "rho": 0.01426,
        "theta": -0.00391,
        "vega": 0.04745
      },
      "adjustedFlag": "false",
      "ask": 0.5,
      "askSize": 48,
      "bid": 0.0,
      "bidSize": 0,
      "displaySymbol": "MAS Dec 15 '23 $80 Call",
      "inTheMoney": "n",
      "lastPrice": 0.0,
      "netChange": 0.0,
      "openInterest": 0,
      "optionCategory": "STANDARD",
      "optionRootSymbol": "MAS",
      "optionType": "CALL",
      "osiKey": "MAS---231215C00080000",
      "quoteDetail": "https://api.etrade.com/v1/market/quote/MAS:2023:12:15:CALL:80.000000",
      "strikePrice": 80.0,
      "symbol": "MAS",
      "timeStamp": 1688403595,
      "volume": 0
    }
  ],
  "2024-01-19": [
    {
      "OptionGreeks": {
        "currentValue": "true",
        "delta": -0.0144,
        "gamma": 0.00198,
        "iv": 0.4416,
        "rho": -0.00468,
        "theta": -0.00163,
        "vega": 0.01567
      },
      "adjustedFlag": "false",
      "ask": 2.3,
      "askSize": 40,
      "bid": 0.0,
      "bidSize": 0,
      "displaySymbol": "MAS Jan 19 '24 $30 Put",
      "inTheMoney": "n",
      "lastPrice": 0.27,
      "netChange": 0.0,
      "openInterest": 1,
      "optionCategory": "STANDARD",
      "optionRootSymbol": "MAS",
      "optionType": "PUT",
      "osiKey": "MAS---240119P00030000",
      "quoteDetail": "https://api.etrade.com/v1/market/quote/MAS:2024:1:19:PUT:30.000000",
      "strikePrice": 30.0,
      "symbol": "MAS",
      "timeStamp": 1688403582,
      "volume": 0
    },
    {
      "OptionGreeks": {
        "currentValue": "true",
        "delta": -0.04339,
        "gamma": 0.005,
        "iv": 0.4416,
        "rho": -0.01421,
        "theta": -0.00416,
        "vega": 0.03906
      },
      "adjustedFlag": "false",
      "ask": 0.75,
      "askSize": 28,
      "bid": 0.0,
      "bidSize": 0,
      "displaySymbol": "MAS Jan 19 '24 $35 Put",
      "inTheMoney": "n",
      "lastPrice": 0.0,
      "netChange": 0.0,
      "openInterest": 0,
      "optionCategory": "STANDARD",
      "optionRootSymbol": "MAS",
      "optionType": "PUT",
      "osiKey": "MAS---240119P00035000",
      "quoteDetail": "https://api.etrade.com/v1/market/quote/MAS:2024:1:19:PUT:35.000000",
      "strikePrice": 35.0,
      "symbol": "MAS",
      "timeStamp": 1688403595,
      "volume": 0
    },
    {
      "OptionGreeks": {
        "currentValue": "true",
        "delta": -0.08033,
        "gamma": 0.00894,
        "iv": 0.40121,
        "rho": -0.02591,
        "theta": -0.00616,
        "vega": 0.06309
      },
      "adjustedFlag": "false",
      "ask": 1.2,
      "askSize": 82,
      "bid": 0.3,
      "bidSize": 41,
      "displaySymbol": "MAS Jan 19 '24 $40 Put",
      "inTheMoney": "n",
      "lastPrice": 0.0,
      "netChange": 0.0,
      "openInterest": 0,
      "optionCategory": "STANDARD",
      "optionRootSymbol": "MAS",
      "optionType": "PUT",
      "osiKey": "MAS---240119P00040000",
      "quoteDetail": "https://api.etrade.com/v1/market/quote/MAS:2024:1:19:PUT:40.000000",
      "strikePrice": 40.0,
      "symbol": "MAS",
      "timeStamp": 1688403599,
      "volume": 0
    },
    {
      "OptionGreeks": {
        "currentValue": "true",
        "delta": -0.10846,
        "gamma": 0.01467,
        "iv": 0.30681,
        "rho": -0.03337,
        "theta": -0.00592,
        "vega": 0.07883
      },
      "adjustedFlag": "false",
      "ask": 0.9,
      "askSize": 71,
      "bid": 0.6,
      "bidSize": 46,
      "displaySymbol": "MAS Jan 19 '24 $45 Put",
      "inTheMoney": "n",
      "lastPrice": 0.85,
      "netChange": 0.0,
      "openInterest": 17,
      "optionCategory": "STANDARD",
      "optionRootSymbol": "MAS",
      "optionType": "PUT",
      "osiKey": "MAS---240119P00045000",
      "quoteDetail": "https://api.etrade.com/v1/market/quote/MAS:2024:1:19:PUT:45.000000",
      "strikePrice": 45.0,
      "symbol": "MAS",
      "timeStamp": 1688403599,
      "volume": 0
    },
    {
      "OptionGreeks": {
        "currentValue": "true",
        "delta": -0.20935,
        "gamma": 0.02472,
        "iv": 0.28415,
        "rho": -0.06241,
        "theta": -0.00854,
        "vega": 0.12077
      },
      "adjustedFlag": "false",
      "ask": 1.65,
      "askSize": 8,
      "bid": 1.35,
      "bidSize": 28,
      "displaySymbol": "MAS Jan 19 '24 $50 Put",
      "inTheMoney": "n",
      "lastPrice": 1.7,
      "netChange": 0.0,
      "openInterest": 103,
      "optionCategory": "STANDARD",
      "optionRootSymbol": "MAS",
      "optionType": "PUT",
      "osiKey": "MAS---240119P00050000",
      "quoteDetail": "https://api.etrade.com/v1/market/quote/MAS:2024:1:19:PUT:50.000000",
      "strikePrice": 50.0,
      "symbol": "MAS",
      "timeStamp": 1688403597,
      "volume": 0
    },
    {
      "OptionGreeks": {
        "currentValue": "true",
        "delta": -0.3607,
        "gamma": 0.03631,
        "iv": 0.25842,
        "rho": -0.10053,
        "theta": -0.01025,
        "vega": 0.15562
      },
      "adjustedFlag": "false",
      "ask": 3.1,
      "askSize": 12,
      "bid": 2.8,
      "bidSize": 10,
      "displaySymbol": "MAS Jan 19 '24 $55 Put",
      "inTheMoney": "n",
      "lastPrice": 3.57,
      "netChange": 0.0,
      "openInterest": 84,
      "optionCategory": "STANDARD",
      "optionRootSymbol": "MAS",
      "optionType": "PUT",
      "osiKey": "MAS---240119P00055000",
      "quoteDetail": "https://api.etrade.com/v1/market/quote/MAS:2024:1:19:PUT:55.000000",
      "strikePrice": 55.0,
      "symbol": "MAS",
      "timeStamp": 1688403595,
      "volume": 0
    },
    {
      "OptionGreeks": {
        "currentValue": "true",
        "delta": -0.56446,
        "gamma": 0.04451,
        "iv": 0.24017,
        "rho": -0.13176,
        "theta": -0.01057,
        "vega": 0.16134
      },
      "adjustedFlag": "false",
      "ask": 5.4,
      "askSize": 6,
      "bid": 5.1,
      "bidSize": 37,
      "displaySymbol": "MAS Jan 19 '24 $60 Put",
      "inTheMoney": "y",
      "lastPrice": 0.0,
      "netChange": 0.0,
      "openInterest": 0,
      "optionCategory": "STANDARD",
      "optionRootSymbol": "MAS",
      "optionType": "PUT",
      "osiKey": "MAS---240119P00060000",
      "quoteDetail": "https://api.etrade.com/v1/market/quote/MAS:2024:1:19:PUT:60.000000",
      "strikePrice": 60.0,
      "symbol": "MAS",
      "timeStamp": 1688403599,
      "volume": 0
    },
    {
      "OptionGreeks": {
        "currentValue": "true",
        "delta": -0.78956,
        "gamma": 0.04197,
        "iv": 0.2219,
        "rho": -0.12473,
        "theta": -0.00793,
        "vega": 0.1149
      },
      "adjustedFlag": "false",
      "ask": 8.9,
      "askSize": 17,
      "bid": 8.4,
      "bidSize": 48,
      "displaySymbol": "MAS Jan 19 '24 $65 Put",
      "inTheMoney": "y",
      "lastPrice": 0.0,
      "netChange": 0.0,
      "openInterest": 0,
      "optionCategory": "STANDARD",
      "optionRootSymbol": "MAS",
      "optionType": "PUT",
      "osiKey": "MAS---240119P00065000",
      "quoteDetail": "https://api.etrade.com/v1/market/quote/MAS:2024:1:19:PUT:65.000000",
      "strikePrice": 65.0,
      "symbol": "MAS",
      "timeStamp": 1688403599,
      "volume": 0
    },
    {
      "OptionGreeks": {
        "currentValue": "true",
        "delta": -0.9574,
        "gamma": 0.03852,
        "iv": 0.21868,
        "rho": -0.04495,
        "theta": -0.00671,
        "vega": 0.03879
      },
      "adjustedFlag": "false",
      "ask": 13.4,
      "askSize": 6,
      "bid": 12.6,
      "bidSize": 31,
      "displaySymbol": "MAS Jan 19 '24 $70 Put",
      "inTheMoney": "y",
      "lastPrice": 0.0,
      "netChange": 0.0,
      "openInterest": 0,
      "optionCategory": "STANDARD",
      "optionRootSymbol": "MAS",
      "optionType": "PUT",
      "osiKey": "MAS---240119P00070000",
      "quoteDetail": "https://api.etrade.com/v1/market/quote/MAS:2024:1:19:PUT:70.000000",
      "strikePrice": 70.0,
      "symbol": "MAS",
      "timeStamp": 1688403595,
      "volume": 0
    },
    {
      "OptionGreeks": {
        "currentValue": "true",
        "delta": -0.88142,
        "gamma": 0.0216,
        "iv": 0.32798,
        "rho": -0.13081,
        "theta": -0.00725,
        "vega": 0.07844
      },
      "adjustedFlag": "false",
      "ask": 18.5,
      "askSize": 31,
      "bid": 17.7,
      "bidSize": 5,
      "displaySymbol": "MAS Jan 19 '24 $75 Put",
      "inTheMoney": "y",
      "lastPrice": 0.0,
      "netChange": 0.0,
      "openInterest": 0,
      "optionCategory": "STANDARD",
      "optionRootSymbol": "MAS",
      "optionType": "PUT",
      "osiKey": "MAS---240119P00075000",
      "quoteDetail": "https://api.etrade.com/v1/market/quote/MAS:2024:1:19:PUT:75.000000",
      "strikePrice": 75.0,
      "symbol": "MAS",
      "timeStamp": 1688403598,
      "volume": 0
    },
    {
      "OptionGreeks": {
        "currentValue": "true",
        "delta": 0.98858,
        "gamma": 0.00195,
        "iv": 0.4416,
        "rho": 0.15493,
        "theta": 0.0,
        "vega": 0.01551
      },
      "adjustedFlag": "false",
      "ask": 28.0,
      "askSize": 1,
      "bid": 26.7,
      "bidSize": 1,
      "displaySymbol": "MAS Jan 19 '24 $30 Call",
      "inTheMoney": "y",
      "lastPrice": 0.0,
      "netChange": 0.0,
      "openInterest": 0,
      "optionCategory": "STANDARD",
      "optionRootSymbol": "MAS",
      "optionType": "CALL",
      "osiKey": "MAS---240119C00030000",
      "quoteDetail": "https://api.etrade.com/v1/market/quote/MAS:2024:1:19:CALL:30.000000",
      "strikePrice": 30.0,
      "symbol": "MAS",
      "timeStamp": 1688403599,
      "volume": 0
    },
    {
      "OptionGreeks": {
        "currentValue": "true",
        "delta": 0.96009,
        "gamma": 0.0049,
        "iv": 0.4416,
        "rho": 0.17148,
        "theta": -0.00084,
        "vega": 0.03863
      },
      "adjustedFlag": "false",
      "ask": 23.1,
      "askSize": 31,
      "bid": 22.3,
      "bidSize": 13,
      "displaySymbol": "MAS Jan 19 '24 $35 Call",
      "inTheMoney": "y",
      "lastPrice": 22.8,
      "netChange": 22.8,
      "openInterest": 0,
      "optionCategory": "STANDARD",
      "optionRootSymbol": "MAS",
      "optionType": "CALL",
      "osiKey": "MAS---240119C00035000",
      "quoteDetail": "https://api.etrade.com/v1/market/quote/MAS:2024:1:19:CALL:35.000000",
      "strikePrice": 35.0,
      "symbol": "MAS",
      "timeStamp": 1688403595,
      "volume": 1
    },
    {
      "OptionGreeks": {
        "currentValue": "true",
        "delta": 0.92871,
        "gamma": 0.00857,
        "iv": 0.38999,
        "rho": 0.18724,
        "theta": -0.00303,
        "vega": 0.05947
      },
      "adjustedFlag": "false",
      "ask": 18.2,
      "askSize": 7,
      "bid": 17.6,
      "bidSize": 13,
      "displaySymbol": "MAS Jan 19 '24 $40 Call",
      "inTheMoney": "y",
      "lastPrice": 0.0,
      "netChange": 0.0,
      "openInterest": 0,
      "optionCategory": "STANDARD",
      "optionRootSymbol": "MAS",
      "optionType": "CALL",
      "osiKey": "MAS---240119C00040000",
      "quoteDetail": "https://api.etrade.com/v1/market/quote/MAS:2024:1:19:CALL:40.000000",
      "strikePrice": 40.0,
      "symbol": "MAS",
      "timeStamp": 1688403595,
      "volume": 0
    },
    {
      "OptionGreeks": {
        "currentValue": "true",
        "delta": 0.89743,
        "gamma": 0.01416,
        "iv": 0.30681,
        "rho": 0.20375,
        "theta": -0.00386,
        "vega": 0.07739
      },
      "adjustedFlag": "false",
      "ask": 13.6,
      "askSize": 18,
      "bid": 13.2,
      "bidSize": 6,
      "displaySymbol": "MAS Jan 19 '24 $45 Call",
      "inTheMoney": "y",
      "lastPrice": 0.0,
      "netChange": 0.0,
      "openInterest": 0,
      "optionCategory": "STANDARD",
      "optionRootSymbol": "MAS",
      "optionType": "CALL",
      "osiKey": "MAS---240119C00045000",
      "quoteDetail": "https://api.etrade.com/v1/market/quote/MAS:2024:1:19:CALL:45.000000",
      "strikePrice": 45.0,
      "symbol": "MAS",
      "timeStamp": 1688403596,
      "volume": 0
    },
    {
      "OptionGreeks": {
        "currentValue": "true",
        "delta": 0.80103,
        "gamma": 0.02361,
        "iv": 0.28415,
        "rho": 0.19628,
        "theta": -0.00699,
        "vega": 0.11868
      },
      "adjustedFlag": "false",
      "ask": 9.7,
      "askSize": 26,
      "bid": 9.2,
      "bidSize": 10,
      "displaySymbol": "MAS Jan 19 '24 $50 Call",
      "inTheMoney": "y",
      "lastPrice": 0.0,
      "netChange": 0.0,
      "openInterest": 0,
      "optionCategory": "STANDARD",
      "optionRootSymbol": "MAS",
      "optionType": "CALL",
      "osiKey": "MAS---240119C00050000",
      "quoteDetail": "https://api.etrade.com/v1/market/quote/MAS:2024:1:19:CALL:50.000000",
      "strikePrice": 50.0,
      "symbol": "MAS",
      "timeStamp": 1688403596,
      "volume": 0
    },
    {
      "OptionGreeks": {
        "currentValue": "true",
        "delta": 0.65928,
        "gamma": 0.03395,
        "iv": 0.25842,
        "rho": 0.17172,
        "theta": -0.00912,
        "vega": 0.15442
      },
      "adjustedFlag": "false",
      "ask": 6.1,
      "askSize": 37,
      "bid": 5.7,
      "bidSize": 8,
      "displaySymbol": "MAS Jan 19 '24 $55 Call",
      "inTheMoney": "y",
      "lastPrice": 6.1,
      "netChange": 0.0,
      "openInterest": 23,
      "optionCategory": "STANDARD",
      "optionRootSymbol": "MAS",
      "optionType": "CALL",
      "osiKey": "MAS---240119C00055000",
      "quoteDetail": "https://api.etrade.com/v1/market/quote/MAS:2024:1:19:CALL:55.000000",
      "strikePrice": 55.0,
      "symbol": "MAS",
      "timeStamp": 1688403596,
      "volume": 0
    },
    {
      "OptionGreeks": {
        "currentValue": "true",
        "delta": 0.47586,
        "gamma": 0.03957,
        "iv": 0.24017,
        "rho": 0.12946,
        "theta": -0.00958,
        "vega": 0.16708
      },
      "adjustedFlag": "false",
      "ask": 3.5,
      "askSize": 25,
      "bid": 3.0,
      "bidSize": 22,
      "displaySymbol": "MAS Jan 19 '24 $60 Call",
      "inTheMoney": "n",
      "lastPrice": 3.2,
      "netChange": -0.1,
      "openInterest": 126,
      "optionCategory": "STANDARD",
      "optionRootSymbol": "MAS",
      "optionType": "CALL",
      "osiKey": "MAS---240119C00060000",
      "quoteDetail": "https://api.etrade.com/v1/market/quote/MAS:2024:1:19:CALL:60.000000",
      "strikePrice": 60.0,
      "symbol": "MAS",
      "timeStamp": 1688403599,
      "volume": 36
    },
    {
      "OptionGreeks": {
        "currentValue": "true",
        "delta": 0.286,
        "gamma": 0.03651,
        "iv": 0.2219,
        "rho": 0.08023,
        "theta": -0.00768,
        "vega": 0.14339
      },
      "adjustedFlag": "false",
      "ask": 1.6,
      "askSize": 10,
      "bid": 1.3,
      "bidSize": 54,
      "displaySymbol": "MAS Jan 19 '24 $65 Call",
      "inTheMoney": "n",
      "lastPrice": 1.45,
      "netChange": 0.0,
      "openInterest": 95,
      "optionCategory": "STANDARD",
      "optionRootSymbol": "MAS",
      "optionType": "CALL",
      "osiKey": "MAS---240119C00065000",
      "quoteDetail": "https://api.etrade.com/v1/market/quote/MAS:2024:1:19:CALL:65.000000",
      "strikePrice": 65.0,
      "symbol": "MAS",
      "timeStamp": 1688403599,
      "volume": 0
    },
    {
      "OptionGreeks": {
        "currentValue": "true",
        "delta": 0.1511,
        "gamma": 0.02549,
        "iv": 0.21868,
        "rho": 0.04289,
        "theta": -0.00522,
        "vega": 0.10002
      },
      "adjustedFlag": "false",
      "ask": 0.7,
      "askSize": 15,
      "bid": 0.55,
      "bidSize": 12,
      "displaySymbol": "MAS Jan 19 '24 $70 Call",
      "inTheMoney": "n",
      "lastPrice": 0.0,
      "netChange": 0.0,
      "openInterest": 0,
      "optionCategory": "STANDARD",
      "optionRootSymbol": "MAS",
      "optionType": "CALL",
      "osiKey": "MAS---240119C00070000",
      "quoteDetail": "https://api.etrade.com/v1/market/quote/MAS:2024:1:19:CALL:70.000000",
      "strikePrice": 70.0,
      "symbol": "MAS",
      "timeStamp": 1688403595,
      "volume": 0
    },
    {
      "OptionGreeks": {
        "currentValue": "true",
        "delta": 0.18382,
        "gamma": 0.01928,
        "iv": 0.32798,
        "rho": 0.04994,
        "theta": -0.00889,
        "vega": 0.11233
      },
      "adjustedFlag": "false",
      "ask": 2.35,
      "askSize": 46,
      "bid": 0.0,
      "bidSize": 0,
      "displaySymbol": "MAS Jan 19 '24 $75 Call",
      "inTheMoney": "n",
      "lastPrice": 0.0,
      "netChange": 0.0,
      "openInterest": 0,
      "optionCategory": "STANDARD",
      "optionRootSymbol": "MAS",
      "optionType": "CALL",
      "osiKey": "MAS---240119C00075000",
      "quoteDetail": "https://api.etrade.com/v1/market/quote/MAS:2024:1:19:CALL:75.000000",
      "strikePrice": 75.0,
      "symbol": "MAS",
      "timeStamp": 1688403582,
      "volume": 0
    }
  ],
  "quote": {
    "ExtendedHourQuoteDetail": {
      "ask": 58.0,
      "askSize": 100,
      "bid": 56.42,
      "bidSize": 100,
      "change": -0.53,
      "lastPrice": 56.85,
      "percentChange": -0.92,
      "quoteStatus": "EH_REALTIME",
      "timeOfLastTrade": 1688404964,
      "timeZone": "EST",
      "volume": 909437
    },
    "adjustedFlag": "false",
    "ahFlag": "true",
    "ask": 58.0,
    "askSize": 100,
    "askTime": "13:22:44 EDT 07-03-2023",
    "averageVolume": 1944116,
    "beta": 1.36,
    "bid": 56.42,
    "bidExchange": null,
    "bidSize": 100,
    "bidTime": "13:22:44 EDT 07-03-2023",
    "cashDeliverable": 0,
    "changeClose": -0.53,
    "changeClosePercentage": -0.92,
    "companyName": "MASCO CORP COM",
    "contractSize": 0.0,
    "dateTime": "13:22:44 EDT 07-03-2023",
    "dateTimeUTC": 1688404964,
    "daysToExpiration": 0,
    "declaredDividend": 0.285,
    "dirLast": 0,
    "dividend": 0.285,
    "dividendPayableDate": 1686594588,
    "eps": 3.55,
    "estEarnings": 3.344,
    "exDividendDate": 1685039388,
    "expirationDate": 0,
    "hasMiniOptions": "false",
    "high": 57.19,
    "high52": 57.93,
    "intrinsicValue": 0.0,
    "lastTrade": 56.85,
    "low": 56.66,
    "low52": 42.33,
    "marketCap": 12796252800.0,
    "nextEarningDate": "07/27/2023",
    "open": 56.9,
    "openInterest": 0,
    "optionMultiplier": 0.0,
    "optionStyle": null,
    "optionUnderlier": null,
    "pe": 16.1424,
    "previousClose": 57.38,
    "previousDayVolume": 2098965,
    "primaryExchange": "NYSE",
    "quoteStatus": "CLOSING",
    "securityType": "EQ",
    "sharesOutstanding": 225088000,
    "symbol": "MAS",
    "symbolDescription": "MASCO CORP COM",
    "timeOfLastTrade": 1688404200,
    "timePremium": 0.0,
    "totalVolume": 909437,
    "upc": 0,
    "week52HiDate": 1688149788,
    "week52LowDate": 1666808988,
    "yield": 1.9868
  }
}