{
  "2023-07-21": [
    {
      "OptionGreeks": {
        "currentValue": "true",
        "delta": 0.0,
        "gamma": 0.0,
        "iv": 0.52629,
        "rho": 0.0,
        "theta": 0.0,
        "vega": 0.0
      },
      "adjustedFlag": "false",
      "ask": 1.1,
      "askSize": 164,
      "bid": 0.0,
      "bidSize": 0,
      "displaySymbol": "MTLS Jul 21 '23 $2.50 Put",
      "inTheMoney": "n",
      "lastPrice": 0.0,
      "netChange": 0.0,
      "openInterest": 0,
      "optionCategory": "STANDARD",
      "optionRootSymbol": "MTLS",
      "optionType": "PUT",
      "osiKey": "MTLS--230721P00002500",
      "quoteDetail": "https://api.etrade.com/v1/market/quote/MTLS:2023:7:21:PUT:2.500000",
      "strikePrice": 2.5,
      "symbol": "MTLS",
      "timeStamp": 1688399117,
      "volume": 0
    },
    {
      "OptionGreeks": {
        "currentValue": "true",
        "delta": 0.0,
        "gamma": 1e-05,
        "iv": 0.52629,
        "rho": 0.0,
        "theta": 0.0,
        "vega": 0.0
      },
      "adjustedFlag": "false",
      "ask": 0.7,
      "askSize": 158,
      "bid": 0.0,
      "bidSize": 0,
      "displaySymbol": "MTLS Jul 21 '23 $5 Put",
      "inTheMoney": "n",
      "lastPrice": 0.0,
      "netChange": 0.0,
      "openInterest": 0,
      "optionCategory": "STANDARD",
      "optionRootSymbol": "MTLS",
      "optionType": "PUT",
      "osiKey": "MTLS--230721P00005000",
      "quoteDetail": "https://api.etrade.com/v1/market/quote/MTLS:2023:7:21:PUT:5.000000",
      "strikePrice": 5.0,
      "symbol": "MTLS",
      "timeStamp": 1688399000,
      "volume": 0
    },
    {
      "OptionGreeks": {
        "currentValue": "true",
        "delta": -0.12662,
        "gamma": 0.20801,
        "iv": 0.52629,
        "rho": -0.00053,
        "theta": -0.00567,
        "vega": 0.00395
      },
      "adjustedFlag": "false",
      "ask": 0.2,
      "askSize": 44,
      "bid": 0.0,
      "bidSize": 0,
      "displaySymbol": "MTLS Jul 21 '23 $7.50 Put",
      "inTheMoney": "n",
      "lastPrice": 0.1,
      "netChange": 0.0,
      "openInterest": 121,
      "optionCategory": "STANDARD",
      "optionRootSymbol": "MTLS",
      "optionType": "PUT",
      "osiKey": "MTLS--230721P00007500",
      "quoteDetail": "https://api.etrade.com/v1/market/quote/MTLS:2023:7:21:PUT:7.500000",
      "strikePrice": 7.5,
      "symbol": "MTLS",
      "timeStamp": 1688403596,
      "volume": 0
    },
    {
      "OptionGreeks": {
        "currentValue": "true",
        "delta": -0.91343,
        "gamma": 0.18073,
        "iv": 0.52629,
        "rho": -0.00223,
        "theta": -0.00467,
        "vega": 0.00297
      },
      "adjustedFlag": "false",
      "ask": 1.7,
      "askSize": 40,
      "bid": 0.9,
      "bidSize": 40,
      "displaySymbol": "MTLS Jul 21 '23 $10 Put",
      "inTheMoney": "y",
      "lastPrice": 2.05,
      "netChange": 0.0,
      "openInterest": 22,
      "optionCategory": "STANDARD",
      "optionRootSymbol": "MTLS",
      "optionType": "PUT",
      "osiKey": "MTLS--230721P00010000",
      "quoteDetail": "https://api.etrade.com/v1/market/quote/MTLS:2023:7:21:PUT:10.000000",
      "strikePrice": 10.0,
      "symbol": "MTLS",
      "timeStamp": 1688403587,
      "volume": 0
    },
    {
      "OptionGreeks": {
        "currentValue": "true",
        "delta": -1.0,
        "gamma": 0.0,
        "iv": 0.52629,
        "rho": 0.0,
        "theta": -0.00127,
        "vega": 0.0
      },
      "adjustedFlag": "false",
      "ask": 5.1,
      "askSize": 40,
      "bid": 3.8,
      "bidSize": 40,
      "displaySymbol": "MTLS Jul 21 '23 $12.50 Put",
      "inTheMoney": "y",
      "lastPrice": 2.8,
      "netChange": 0.0,
      "openInterest": 3,
      "optionCategory": "STANDARD",
      "optionRootSymbol": "MTLS",
      "optionType": "PUT",
      "osiKey": "MTLS--230721P00012500",
      "quoteDetail": "https://api.etrade.com/v1/market/quote/MTLS:2023:7:21:PUT:12.500000",
      "strikePrice": 12.5,
      "symbol": "MTLS",
      "timeStamp": 1688403597,
      "volume": 0
    },
    {
      "OptionGreeks": {
        "currentValue": "true",
        "delta": -1.0,
        "gamma": 0.0,
        "iv": 0.52629,
        "rho": 0.0,
        "theta": -0.00127,
        "vega": 0.0
      },
      "adjustedFlag": "false",
      "ask": 7.2,
      "askSize": 40,
      "bid": 5.6,
      "bidSize": 40,
      "displaySymbol": "MTLS Jul 21 '23 $15 Put",
      "inTheMoney": "y",
      "lastPrice": 0.0,
      "netChange": 0.0,
      "openInterest": 0,
      "optionCategory": "STANDARD",
      "optionRootSymbol": "MTLS",
      "optionType": "PUT",
      "osiKey": "MTLS--230721P00015000",
      "quoteDetail": "https://api.etrade.com/v1/market/quote/MTLS:2023:7:21:PUT:15.000000",
      "strikePrice": 15.0,
      "symbol": "MTLS",
      "timeStamp": 1688403552,
      "volume": 0
    },
    {
      "OptionGreeks": {
        "currentValue": "true",
        "delta": -1.0,
        "gamma": 0.0,
        "iv": 0.52629,
        "rho": 0.0,
        "theta": -0.00127,
        "vega": 0.0
      },
      "adjustedFlag": "false",
      "ask": 9.9,
      "askSize": 40,
      "bid": 8.2,
      "bidSize": 40,
      "displaySymbol": "MTLS Jul 21 '23 $17.50 Put",
      "inTheMoney": "y",
      "lastPrice": 0.0,
      "netChange": 0.0,
      "openInterest": 0,
      "optionCategory": "STANDARD",
      "optionRootSymbol": "MTLS",
      "optionType": "PUT",
      "osiKey": "MTLS--230721P00017500",
      "quoteDetail": "https://api.etrade.com/v1/market/quote/MTLS:2023:7:21:PUT:17.500000",
      "strikePrice": 17.5,
      "symbol": "MTLS",
      "timeStamp": 1688403594,
      "volume": 0
    },
    {
      "OptionGreeks": {
        "currentValue": "true",
        "delta": 1.0,
        "gamma": 2e-05,
        "iv": 0.52629,
        "rho": 0.00107,
        "theta": 0.0,
        "vega": 0.0
      },
      "adjustedFlag": "false",
      "ask": 7.0,
      "askSize": 50,
      "bid": 5.9,
      "bidSize": 40,
      "displaySymbol": "MTLS Jul 21 '23 $2.50 Call",
      "inTheMoney": "y",
      "lastPrice": 0.0,
      "netChange": 0.0,
      "openInterest": 0,
      "optionCategory": "STANDARD",
      "optionRootSymbol": "MTLS",
      "optionType": "CALL",
      "osiKey": "MTLS--230721C00002500",
      "quoteDetail": "https://api.etrade.com/v1/market/quote/MTLS:2023:7:21:CALL:2.500000",
      "strikePrice": 2.5,
      "symbol": "MTLS",
      "timeStamp": 1688403559,
      "volume": 0
    },
    {
      "OptionGreeks": {
        "currentValue": "true",
        "delta": 1.0,
        "gamma": 2e-05,
        "iv": 0.52629,
        "rho": 0.00237,
        "theta": 0.0,
        "vega": 0.0
      },
      "adjustedFlag": "false",
      "ask": 4.3,
      "askSize": 52,
      "bid": 3.5,
      "bidSize": 36,
      "displaySymbol": "MTLS Jul 21 '23 $5 Call",
      "inTheMoney": "y",
      "lastPrice": 0.0,
      "netChange": 0.0,
      "openInterest": 0,
      "optionCategory": "STANDARD",
      "optionRootSymbol": "MTLS",
      "optionType": "CALL",
      "osiKey": "MTLS--230721C00005000",
      "quoteDetail": "https://api.etrade.com/v1/market/quote/MTLS:2023:7:21:CALL:5.000000",
      "strikePrice": 5.0,
      "symbol": "MTLS",
      "timeStamp": 1688403588,
      "volume": 0
    },
    {
      "OptionGreeks": {
        "currentValue": "true",
        "delta": 0.87386,
        "gamma": 0.20727,
        "iv": 0.52629,
        "rho": 0.00311,
        "theta": -0.00551,
        "vega": 0.00394
      },
      "adjustedFlag": "false",
      "ask": 1.35,
      "askSize": 40,
      "bid": 0.9,
      "bidSize": 172,
      "displaySymbol": "MTLS Jul 21 '23 $7.50 Call",
      "inTheMoney": "y",
      "lastPrice": 1.1,
      "netChange": 0.0,
      "openInterest": 100,
      "optionCategory": "STANDARD",
      "optionRootSymbol": "MTLS",
      "optionType": "CALL",
      "osiKey": "MTLS--230721C00007500",
      "quoteDetail": "https://api.etrade.com/v1/market/quote/MTLS:2023:7:21:CALL:7.500000",
      "strikePrice": 7.5,
      "symbol": "MTLS",
      "timeStamp": 1688403590,
      "volume": 0
    },
    {
      "OptionGreeks": {
        "currentValue": "true",
        "delta": 0.09733,
        "gamma": 0.17171,
        "iv": 0.52629,
        "rho": 0.00038,
        "theta": -0.00463,
        "vega": 0.00327
      },
      "adjustedFlag": "false",
      "ask": 0.1,
      "askSize": 12,
      "bid": 0.0,
      "bidSize": 0,
      "displaySymbol": "MTLS Jul 21 '23 $10 Call",
      "inTheMoney": "n",
      "lastPrice": 0.1,
      "netChange": 0.0,
      "openInterest": 18,
      "optionCategory": "STANDARD",
      "optionRootSymbol": "MTLS",
      "optionType": "CALL",
      "osiKey": "MTLS--230721C00010000",
      "quoteDetail": "https://api.etrade.com/v1/market/quote/MTLS:2023:7:21:CALL:10.000000",
      "strikePrice": 10.0,
      "symbol": "MTLS",
      "timeStamp": 1688399686,
      "volume": 0
    },
    {
      "OptionGreeks": {
        "currentValue": "true",
        "delta": 0.00066,
        "gamma": 0.00229,
        "iv": 0.52629,
        "rho": 0.0,
        "theta": -5e-05,
        "vega": 5e-05
      },
      "adjustedFlag": "false",
      "ask": 0.05,
      "askSize": 7,
      "bid": 0.0,
      "bidSize": 0,
      "displaySymbol": "MTLS Jul 21 '23 $12.50 Call",
      "inTheMoney": "n",
      "lastPrice": 0.1,
      "netChange": 0.0,
      "openInterest": 24,
      "optionCategory": "STANDARD",
      "optionRootSymbol": "MTLS",
      "optionType": "CALL",
      "osiKey": "MTLS--230721C00012500",
      "quoteDetail": "https://api.etrade.com/v1/market/quote/MTLS:2023:7:21:CALL:12.500000",
      "strikePrice": 12.5,
      "symbol": "MTLS",
      "timeStamp": 1688391001,
      "volume": 0
    },
    {
      "OptionGreeks": {
        "currentValue": "true",
        "delta": 0.0,
        "gamma": 0.0,
        "iv": 0.52629,
        "rho": 0.0,
        "theta": 0.0,
        "vega": 0.0
      },
      "adjustedFlag": "false",
      "ask": 1.1,
      "askSize": 213,
      "bid": 0.0,
      "bidSize": 0,
      "displaySymbol": "MTLS Jul 21 '23 $15 Call",
      "inTheMoney": "n",
      "lastPrice": 0.0,
      "netChange": 0.0,
      "openInterest": 0,
      "optionCategory": "STANDARD",
      "optionRootSymbol": "MTLS",
      "optionType": "CALL",
      "osiKey": "MTLS--230721C00015000",
      "quoteDetail": "https://api.etrade.com/v1/market/quote/MTLS:2023:7:21:CALL:15.000000",
      "strikePrice": 15.0,
      "symbol": "MTLS",
      "timeStamp": 1688399117,
      "volume": 0
    },
    {
      "OptionGreeks": {
        "currentValue": "true",
        "delta": 0.0,
        "gamma": 0.0,
        "iv": 0.52629,
        "rho": 0.0,
        "theta": 0.0,
        "vega": 0.0
      },
      "adjustedFlag": "false",
      "ask": 0.05,
      "askSize": 1,
      "bid": 0.0,
      "bidSize": 0,
      "displaySymbol": "MTLS Jul 21 '23 $17.50 Call",
      "inTheMoney": "n",
      "lastPrice": 0.0,
      "netChange": 0.0,
      "openInterest": 0,
      "optionCategory": "STANDARD",
      "optionRootSymbol": "MTLS",
      "optionType": "CALL",
      "osiKey": "MTLS--230721C00017500",
      "quoteDetail": "https://api.etrade.com/v1/market/quote/MTLS:2023:7:21:CALL:17.500000",
      "strikePrice": 17.5,
      "symbol": "MTLS",
      "timeStamp": 1688391005,
      "volume": 0
    }
  ],
  "2023-08-18": [
    {
      "OptionGreeks": {
        "currentValue": "true",
        "delta": 0.0,
        "gamma": 0.0,
        "iv": 0.62609,
        "rho": 0.0,
        "theta": 0.0,
        "vega": 0.0
      },
      "adjustedFlag": "false",
      "ask": 1.1,
      "askSize": 332,
      "bid": 0.0,
      "bidSize": 0,
      "displaySymbol": "MTLS Aug 18 '23 $2.50 Put",
      "inTheMoney": "n",
      "lastPrice": 0.0,
      "netChange": 0.0,
      "openInterest": 0,
      "optionCategory": "STANDARD",
      "optionRootSymbol": "MTLS",
      "optionType": "PUT",
      "osiKey": "MTLS--230818P00002500",
      "quoteDetail": "https://api.etrade.com/v1/market/quote/MTLS:2023:8:18:PUT:2.500000",
      "strikePrice": 2.5,
      "symbol": "MTLS",
      "timeStamp": 1688402100,
      "volume": 0
    },
    {
      "OptionGreeks": {
        "currentValue": "true",
        "delta": -0.00669,
        "gamma": 0.00983,
        "iv": 0.62609,
        "rho": -7e-05,
        "theta": -0.00037,
        "vega": 0.00057
      },
      "adjustedFlag": "false",
      "ask": 1.15,
      "askSize": 334,
      "bid": 0.0,
      "bidSize": 0,
      "displaySymbol": "MTLS Aug 18 '23 $5 Put",
      "inTheMoney": "n",
      "lastPrice": 0.15,
      "netChange": 0.0,
      "openInterest": 4,
      "optionCategory": "STANDARD",
      "optionRootSymbol": "MTLS",
      "optionType": "PUT",
      "osiKey": "MTLS--230818P00005000",
      "quoteDetail": "https://api.etrade.com/v1/market/quote/MTLS:2023:8:18:PUT:5.000000",
      "strikePrice": 5.0,
      "symbol": "MTLS",
      "timeStamp": 1688402100,
      "volume": 0
    },
    {
      "OptionGreeks": {
        "currentValue": "true",
        "delta": -0.25446,
        "gamma": 0.16805,
        "iv": 0.62609,
        "rho": -0.00313,
        "theta": -0.00651,
        "vega": 0.00965
      },
      "adjustedFlag": "false",
      "ask": 0.45,
      "askSize": 42,
      "bid": 0.15,
      "bidSize": 116,
      "displaySymbol": "MTLS Aug 18 '23 $7.50 Put",
      "inTheMoney": "n",
      "lastPrice": 0.55,
      "netChange": 0.0,
      "openInterest": 1189,
      "optionCategory": "STANDARD",
      "optionRootSymbol": "MTLS",
      "optionType": "PUT",
      "osiKey": "MTLS--230818P00007500",
      "quoteDetail": "https://api.etrade.com/v1/market/quote/MTLS:2023:8:18:PUT:7.500000",
      "strikePrice": 7.5,
      "symbol": "MTLS",
      "timeStamp": 1688403577,
      "volume": 0
    },
    {
      "OptionGreeks": {
        "currentValue": "true",
        "delta": -0.77171,
        "gamma": 0.17955,
        "iv": 0.53683,
        "rho": -0.01032,
        "theta": -0.00488,
        "vega": 0.00886
      },
      "adjustedFlag": "false",
      "ask": 2.35,
      "askSize": 43,
      "bid": 0.95,
      "bidSize": 127,
      "displaySymbol": "MTLS Aug 18 '23 $10 Put",
      "inTheMoney": "y",
      "lastPrice": 2.5,
      "netChange": 0.0,
      "openInterest": 92,
      "optionCategory": "STANDARD",
      "optionRootSymbol": "MTLS",
      "optionType": "PUT",
      "osiKey": "MTLS--230818P00010000",
      "quoteDetail": "https://api.etrade.com/v1/market/quote/MTLS:2023:8:18:PUT:10.000000",
      "strikePrice": 10.0,
      "symbol": "MTLS",
      "timeStamp": 1688403576,
      "volume": 0
    },
    {
      "OptionGreeks": {
        "currentValue": "true",
        "delta": -0.96422,
        "gamma": 0.03823,
        "iv": 0.53683,
        "rho": -0.01315,
        "theta": -0.00049,
        "vega": 0.00188
      },
      "adjustedFlag": "false",
      "ask": 4.1,
      "askSize": 5,
      "bid": 3.8,
      "bidSize": 40,
      "displaySymbol": "MTLS Aug 18 '23 $12.50 Put",
      "inTheMoney": "y",
      "lastPrice": 4.9,
      "netChange": 0.0,
      "openInterest": 165,
      "optionCategory": "STANDARD",
      "optionRootSymbol": "MTLS",
      "optionType": "PUT",
      "osiKey": "MTLS--230818P00012500",
      "quoteDetail": "https://api.etrade.com/v1/market/quote/MTLS:2023:8:18:PUT:12.500000",
      "strikePrice": 12.5,
      "symbol": "MTLS",
      "timeStamp": 1688403576,
      "volume": 0
    },
    {
      "OptionGreeks": {
        "currentValue": "true",
        "delta": -0.99343,
        "gamma": 0.00933,
        "iv": 0.53683,
        "rho": -0.00691,
        "theta": 0.0,
        "vega": 0.00024
      },
      "adjustedFlag": "false",
      "ask": 6.7,
      "askSize": 40,
      "bid": 6.3,
      "bidSize": 40,
      "displaySymbol": "MTLS Aug 18 '23 $15 Put",
      "inTheMoney": "y",
      "lastPrice": 5.7,
      "netChange": 0.0,
      "openInterest": 12,
      "optionCategory": "STANDARD",
      "optionRootSymbol": "MTLS",
      "optionType": "PUT",
      "osiKey": "MTLS--230818P00015000",
      "quoteDetail": "https://api.etrade.com/v1/market/quote/MTLS:2023:8:18:PUT:15.000000",
      "strikePrice": 15.0,
      "symbol": "MTLS",
      "timeStamp": 1688403527,
      "volume": 0
    },
    {
      "OptionGreeks": {
        "currentValue": "true",
        "delta": -1.0,
        "gamma": 0.0,
        "iv": 0.53683,
        "rho": 0.0,
        "theta": 0.0,
        "vega": 0.0
      },
      "adjustedFlag": "false",
      "ask": 9.8,
      "askSize": 40,
      "bid": 8.5,
      "bidSize": 40,
      "displaySymbol": "MTLS Aug 18 '23 $17.50 Put",
      "inTheMoney": "y",
      "lastPrice": 8.3,
      "netChange": 0.0,
      "openInterest": 1,
      "optionCategory": "STANDARD",
      "optionRootSymbol": "MTLS",
      "optionType": "PUT",
      "osiKey": "MTLS--230818P00017500",
      "quoteDetail": "https://api.etrade.com/v1/market/quote/MTLS:2023:8:18:PUT:17.500000",
      "strikePrice": 17.5,
      "symbol": "MTLS",
      "timeStamp": 1688403568,
      "volume": 0
    },
    {
      "OptionGreeks": {
        "currentValue": "true",
        "delta": -1.0,
        "gamma": 0.0,
        "iv": 0.53683,
        "rho": 0.0,
        "theta": 0.0,
        "vega": 0.0
      },
      "adjustedFlag": "false",
      "ask": 11.9,
      "askSize": 40,
      "bid": 10.7,
      "bidSize": 40,
      "displaySymbol": "MTLS Aug 18 '23 $20 Put",
      "inTheMoney": "y",
      "lastPrice": 0.0,
      "netChange": 0.0,
      "openInterest": 0,
      "optionCategory": "STANDARD",
      "optionRootSymbol": "MTLS",
      "optionType": "PUT",
      "osiKey": "MTLS--230818P00020000",
      "quoteDetail": "https://api.etrade.com/v1/market/quote/MTLS:2023:8:18:PUT:20.000000",
      "strikePrice": 20.0,
      "symbol": "MTLS",
      "timeStamp": 1688403554,
      "volume": 0
    },
    {
      "OptionGreeks": {
        "currentValue": "true",
        "delta": 1.0,
        "gamma": 0.0,
        "iv": 0.62609,
        "rho": 0.0,
        "theta": -0.00083,
        "vega": 0.0
      },
      "adjustedFlag": "false",
      "ask": 6.4,
      "askSize": 49,
      "bid": 5.2,
      "bidSize": 103,
      "displaySymbol": "MTLS Aug 18 '23 $2.50 Call",
      "inTheMoney": "y",
      "lastPrice": 6.7,
      "netChange": 0.0,
      "openInterest": 17,
      "optionCategory": "STANDARD",
      "optionRootSymbol": "MTLS",
      "optionType": "CALL",
      "osiKey": "MTLS--230818C00002500",
      "quoteDetail": "https://api.etrade.com/v1/market/quote/MTLS:2023:8:18:CALL:2.500000",
      "strikePrice": 2.5,
      "symbol": "MTLS",
      "timeStamp": 1688403597,
      "volume": 0
    },
    {
      "OptionGreeks": {
        "currentValue": "true",
        "delta": 1.0,
        "gamma": 0.0,
        "iv": 0.62609,
        "rho": 0.0,
        "theta": -0.00083,
        "vega": 0.0
      },
      "adjustedFlag": "false",
      "ask": 3.8,
      "askSize": 40,
      "bid": 3.5,
      "bidSize": 36,
      "displaySymbol": "MTLS Aug 18 '23 $5 Call",
      "inTheMoney": "y",
      "lastPrice": 3.4,
      "netChange": 0.0,
      "openInterest": 59,
      "optionCategory": "STANDARD",
      "optionRootSymbol": "MTLS",
      "optionType": "CALL",
      "osiKey": "MTLS--230818C00005000",
      "quoteDetail": "https://api.etrade.com/v1/market/quote/MTLS:2023:8:18:CALL:5.000000",
      "strikePrice": 5.0,
      "symbol": "MTLS",
      "timeStamp": 1688403593,
      "volume": 0
    },
    {
      "OptionGreeks": {
        "currentValue": "true",
        "delta": 0.74195,
        "gamma": 0.17259,
        "iv": 0.62609,
        "rho": 0.00479,
        "theta": -0.00655,
        "vega": 0.00957
      },
      "adjustedFlag": "false",
      "ask": 1.45,
      "askSize": 17,
      "bid": 1.25,
      "bidSize": 44,
      "displaySymbol": "MTLS Aug 18 '23 $7.50 Call",
      "inTheMoney": "y",
      "lastPrice": 1.48,
      "netChange": 0.0,
      "openInterest": 443,
      "optionCategory": "STANDARD",
      "optionRootSymbol": "MTLS",
      "optionType": "CALL",
      "osiKey": "MTLS--230818C00007500",
      "quoteDetail": "https://api.etrade.com/v1/market/quote/MTLS:2023:8:18:CALL:7.500000",
      "strikePrice": 7.5,
      "symbol": "MTLS",
      "timeStamp": 1688403598,
      "volume": 0
    },
    {
      "OptionGreeks": {
        "currentValue": "true",
        "delta": 0.21826,
        "gamma": 0.1806,
        "iv": 0.53683,
        "rho": 0.00194,
        "theta": -0.00513,
        "vega": 0.00889
      },
      "adjustedFlag": "false",
      "ask": 0.35,
      "askSize": 8,
      "bid": 0.15,
      "bidSize": 79,
      "displaySymbol": "MTLS Aug 18 '23 $10 Call",
      "inTheMoney": "n",
      "lastPrice": 0.3,
      "netChange": 0.0,
      "openInterest": 3404,
      "optionCategory": "STANDARD",
      "optionRootSymbol": "MTLS",
      "optionType": "CALL",
      "osiKey": "MTLS--230818C00010000",
      "quoteDetail": "https://api.etrade.com/v1/market/quote/MTLS:2023:8:18:CALL:10.000000",
      "strikePrice": 10.0,
      "symbol": "MTLS",
      "timeStamp": 1688403600,
      "volume": 0
    },
    {
      "OptionGreeks": {
        "currentValue": "true",
        "delta": 0.02595,
        "gamma": 0.03682,
        "iv": 0.53683,
        "rho": 0.00024,
        "theta": -0.00102,
        "vega": 0.00184
      },
      "adjustedFlag": "false",
      "ask": 0.15,
      "askSize": 12,
      "bid": 0.0,
      "bidSize": 0,
      "displaySymbol": "MTLS Aug 18 '23 $12.50 Call",
      "inTheMoney": "n",
      "lastPrice": 0.15,
      "netChange": 0.0,
      "openInterest": 59,
      "optionCategory": "STANDARD",
      "optionRootSymbol": "MTLS",
      "optionType": "CALL",
      "osiKey": "MTLS--230818C00012500",
      "quoteDetail": "https://api.etrade.com/v1/market/quote/MTLS:2023:8:18:CALL:12.500000",
      "strikePrice": 12.5,
      "symbol": "MTLS",
      "timeStamp": 1688402824,
      "volume": 0
    },
    {
      "OptionGreeks": {
        "currentValue": "true",
        "delta": 0.00184,
        "gamma": 0.00357,
        "iv": 0.53683,
        "rho": 2e-05,
        "theta": -0.0001,
        "vega": 0.00018
      },
      "adjustedFlag": "false",
      "ask": 1.15,
      "askSize": 356,
      "bid": 0.0,
      "bidSize": 0,
      "displaySymbol": "MTLS Aug 18 '23 $15 Call",
      "inTheMoney": "n",
      "lastPrice": 0.25,
      "netChange": 0.0,
      "openInterest": 29,
      "optionCategory": "STANDARD",
      "optionRootSymbol": "MTLS",
      "optionType": "CALL",
      "osiKey": "MTLS--230818C00015000",
      "quoteDetail": "https://api.etrade.com/v1/market/quote/MTLS:2023:8:18:CALL:15.000000",
      "strikePrice": 15.0,
      "symbol": "MTLS",
      "timeStamp": 1688402100,
      "volume": 0
    },
    {
      "OptionGreeks": {
        "currentValue": "true",
        "delta": 0.0001,
        "gamma": 0.00023,
        "iv": 0.53683,
        "rho": 0.0,
        "theta": -1e-05,
        "vega": 1e-05
      },
      "adjustedFlag": "false",
      "ask": 1.15,
      "askSize": 353,
      "bid": 0.0,
      "bidSize": 0,
      "displaySymbol": "MTLS Aug 18 '23 $17.50 Call",
      "inTheMoney": "n",
      "lastPrice": 0.0,
      "netChange": 0.0,
      "openInterest": 0,
      "optionCategory": "STANDARD",
      "optionRootSymbol": "MTLS",
      "optionType": "CALL",
      "osiKey": "MTLS--230818C00017500",
      "quoteDetail": "https://api.etrade.com/v1/market/quote/MTLS:2023:8:18:CALL:17.500000",
      "strikePrice": 17.5,
      "symbol": "MTLS",
      "timeStamp": 1688402100,
      "volume": 0
    },
    {
      "OptionGreeks": {
        "currentValue": "true",
        "delta": 0.0,
        "gamma": 1e-05,
        "iv": 0.53683,
        "rho": 0.0,
        "theta": 0.0,
        "vega": 0.0
      },
      "adjustedFlag": "false",
      "ask": 1.1,
      "askSize": 345,
      "bid": 0.0,
      "bidSize": 0,
      "displaySymbol": "MTLS Aug 18 '23 $20 Call",
      "inTheMoney": "n",
      "lastPrice": 0.2,
      "netChange": 0.0,
      "openInterest": 3,
      "optionCategory": "STANDARD",
      "optionRootSymbol": "MTLS",
      "optionType": "CALL",
      "osiKey": "MTLS--230818C00020000",
      "quoteDetail": "https://api.etrade.com/v1/market/quote/MTLS:2023:8:18:CALL:20.000000",
      "strikePrice": 20.0,
      "symbol": "MTLS",
      "timeStamp": 1688402100,
      "volume": 0
    }
  ],
  "2023-11-17": [
    {
      "OptionGreeks": {
        "currentValue": "true",
        "delta": -0.00014,
        "gamma": 0.00018,
        "iv": 0.57471,
        "rho": 0.0,
        "theta": -1e-05,
        "vega": 3e-05
      },
      "adjustedFlag": "false",
      "ask": 0.55,
      "askSize": 278,
      "bid": 0.0,
      "bidSize": 0,
      "displaySymbol": "MTLS Nov 17 '23 $2.50 Put",
      "inTheMoney": "n",
      "lastPrice": 0.0,
      "netChange": 0.0,
      "openInterest": 0,
      "optionCategory": "STANDARD",
      "optionRootSymbol": "MTLS",
      "optionType": "PUT",
      "osiKey": "MTLS--231117P00002500",
      "quoteDetail": "https://api.etrade.com/v1/market/quote/MTLS:2023:11:17:PUT:2.500000",
      "strikePrice": 2.5,
      "symbol": "MTLS",
      "timeStamp": 1688402100,
      "volume": 0
    },
    {
      "OptionGreeks": {
        "currentValue": "true",
        "delta": -0.04763,
        "gamma": 0.03284,
        "iv": 0.57471,
        "rho": -0.00172,
        "theta": -0.00105,
        "vega": 0.00518
      },
      "adjustedFlag": "false",
      "ask": 0.6,
      "askSize": 60,
      "bid": 0.0,
      "bidSize": 0,
      "displaySymbol": "MTLS Nov 17 '23 $5 Put",
      "inTheMoney": "n",
      "lastPrice": 0.16,
      "netChange": 0.0,
      "openInterest": 5,
      "optionCategory": "STANDARD",
      "optionRootSymbol": "MTLS",
      "optionType": "PUT",
      "osiKey": "MTLS--231117P00005000",
      "quoteDetail": "https://api.etrade.com/v1/market/quote/MTLS:2023:11:17:PUT:5.000000",
      "strikePrice": 5.0,
      "symbol": "MTLS",
      "timeStamp": 1688399338,
      "volume": 0
    },
    {
      "OptionGreeks": {
        "currentValue": "true",
        "delta": -0.29714,
        "gamma": 0.11375,
        "iv": 0.57471,
        "rho": -0.01124,
        "theta": -0.00365,
        "vega": 0.01782
      },
      "adjustedFlag": "false",
      "ask": 0.9,
      "askSize": 47,
      "bid": 0.45,
      "bidSize": 82,
      "displaySymbol": "MTLS Nov 17 '23 $7.50 Put",
      "inTheMoney": "n",
      "lastPrice": 0.55,
      "netChange": 0.0,
      "openInterest": 367,
      "optionCategory": "STANDARD",
      "optionRootSymbol": "MTLS",
      "optionType": "PUT",
      "osiKey": "MTLS--231117P00007500",
      "quoteDetail": "https://api.etrade.com/v1/market/quote/MTLS:2023:11:17:PUT:7.500000",
      "strikePrice": 7.5,
      "symbol": "MTLS",
      "timeStamp": 1688403591,
      "volume": 2
    },
    {
      "OptionGreeks": {
        "currentValue": "true",
        "delta": -0.61144,
        "gamma": 0.12806,
        "iv": 0.55872,
        "rho": -0.02278,
        "theta": -0.00367,
        "vega": 0.01934
      },
      "adjustedFlag": "false",
      "ask": 2.6,
      "askSize": 43,
      "bid": 1.15,
      "bidSize": 81,
      "displaySymbol": "MTLS Nov 17 '23 $10 Put",
      "inTheMoney": "y",
      "lastPrice": 2.1,
      "netChange": 0.0,
      "openInterest": 70,
      "optionCategory": "STANDARD",
      "optionRootSymbol": "MTLS",
      "optionType": "PUT",
      "osiKey": "MTLS--231117P00010000",
      "quoteDetail": "https://api.etrade.com/v1/market/quote/MTLS:2023:11:17:PUT:10.000000",
      "strikePrice": 10.0,
      "symbol": "MTLS",
      "timeStamp": 1688403596,
      "volume": 0
    },
    {
      "OptionGreeks": {
        "currentValue": "true",
        "delta": -0.85232,
        "gamma": 0.08563,
        "iv": 0.50556,
        "rho": -0.02666,
        "theta": -0.00156,
        "vega": 0.0111
      },
      "adjustedFlag": "false",
      "ask": 5.0,
      "askSize": 43,
      "bid": 3.6,
      "bidSize": 43,
      "displaySymbol": "MTLS Nov 17 '23 $12.50 Put",
      "inTheMoney": "y",
      "lastPrice": 3.65,
      "netChange": 0.0,
      "openInterest": 1,
      "optionCategory": "STANDARD",
      "optionRootSymbol": "MTLS",
      "optionType": "PUT",
      "osiKey": "MTLS--231117P00012500",
      "quoteDetail": "https://api.etrade.com/v1/market/quote/MTLS:2023:11:17:PUT:12.500000",
      "strikePrice": 12.5,
      "symbol": "MTLS",
      "timeStamp": 1688403599,
      "volume": 0
    },
    {
      "OptionGreeks": {
        "currentValue": "true",
        "delta": -0.89606,
        "gamma": 0.05863,
        "iv": 0.6266,
        "rho": -0.02553,
        "theta": -0.00132,
        "vega": 0.00847
      },
      "adjustedFlag": "false",
      "ask": 6.8,
      "askSize": 40,
      "bid": 6.1,
      "bidSize": 40,
      "displaySymbol": "MTLS Nov 17 '23 $15 Put",
      "inTheMoney": "y",
      "lastPrice": 0.0,
      "netChange": 0.0,
      "openInterest": 0,
      "optionCategory": "STANDARD",
      "optionRootSymbol": "MTLS",
      "optionType": "PUT",
      "osiKey": "MTLS--231117P00015000",
      "quoteDetail": "https://api.etrade.com/v1/market/quote/MTLS:2023:11:17:PUT:15.000000",
      "strikePrice": 15.0,
      "symbol": "MTLS",
      "timeStamp": 1688403592,
      "volume": 0
    },
    {
      "OptionGreeks": {
        "currentValue": "true",
        "delta": -0.95978,
        "gamma": 0.03948,
        "iv": 0.6266,
        "rho": -0.016,
        "theta": -0.00022,
        "vega": 0.00379
      },
      "adjustedFlag": "false",
      "ask": 9.9,
      "askSize": 40,
      "bid": 7.5,
      "bidSize": 103,
      "displaySymbol": "MTLS Nov 17 '23 $17.50 Put",
      "inTheMoney": "y",
      "lastPrice": 0.0,
      "netChange": 0.0,
      "openInterest": 0,
      "optionCategory": "STANDARD",
      "optionRootSymbol": "MTLS",
      "optionType": "PUT",
      "osiKey": "MTLS--231117P00017500",
      "quoteDetail": "https://api.etrade.com/v1/market/quote/MTLS:2023:11:17:PUT:17.500000",
      "strikePrice": 17.5,
      "symbol": "MTLS",
      "timeStamp": 1688403580,
      "volume": 0
    },
    {
      "OptionGreeks": {
        "currentValue": "true",
        "delta": 1.0,
        "gamma": 0.0,
        "iv": 0.57471,
        "rho": 0.0,
        "theta": -0.00048,
        "vega": 0.0
      },
      "adjustedFlag": "false",
      "ask": 6.4,
      "askSize": 40,
      "bid": 5.9,
      "bidSize": 40,
      "displaySymbol": "MTLS Nov 17 '23 $2.50 Call",
      "inTheMoney": "y",
      "lastPrice": 0.0,
      "netChange": 0.0,
      "openInterest": 0,
      "optionCategory": "STANDARD",
      "optionRootSymbol": "MTLS",
      "optionType": "CALL",
      "osiKey": "MTLS--231117C00002500",
      "quoteDetail": "https://api.etrade.com/v1/market/quote/MTLS:2023:11:17:CALL:2.500000",
      "strikePrice": 2.5,
      "symbol": "MTLS",
      "timeStamp": 1688403581,
      "volume": 0
    },
    {
      "OptionGreeks": {
        "currentValue": "true",
        "delta": 0.96489,
        "gamma": 0.04418,
        "iv": 0.57471,
        "rho": 0.00465,
        "theta": -0.00094,
        "vega": 0.00337
      },
      "adjustedFlag": "false",
      "ask": 4.1,
      "askSize": 40,
      "bid": 3.5,
      "bidSize": 40,
      "displaySymbol": "MTLS Nov 17 '23 $5 Call",
      "inTheMoney": "y",
      "lastPrice": 4.2,
      "netChange": 0.0,
      "openInterest": 21,
      "optionCategory": "STANDARD",
      "optionRootSymbol": "MTLS",
      "optionType": "CALL",
      "osiKey": "MTLS--231117C00005000",
      "quoteDetail": "https://api.etrade.com/v1/market/quote/MTLS:2023:11:17:CALL:5.000000",
      "strikePrice": 5.0,
      "symbol": "MTLS",
      "timeStamp": 1688403597,
      "volume": 0
    },
    {
      "OptionGreeks": {
        "currentValue": "true",
        "delta": 0.68769,
        "gamma": 0.11836,
        "iv": 0.57471,
        "rho": 0.01226,
        "theta": -0.00366,
        "vega": 0.01775
      },
      "adjustedFlag": "false",
      "ask": 2.15,
      "askSize": 94,
      "bid": 1.35,
      "bidSize": 113,
      "displaySymbol": "MTLS Nov 17 '23 $7.50 Call",
      "inTheMoney": "y",
      "lastPrice": 1.65,
      "netChange": 0.0,
      "openInterest": 39,
      "optionCategory": "STANDARD",
      "optionRootSymbol": "MTLS",
      "optionType": "CALL",
      "osiKey": "MTLS--231117C00007500",
      "quoteDetail": "https://api.etrade.com/v1/market/quote/MTLS:2023:11:17:CALL:7.500000",
      "strikePrice": 7.5,
      "symbol": "MTLS",
      "timeStamp": 1688403599,
      "volume": 0
    },
    {
      "OptionGreeks": {
        "currentValue": "true",
        "delta": 0.36772,
        "gamma": 0.12797,
        "iv": 0.55872,
        "rho": 0.00841,
        "theta": -0.00389,
        "vega": 0.01933
      },
      "adjustedFlag": "false",
      "ask": 0.7,
      "askSize": 15,
      "bid": 0.5,
      "bidSize": 4,
      "displaySymbol": "MTLS Nov 17 '23 $10 Call",
      "inTheMoney": "n",
      "lastPrice": 0.6,
      "netChange": 0.0,
      "openInterest": 1074,
      "optionCategory": "STANDARD",
      "optionRootSymbol": "MTLS",
      "optionType": "CALL",
      "osiKey": "MTLS--231117C00010000",
      "quoteDetail": "https://api.etrade.com/v1/market/quote/MTLS:2023:11:17:CALL:10.000000",
      "strikePrice": 10.0,
      "symbol": "MTLS",
      "timeStamp": 1688403598,
      "volume": 3
    },
    {
      "OptionGreeks": {
        "currentValue": "true",
        "delta": 0.13172,
        "gamma": 0.08008,
        "iv": 0.50556,
        "rho": 0.00338,
        "theta": -0.00199,
        "vega": 0.01109
      },
      "adjustedFlag": "false",
      "ask": 0.3,
      "askSize": 15,
      "bid": 0.0,
      "bidSize": 0,
      "displaySymbol": "MTLS Nov 17 '23 $12.50 Call",
      "inTheMoney": "n",
      "lastPrice": 0.15,
      "netChange": 0.0,
      "openInterest": 33,
      "optionCategory": "STANDARD",
      "optionRootSymbol": "MTLS",
      "optionType": "CALL",
      "osiKey": "MTLS--231117C00012500",
      "quoteDetail": "https://api.etrade.com/v1/market/quote/MTLS:2023:11:17:CALL:12.500000",
      "strikePrice": 12.5,
      "symbol": "MTLS",
      "timeStamp": 1688403592,
      "volume": 0
    },
    {
      "OptionGreeks": {
        "currentValue": "true",
        "delta": 0.09526,
        "gamma": 0.05119,
        "iv": 0.6266,
        "rho": 0.00241,
        "theta": -0.00195,
        "vega": 0.00878
      },
      "adjustedFlag": "false",
      "ask": 0.2,
      "askSize": 12,
      "bid": 0.05,
      "bidSize": 31,
      "displaySymbol": "MTLS Nov 17 '23 $15 Call",
      "inTheMoney": "n",
      "lastPrice": 0.15,
      "netChange": 0.0,
      "openInterest": 39,
      "optionCategory": "STANDARD",
      "optionRootSymbol": "MTLS",
      "optionType": "CALL",
      "osiKey": "MTLS--231117C00015000",
      "quoteDetail": "https://api.etrade.com/v1/market/quote/MTLS:2023:11:17:CALL:15.000000",
      "strikePrice": 15.0,
      "symbol": "MTLS",
      "timeStamp": 1688403599,
      "volume": 0
    },
    {
      "OptionGreeks": {
        "currentValue": "true",
        "delta": 0.04378,
        "gamma": 0.028,
        "iv": 0.6266,
        "rho": 0.00114,
        "theta": -0.00106,
        "vega": 0.00482
      },
      "adjustedFlag": "false",
      "ask": 0.75,
      "askSize": 261,
      "bid": 0.0,
      "bidSize": 0,
      "displaySymbol": "MTLS Nov 17 '23 $17.50 Call",
      "inTheMoney": "n",
      "lastPrice": 0.0,
      "netChange": 0.0,
      "openInterest": 0,
      "optionCategory": "STANDARD",
      "optionRootSymbol": "MTLS",
      "optionType": "CALL",
      "osiKey": "MTLS--231117C00017500",
      "quoteDetail": "https://api.etrade.com/v1/market/quote/MTLS:2023:11:17:CALL:17.500000",
      "strikePrice": 17.5,
      "symbol": "MTLS",
      "timeStamp": 1688400160,
      "volume": 0
    }
  ],
  "2024-02-16": [
    {
      "OptionGreeks": {
        "currentValue": "true",
        "delta": -0.0014,
        "gamma": 0.0012,
        "iv": 0.56284,
        "rho": -8e-05,
        "theta": -4e-05,
        "vega": 0.00032
      },
      "adjustedFlag": "false",
      "ask": 0.7,
      "askSize": 95,
      "bid": 0.0,
      "bidSize": 0,
      "displaySymbol": "MTLS Feb 16 '24 $2.50 Put",
      "inTheMoney": "n",
      "lastPrice": 0.0,
      "netChange": 0.0,
      "openInterest": 0,
      "optionCategory": "STANDARD",
      "optionRootSymbol": "MTLS",
      "optionType": "PUT",
      "osiKey": "MTLS--240216P00002500",
      "quoteDetail": "https://api.etrade.com/v1/market/quote/MTLS:2024:2:16:PUT:2.500000",
      "strikePrice": 2.5,
      "symbol": "MTLS",
      "timeStamp": 1688399117,
      "volume": 0
    },
    {
      "OptionGreeks": {
        "currentValue": "true",
        "delta": -0.07574,
        "gamma": 0.03745,
        "iv": 0.56284,
        "rho": -0.00463,
        "theta": -0.00115,
        "vega": 0.00959
      },
      "adjustedFlag": "false",
      "ask": 0.25,
      "askSize": 12,
      "bid": 0.05,
      "bidSize": 42,
      "displaySymbol": "MTLS Feb 16 '24 $5 Put",
      "inTheMoney": "n",
      "lastPrice": 0.0,
      "netChange": 0.0,
      "openInterest": 0,
      "optionCategory": "STANDARD",
      "optionRootSymbol": "MTLS",
      "optionType": "PUT",
      "osiKey": "MTLS--240216P00005000",
      "quoteDetail": "https://api.etrade.com/v1/market/quote/MTLS:2024:2:16:PUT:5.000000",
      "strikePrice": 5.0,
      "symbol": "MTLS",
      "timeStamp": 1688403505,
      "volume": 0
    },
    {
      "OptionGreeks": {
        "currentValue": "true",
        "delta": -0.29781,
        "gamma": 0.09029,
        "iv": 0.56806,
        "rho": -0.01855,
        "theta": -0.00277,
        "vega": 0.02299
      },
      "adjustedFlag": "false",
      "ask": 1.2,
      "askSize": 109,
      "bid": 0.45,
      "bidSize": 340,
      "displaySymbol": "MTLS Feb 16 '24 $7.50 Put",
      "inTheMoney": "n",
      "lastPrice": 0.0,
      "netChange": 0.0,
      "openInterest": 0,
      "optionCategory": "STANDARD",
      "optionRootSymbol": "MTLS",
      "optionType": "PUT",
      "osiKey": "MTLS--240216P00007500",
      "quoteDetail": "https://api.etrade.com/v1/market/quote/MTLS:2024:2:16:PUT:7.500000",
      "strikePrice": 7.5,
      "symbol": "MTLS",
      "timeStamp": 1688403594,
      "volume": 0
    },
    {
      "OptionGreeks": {
        "currentValue": "true",
        "delta": -0.58229,
        "gamma": 0.12263,
        "iv": 0.4815,
        "rho": -0.0322,
        "theta": -0.00252,
        "vega": 0.02544
      },
      "adjustedFlag": "false",
      "ask": 2.55,
      "askSize": 114,
      "bid": 1.8,
      "bidSize": 80,
      "displaySymbol": "MTLS Feb 16 '24 $10 Put",
      "inTheMoney": "y",
      "lastPrice": 0.0,
      "netChange": 0.0,
      "openInterest": 0,
      "optionCategory": "STANDARD",
      "optionRootSymbol": "MTLS",
      "optionType": "PUT",
      "osiKey": "MTLS--240216P00010000",
      "quoteDetail": "https://api.etrade.com/v1/market/quote/MTLS:2024:2:16:PUT:10.000000",
      "strikePrice": 10.0,
      "symbol": "MTLS",
      "timeStamp": 1688403599,
      "volume": 0
    },
    {
      "OptionGreeks": {
        "currentValue": "true",
        "delta": -0.81659,
        "gamma": 0.10057,
        "iv": 0.45636,
        "rho": -0.03357,
        "theta": -0.00148,
        "vega": 0.01669
      },
      "adjustedFlag": "false",
      "ask": 6.3,
      "askSize": 82,
      "bid": 2.1,
      "bidSize": 115,
      "displaySymbol": "MTLS Feb 16 '24 $12.50 Put",
      "inTheMoney": "y",
      "lastPrice": 0.0,
      "netChange": 0.0,
      "openInterest": 0,
      "optionCategory": "STANDARD",
      "optionRootSymbol": "MTLS",
      "optionType": "PUT",
      "osiKey": "MTLS--240216P00012500",
      "quoteDetail": "https://api.etrade.com/v1/market/quote/MTLS:2024:2:16:PUT:12.500000",
      "strikePrice": 12.5,
      "symbol": "MTLS",
      "timeStamp": 1688403599,
      "volume": 0
    },
    {
      "OptionGreeks": {
        "currentValue": "true",
        "delta": -0.86856,
        "gamma": 0.07446,
        "iv": 0.56155,
        "rho": -0.03269,
        "theta": -0.00137,
        "vega": 0.01307
      },
      "adjustedFlag": "false",
      "ask": 8.8,
      "askSize": 73,
      "bid": 5.5,
      "bidSize": 40,
      "displaySymbol": "MTLS Feb 16 '24 $15 Put",
      "inTheMoney": "y",
      "lastPrice": 0.0,
      "netChange": 0.0,
      "openInterest": 0,
      "optionCategory": "STANDARD",
      "optionRootSymbol": "MTLS",
      "optionType": "PUT",
      "osiKey": "MTLS--240216P00015000",
      "quoteDetail": "https://api.etrade.com/v1/market/quote/MTLS:2024:2:16:PUT:15.000000",
      "strikePrice": 15.0,
      "symbol": "MTLS",
      "timeStamp": 1688403582,
      "volume": 0
    },
    {
      "OptionGreeks": {
        "currentValue": "true",
        "delta": -0.8961,
        "gamma": 0.0617,
        "iv": 0.65049,
        "rho": -0.03095,
        "theta": -0.00127,
        "vega": 0.01078
      },
      "adjustedFlag": "false",
      "ask": 10.5,
      "askSize": 40,
      "bid": 7.7,
      "bidSize": 40,
      "displaySymbol": "MTLS Feb 16 '24 $17.50 Put",
      "inTheMoney": "y",
      "lastPrice": 0.0,
      "netChange": 0.0,
      "openInterest": 0,
      "optionCategory": "STANDARD",
      "optionRootSymbol": "MTLS",
      "optionType": "PUT",
      "osiKey": "MTLS--240216P00017500",
      "quoteDetail": "https://api.etrade.com/v1/market/quote/MTLS:2024:2:16:PUT:17.500000",
      "strikePrice": 17.5,
      "symbol": "MTLS",
      "timeStamp": 1688403589,
      "volume": 0
    },
    {
      "OptionGreeks": {
        "currentValue": "true",
        "delta": 1.0,
        "gamma": 0.0,
        "iv": 0.56284,
        "rho": 0.0,
        "theta": 0.0,
        "vega": 0.0
      },
      "adjustedFlag": "false",
      "ask": 6.5,
      "askSize": 49,
      "bid": 6.0,
      "bidSize": 36,
      "displaySymbol": "MTLS Feb 16 '24 $2.50 Call",
      "inTheMoney": "y",
      "lastPrice": 0.0,
      "netChange": 0.0,
      "openInterest": 0,
      "optionCategory": "STANDARD",
      "optionRootSymbol": "MTLS",
      "optionType": "CALL",
      "osiKey": "MTLS--240216C00002500",
      "quoteDetail": "https://api.etrade.com/v1/market/quote/MTLS:2024:2:16:CALL:2.500000",
      "strikePrice": 2.5,
      "symbol": "MTLS",
      "timeStamp": 1688403571,
      "volume": 0
    },
    {
      "OptionGreeks": {
        "currentValue": "true",
        "delta": 0.91618,
        "gamma": 0.04281,
        "iv": 0.56284,
        "rho": 0.01463,
        "theta": -0.00082,
        "vega": 0.00917
      },
      "adjustedFlag": "false",
      "ask": 4.2,
      "askSize": 49,
      "bid": 3.4,
      "bidSize": 40,
      "displaySymbol": "MTLS Feb 16 '24 $5 Call",
      "inTheMoney": "y",
      "lastPrice": 3.2,
      "netChange": 0.0,
      "openInterest": 1,
      "optionCategory": "STANDARD",
      "optionRootSymbol": "MTLS",
      "optionType": "CALL",
      "osiKey": "MTLS--240216C00005000",
      "quoteDetail": "https://api.etrade.com/v1/market/quote/MTLS:2024:2:16:CALL:5.000000",
      "strikePrice": 5.0,
      "symbol": "MTLS",
      "timeStamp": 1688403597,
      "volume": 0
    },
    {
      "OptionGreeks": {
        "currentValue": "true",
        "delta": 0.6832,
        "gamma": 0.091,
        "iv": 0.56806,
        "rho": 0.02003,
        "theta": -0.00265,
        "vega": 0.02299
      },
      "adjustedFlag": "false",
      "ask": 2.25,
      "askSize": 71,
      "bid": 1.85,
      "bidSize": 13,
      "displaySymbol": "MTLS Feb 16 '24 $7.50 Call",
      "inTheMoney": "y",
      "lastPrice": 1.9,
      "netChange": 0.0,
      "openInterest": 2,
      "optionCategory": "STANDARD",
      "optionRootSymbol": "MTLS",
      "optionType": "CALL",
      "osiKey": "MTLS--240216C00007500",
      "quoteDetail": "https://api.etrade.com/v1/market/quote/MTLS:2024:2:16:CALL:7.500000",
      "strikePrice": 7.5,
      "symbol": "MTLS",
      "timeStamp": 1688403577,
      "volume": 0
    },
    {
      "OptionGreeks": {
        "currentValue": "true",
        "delta": 0.40337,
        "gamma": 0.11737,
        "iv": 0.4815,
        "rho": 0.01517,
        "theta": -0.0026,
        "vega": 0.02555
      },
      "adjustedFlag": "false",
      "ask": 1.15,
      "askSize": 142,
      "bid": 0.4,
      "bidSize": 711,
      "displaySymbol": "MTLS Feb 16 '24 $10 Call",
      "inTheMoney": "n",
      "lastPrice": 0.9,
      "netChange": 0.0,
      "openInterest": 3,
      "optionCategory": "STANDARD",
      "optionRootSymbol": "MTLS",
      "optionType": "CALL",
      "osiKey": "MTLS--240216C00010000",
      "quoteDetail": "https://api.etrade.com/v1/market/quote/MTLS:2024:2:16:CALL:10.000000",
      "strikePrice": 10.0,
      "symbol": "MTLS",
      "timeStamp": 1688403599,
      "volume": 0
    },
    {
      "OptionGreeks": {
        "currentValue": "true",
        "delta": 0.18797,
        "gamma": 0.08653,
        "iv": 0.45636,
        "rho": 0.00782,
        "theta": -0.00174,
        "vega": 0.01801
      },
      "adjustedFlag": "false",
      "ask": 0.5,
      "askSize": 27,
      "bid": 0.05,
      "bidSize": 80,
      "displaySymbol": "MTLS Feb 16 '24 $12.50 Call",
      "inTheMoney": "n",
      "lastPrice": 0.0,
      "netChange": 0.0,
      "openInterest": 0,
      "optionCategory": "STANDARD",
      "optionRootSymbol": "MTLS",
      "optionType": "CALL",
      "osiKey": "MTLS--240216C00012500",
      "quoteDetail": "https://api.etrade.com/v1/market/quote/MTLS:2024:2:16:CALL:12.500000",
      "strikePrice": 12.5,
      "symbol": "MTLS",
      "timeStamp": 1688403599,
      "volume": 0
    },
    {
      "OptionGreeks": {
        "currentValue": "true",
        "delta": 0.14601,
        "gamma": 0.05972,
        "iv": 0.56155,
        "rho": 0.00594,
        "theta": -0.00182,
        "vega": 0.01529
      },
      "adjustedFlag": "false",
      "ask": 0.5,
      "askSize": 124,
      "bid": 0.0,
      "bidSize": 0,
      "displaySymbol": "MTLS Feb 16 '24 $15 Call",
      "inTheMoney": "n",
      "lastPrice": 0.0,
      "netChange": 0.0,
      "openInterest": 0,
      "optionCategory": "STANDARD",
      "optionRootSymbol": "MTLS",
      "optionType": "CALL",
      "osiKey": "MTLS--240216C00015000",
      "quoteDetail": "https://api.etrade.com/v1/market/quote/MTLS:2024:2:16:CALL:15.000000",
      "strikePrice": 15.0,
      "symbol": "MTLS",
      "timeStamp": 1688403590,
      "volume": 0
    },
    {
      "OptionGreeks": {
        "currentValue": "true",
        "delta": 0.12649,
        "gamma": 0.0467,
        "iv": 0.65049,
        "rho": 0.00504,
        "theta": -0.00191,
        "vega": 0.01385
      },
      "adjustedFlag": "false",
      "ask": 0.4,
      "askSize": 45,
      "bid": 0.05,
      "bidSize": 37,
      "displaySymbol": "MTLS Feb 16 '24 $17.50 Call",
      "inTheMoney": "n",
      "lastPrice": 0.0,
      "netChange": 0.0,
      "openInterest": 0,
      "optionCategory": "STANDARD",
      "optionRootSymbol": "MTLS",
      "optionType": "CALL",
      "osiKey": "MTLS--240216C00017500",
      "quoteDetail": "https://api.etrade.com/v1/market/quote/MTLS:2024:2:16:CALL:17.500000",
      "strikePrice": 17.5,
      "symbol": "MTLS",
      "timeStamp": 1688403583,
      "volume": 0
    }
  ],
  "quote": {
    "ExtendedHourQuoteDetail": {
      "ask": 8.6,
      "askSize": 500,
      "bid": 8.4,
      "bidSize": 100,
      "change": -0.04,
      "lastPrice": 8.6,
      "percentChange": -0.46,
      "quoteStatus": "EH_REALTIME",
      "timeOfLastTrade": 1688407295,
      "timeZone": "EST",
      "volume": 100955
    },
    "adjustedFlag": "false",
    "ahFlag": "true",
    "ask": 8.6,
    "askSize": 500,
    "askTime": "14:01:35 EDT 07-03-2023",
    "averageVolume": 586222,
    "beta": 1.7,
    "bid": 8.4,
    "bidExchange": null,
    "bidSize": 100,
    "bidTime": "14:01:35 EDT 07-03-2023",
    "cashDeliverable": 0,
    "changeClose": -0.05,
    "changeClosePercentage": -0.58,
    "companyName": "MATERIALISE NV SPONSORED ADS",
    "contractSize": 0.0,
    "dateTime": "14:01:35 EDT 07-03-2023",
    "dateTimeUTC": 1688407295,
    "daysToExpiration": 0,
    "declaredDividend": 0.0,
    "dirLast": 0,
    "dividend": 0.0,
    "dividendPayableDate": 0,
    "eps": 0.0629,
    "estEarnings": 0.11,
    "exDividendDate": 0,
    "expirationDate": 0,
    "hasMiniOptions": "false",
    "high": 8.79,
    "high52": 14.94,
    "intrinsicValue": 0.0,
    "lastTrade": 8.59,
    "low": 8.49,
    "low52": 7.3,
    "marketCap": 507385530.0,
    "nextEarningDate": "07/26/2023",
    "open": 8.7,
    "openInterest": 0,
    "optionMultiplier": 0.0,
    "optionStyle": null,
    "optionUnderlier": null,
    "pe": 321.6794,
    "previousClose": 8.64,
    "previousDayVolume": 107297,
    "primaryExchange": "NSDQ",
    "quoteStatus": "CLOSING",
    "securityType": "EQ",
    "sharesOutstanding": 59067000,
    "symbol": "MTLS",
    "symbolDescription": "MATERIALISE NV SPONSORED ADS",
    "timeOfLastTrade": 1688403600,
    "timePremium": 0.0,
    "totalVolume": 100955,
    "upc": 0,
    "week52HiDate": 1658428159,
    "week52LowDate": 1679336959,
    "yield": 0.0
  }
}