{
  "2023-07-21": [
    {
      "OptionGreeks": {
        "currentValue": "true",
        "delta": -4e-05,
        "gamma": 0.00013,
        "iv": 0.9375,
        "rho": 0.0,
        "theta": 0.0,
        "vega": 0.0
      },
      "adjustedFlag": "false",
      "ask": 0.05,
      "askSize": 10,
      "bid": 0.0,
      "bidSize": 0,
      "displaySymbol": "NL Jul 21 '23 $2.50 Put",
      "inTheMoney": "n",
      "lastPrice": 0.0,
      "netChange": 0.0,
      "openInterest": 0,
      "optionCategory": "STANDARD",
      "optionRootSymbol": "NL",
      "optionType": "PUT",
      "osiKey": "NL----230721P00002500",
      "quoteDetail": "https://api.etrade.com/v1/market/quote/NL:2023:7:21:PUT:2.500000",
      "strikePrice": 2.5,
      "symbol": "NL",
      "timeStamp": 1688403599,
      "volume": 0
    },
    {
      "OptionGreeks": {
        "currentValue": "true",
        "delta": -0.14536,
        "gamma": 0.37715,
        "iv": 0.48402,
        "rho": -0.00042,
        "theta": -0.00377,
        "vega": 0.00285
      },
      "adjustedFlag": "false",
      "ask": 0.25,
      "askSize": 108,
      "bid": 0.0,
      "bidSize": 0,
      "displaySymbol": "NL Jul 21 '23 $5 Put",
      "inTheMoney": "n",
      "lastPrice": 0.0,
      "netChange": 0.0,
      "openInterest": 0,
      "optionCategory": "STANDARD",
      "optionRootSymbol": "NL",
      "optionType": "PUT",
      "osiKey": "NL----230721P00005000",
      "quoteDetail": "https://api.etrade.com/v1/market/quote/NL:2023:7:21:PUT:5.000000",
      "strikePrice": 5.0,
      "symbol": "NL",
      "timeStamp": 1688403599,
      "volume": 0
    },
    {
      "OptionGreeks": {
        "currentValue": "true",
        "delta": -0.99091,
        "gamma": 0.01959,
        "iv": 0.49445,
        "rho": -0.00374,
        "theta": 0.0,
        "vega": 0.00016
      },
      "adjustedFlag": "false",
      "ask": 2.7,
      "askSize": 40,
      "bid": 1.25,
      "bidSize": 92,
      "displaySymbol": "NL Jul 21 '23 $7.50 Put",
      "inTheMoney": "y",
      "lastPrice": 0.0,
      "netChange": 0.0,
      "openInterest": 0,
      "optionCategory": "STANDARD",
      "optionRootSymbol": "NL",
      "optionType": "PUT",
      "osiKey": "NL----230721P00007500",
      "quoteDetail": "https://api.etrade.com/v1/market/quote/NL:2023:7:21:PUT:7.500000",
      "strikePrice": 7.5,
      "symbol": "NL",
      "timeStamp": 1688403599,
      "volume": 0
    },
    {
      "OptionGreeks": {
        "currentValue": "true",
        "delta": -0.99576,
        "gamma": 0.00203,
        "iv": 0.57,
        "rho": -0.0041,
        "theta": 0.0,
        "vega": 1e-05
      },
      "adjustedFlag": "false",
      "ask": 4.7,
      "askSize": 40,
      "bid": 4.0,
      "bidSize": 90,
      "displaySymbol": "NL Jul 21 '23 $10 Put",
      "inTheMoney": "y",
      "lastPrice": 0.0,
      "netChange": 0.0,
      "openInterest": 0,
      "optionCategory": "STANDARD",
      "optionRootSymbol": "NL",
      "optionType": "PUT",
      "osiKey": "NL----230721P00010000",
      "quoteDetail": "https://api.etrade.com/v1/market/quote/NL:2023:7:21:PUT:10.000000",
      "strikePrice": 10.0,
      "symbol": "NL",
      "timeStamp": 1688403599,
      "volume": 0
    },
    {
      "OptionGreeks": {
        "currentValue": "true",
        "delta": 1.0,
        "gamma": 1e-05,
        "iv": 0.9375,
        "rho": 0.0,
        "theta": -0.00074,
        "vega": 0.0
      },
      "adjustedFlag": "false",
      "ask": 4.0,
      "askSize": 20,
      "bid": 2.35,
      "bidSize": 105,
      "displaySymbol": "NL Jul 21 '23 $2.50 Call",
      "inTheMoney": "y",
      "lastPrice": 0.0,
      "netChange": 0.0,
      "openInterest": 0,
      "optionCategory": "STANDARD",
      "optionRootSymbol": "NL",
      "optionType": "CALL",
      "osiKey": "NL----230721C00002500",
      "quoteDetail": "https://api.etrade.com/v1/market/quote/NL:2023:7:21:CALL:2.500000",
      "strikePrice": 2.5,
      "symbol": "NL",
      "timeStamp": 1688403599,
      "volume": 0
    },
    {
      "OptionGreeks": {
        "currentValue": "true",
        "delta": 0.85875,
        "gamma": 0.39121,
        "iv": 0.48402,
        "rho": 0.0013,
        "theta": -0.00382,
        "vega": 0.00275
      },
      "adjustedFlag": "false",
      "ask": 1.45,
      "askSize": 10,
      "bid": 0.0,
      "bidSize": 0,
      "displaySymbol": "NL Jul 21 '23 $5 Call",
      "inTheMoney": "y",
      "lastPrice": 0.0,
      "netChange": 0.0,
      "openInterest": 0,
      "optionCategory": "STANDARD",
      "optionRootSymbol": "NL",
      "optionType": "CALL",
      "osiKey": "NL----230721C00005000",
      "quoteDetail": "https://api.etrade.com/v1/market/quote/NL:2023:7:21:CALL:5.000000",
      "strikePrice": 5.0,
      "symbol": "NL",
      "timeStamp": 1688403599,
      "volume": 0
    },
    {
      "OptionGreeks": {
        "currentValue": "true",
        "delta": 0.00414,
        "gamma": 0.01966,
        "iv": 0.49445,
        "rho": 1e-05,
        "theta": -0.00018,
        "vega": 0.00016
      },
      "adjustedFlag": "false",
      "ask": 0.05,
      "askSize": 216,
      "bid": 0.0,
      "bidSize": 0,
      "displaySymbol": "NL Jul 21 '23 $7.50 Call",
      "inTheMoney": "n",
      "lastPrice": 0.05,
      "netChange": 0.0,
      "openInterest": 100,
      "optionCategory": "STANDARD",
      "optionRootSymbol": "NL",
      "optionType": "CALL",
      "osiKey": "NL----230721C00007500",
      "quoteDetail": "https://api.etrade.com/v1/market/quote/NL:2023:7:21:CALL:7.500000",
      "strikePrice": 7.5,
      "symbol": "NL",
      "timeStamp": 1688399686,
      "volume": 0
    },
    {
      "OptionGreeks": {
        "currentValue": "true",
        "delta": 0.0,
        "gamma": 2e-05,
        "iv": 0.57,
        "rho": 0.0,
        "theta": 0.0,
        "vega": 0.0
      },
      "adjustedFlag": "false",
      "ask": 0.25,
      "askSize": 222,
      "bid": 0.0,
      "bidSize": 0,
      "displaySymbol": "NL Jul 21 '23 $10 Call",
      "inTheMoney": "n",
      "lastPrice": 0.0,
      "netChange": 0.0,
      "openInterest": 0,
      "optionCategory": "STANDARD",
      "optionRootSymbol": "NL",
      "optionType": "CALL",
      "osiKey": "NL----230721C00010000",
      "quoteDetail": "https://api.etrade.com/v1/market/quote/NL:2023:7:21:CALL:10.000000",
      "strikePrice": 10.0,
      "symbol": "NL",
      "timeStamp": 1688399686,
      "volume": 0
    }
  ],
  "2023-08-18": [
    {
      "OptionGreeks": {
        "currentValue": "true",
        "delta": 0.0,
        "gamma": 0.0,
        "iv": 0.46381,
        "rho": 0.0,
        "theta": 0.0,
        "vega": 0.0
      },
      "adjustedFlag": "false",
      "ask": 0.25,
      "askSize": 385,
      "bid": 0.0,
      "bidSize": 0,
      "displaySymbol": "NL Aug 18 '23 $2.50 Put",
      "inTheMoney": "n",
      "lastPrice": 0.0,
      "netChange": 0.0,
      "openInterest": 0,
      "optionCategory": "STANDARD",
      "optionRootSymbol": "NL",
      "optionType": "PUT",
      "osiKey": "NL----230818P00002500",
      "quoteDetail": "https://api.etrade.com/v1/market/quote/NL:2023:8:18:PUT:2.500000",
      "strikePrice": 2.5,
      "symbol": "NL",
      "timeStamp": 1688399686,
      "volume": 0
    },
    {
      "OptionGreeks": {
        "currentValue": "true",
        "delta": -0.23021,
        "gamma": 0.32727,
        "iv": 0.46381,
        "rho": -0.00179,
        "theta": -0.003,
        "vega": 0.00602
      },
      "adjustedFlag": "false",
      "ask": 0.25,
      "askSize": 86,
      "bid": 0.05,
      "bidSize": 10,
      "displaySymbol": "NL Aug 18 '23 $5 Put",
      "inTheMoney": "n",
      "lastPrice": 0.05,
      "netChange": 0.0,
      "openInterest": 437,
      "optionCategory": "STANDARD",
      "optionRootSymbol": "NL",
      "optionType": "PUT",
      "osiKey": "NL----230818P00005000",
      "quoteDetail": "https://api.etrade.com/v1/market/quote/NL:2023:8:18:PUT:5.000000",
      "strikePrice": 5.0,
      "symbol": "NL",
      "timeStamp": 1688403599,
      "volume": 0
    },
    {
      "OptionGreeks": {
        "currentValue": "true",
        "delta": -0.92468,
        "gamma": 0.12538,
        "iv": 0.52485,
        "rho": -0.00744,
        "theta": -0.00118,
        "vega": 0.00261
      },
      "adjustedFlag": "false",
      "ask": 2.75,
      "askSize": 50,
      "bid": 1.2,
      "bidSize": 104,
      "displaySymbol": "NL Aug 18 '23 $7.50 Put",
      "inTheMoney": "y",
      "lastPrice": 1.7,
      "netChange": 0.0,
      "openInterest": 0,
      "optionCategory": "STANDARD",
      "optionRootSymbol": "NL",
      "optionType": "PUT",
      "osiKey": "NL----230818P00007500",
      "quoteDetail": "https://api.etrade.com/v1/market/quote/NL:2023:8:18:PUT:7.500000",
      "strikePrice": 7.5,
      "symbol": "NL",
      "timeStamp": 1688403599,
      "volume": 0
    },
    {
      "OptionGreeks": {
        "currentValue": "true",
        "delta": -0.99983,
        "gamma": 0.00182,
        "iv": 0.52485,
        "rho": 0.0,
        "theta": 0.0,
        "vega": 0.0
      },
      "adjustedFlag": "false",
      "ask": 4.7,
      "askSize": 50,
      "bid": 4.0,
      "bidSize": 104,
      "displaySymbol": "NL Aug 18 '23 $10 Put",
      "inTheMoney": "y",
      "lastPrice": 0.0,
      "netChange": 0.0,
      "openInterest": 0,
      "optionCategory": "STANDARD",
      "optionRootSymbol": "NL",
      "optionType": "PUT",
      "osiKey": "NL----230818P00010000",
      "quoteDetail": "https://api.etrade.com/v1/market/quote/NL:2023:8:18:PUT:10.000000",
      "strikePrice": 10.0,
      "symbol": "NL",
      "timeStamp": 1688403599,
      "volume": 0
    },
    {
      "OptionGreeks": {
        "currentValue": "true",
        "delta": -1.0,
        "gamma": 0.0,
        "iv": 0.52485,
        "rho": 0.0,
        "theta": 0.0,
        "vega": 0.0
      },
      "adjustedFlag": "false",
      "ask": 7.2,
      "askSize": 50,
      "bid": 6.5,
      "bidSize": 104,
      "displaySymbol": "NL Aug 18 '23 $12.50 Put",
      "inTheMoney": "y",
      "lastPrice": 0.0,
      "netChange": 0.0,
      "openInterest": 0,
      "optionCategory": "STANDARD",
      "optionRootSymbol": "NL",
      "optionType": "PUT",
      "osiKey": "NL----230818P00012500",
      "quoteDetail": "https://api.etrade.com/v1/market/quote/NL:2023:8:18:PUT:12.500000",
      "strikePrice": 12.5,
      "symbol": "NL",
      "timeStamp": 1688403599,
      "volume": 0
    },
    {
      "OptionGreeks": {
        "currentValue": "true",
        "delta": 1.0,
        "gamma": 1e-05,
        "iv": 0.46381,
        "rho": 0.0,
        "theta": -0.0004,
        "vega": 0.0
      },
      "adjustedFlag": "false",
      "ask": 3.9,
      "askSize": 20,
      "bid": 2.4,
      "bidSize": 104,
      "displaySymbol": "NL Aug 18 '23 $2.50 Call",
      "inTheMoney": "y",
      "lastPrice": 0.0,
      "netChange": 0.0,
      "openInterest": 0,
      "optionCategory": "STANDARD",
      "optionRootSymbol": "NL",
      "optionType": "CALL",
      "osiKey": "NL----230818C00002500",
      "quoteDetail": "https://api.etrade.com/v1/market/quote/NL:2023:8:18:CALL:2.500000",
      "strikePrice": 2.5,
      "symbol": "NL",
      "timeStamp": 1688403599,
      "volume": 0
    },
    {
      "OptionGreeks": {
        "currentValue": "true",
        "delta": 0.76797,
        "gamma": 0.33709,
        "iv": 0.46381,
        "rho": 0.0033,
        "theta": -0.00301,
        "vega": 0.00595
      },
      "adjustedFlag": "false",
      "ask": 0.75,
      "askSize": 10,
      "bid": 0.55,
      "bidSize": 129,
      "displaySymbol": "NL Aug 18 '23 $5 Call",
      "inTheMoney": "y",
      "lastPrice": 1.8,
      "netChange": 0.0,
      "openInterest": 1,
      "optionCategory": "STANDARD",
      "optionRootSymbol": "NL",
      "optionType": "CALL",
      "osiKey": "NL----230818C00005000",
      "quoteDetail": "https://api.etrade.com/v1/market/quote/NL:2023:8:18:CALL:5.000000",
      "strikePrice": 5.0,
      "symbol": "NL",
      "timeStamp": 1688403599,
      "volume": 0
    },
    {
      "OptionGreeks": {
        "currentValue": "true",
        "delta": 0.06685,
        "gamma": 0.12335,
        "iv": 0.52485,
        "rho": 0.00041,
        "theta": -0.00143,
        "vega": 0.00259
      },
      "adjustedFlag": "false",
      "ask": 0.05,
      "askSize": 4,
      "bid": 0.0,
      "bidSize": 0,
      "displaySymbol": "NL Aug 18 '23 $7.50 Call",
      "inTheMoney": "n",
      "lastPrice": 0.15,
      "netChange": 0.0,
      "openInterest": 93,
      "optionCategory": "STANDARD",
      "optionRootSymbol": "NL",
      "optionType": "CALL",
      "osiKey": "NL----230818C00007500",
      "quoteDetail": "https://api.etrade.com/v1/market/quote/NL:2023:8:18:CALL:7.500000",
      "strikePrice": 7.5,
      "symbol": "NL",
      "timeStamp": 1688403599,
      "volume": 0
    },
    {
      "OptionGreeks": {
        "currentValue": "true",
        "delta": 0.00115,
        "gamma": 0.00362,
        "iv": 0.52485,
        "rho": 1e-05,
        "theta": -4e-05,
        "vega": 8e-05
      },
      "adjustedFlag": "false",
      "ask": 0.25,
      "askSize": 385,
      "bid": 0.0,
      "bidSize": 0,
      "displaySymbol": "NL Aug 18 '23 $10 Call",
      "inTheMoney": "n",
      "lastPrice": 0.1,
      "netChange": 0.0,
      "openInterest": 17,
      "optionCategory": "STANDARD",
      "optionRootSymbol": "NL",
      "optionType": "CALL",
      "osiKey": "NL----230818C00010000",
      "quoteDetail": "https://api.etrade.com/v1/market/quote/NL:2023:8:18:CALL:10.000000",
      "strikePrice": 10.0,
      "symbol": "NL",
      "timeStamp": 1688399686,
      "volume": 0
    },
    {
      "OptionGreeks": {
        "currentValue": "true",
        "delta": 1e-05,
        "gamma": 4e-05,
        "iv": 0.52485,
        "rho": 0.0,
        "theta": 0.0,
        "vega": 0.0
      },
      "adjustedFlag": "false",
      "ask": 0.25,
      "askSize": 385,
      "bid": 0.0,
      "bidSize": 0,
      "displaySymbol": "NL Aug 18 '23 $12.50 Call",
      "inTheMoney": "n",
      "lastPrice": 0.05,
      "netChange": 0.0,
      "openInterest": 7,
      "optionCategory": "STANDARD",
      "optionRootSymbol": "NL",
      "optionType": "CALL",
      "osiKey": "NL----230818C00012500",
      "quoteDetail": "https://api.etrade.com/v1/market/quote/NL:2023:8:18:CALL:12.500000",
      "strikePrice": 12.5,
      "symbol": "NL",
      "timeStamp": 1688399686,
      "volume": 0
    }
  ],
  "2023-11-17": [
    {
      "OptionGreeks": {
        "currentValue": "true",
        "delta": -0.00031,
        "gamma": 0.00083,
        "iv": 0.4024,
        "rho": -1e-05,
        "theta": -1e-05,
        "vega": 4e-05
      },
      "adjustedFlag": "false",
      "ask": 0.25,
      "askSize": 357,
      "bid": 0.0,
      "bidSize": 0,
      "displaySymbol": "NL Nov 17 '23 $2.50 Put",
      "inTheMoney": "n",
      "lastPrice": 0.0,
      "netChange": 0.0,
      "openInterest": 0,
      "optionCategory": "STANDARD",
      "optionRootSymbol": "NL",
      "optionType": "PUT",
      "osiKey": "NL----231117P00002500",
      "quoteDetail": "https://api.etrade.com/v1/market/quote/NL:2023:11:17:PUT:2.500000",
      "strikePrice": 2.5,
      "symbol": "NL",
      "timeStamp": 1688402253,
      "volume": 0
    },
    {
      "OptionGreeks": {
        "currentValue": "true",
        "delta": -0.27731,
        "gamma": 0.25137,
        "iv": 0.4024,
        "rho": -0.00564,
        "theta": -0.00167,
        "vega": 0.01132
      },
      "adjustedFlag": "false",
      "ask": 0.35,
      "askSize": 10,
      "bid": 0.2,
      "bidSize": 21,
      "displaySymbol": "NL Nov 17 '23 $5 Put",
      "inTheMoney": "n",
      "lastPrice": 0.32,
      "netChange": 0.0,
      "openInterest": 1453,
      "optionCategory": "STANDARD",
      "optionRootSymbol": "NL",
      "optionType": "PUT",
      "osiKey": "NL----231117P00005000",
      "quoteDetail": "https://api.etrade.com/v1/market/quote/NL:2023:11:17:PUT:5.000000",
      "strikePrice": 5.0,
      "symbol": "NL",
      "timeStamp": 1688403599,
      "volume": 0
    },
    {
      "OptionGreeks": {
        "currentValue": "true",
        "delta": -0.84514,
        "gamma": 0.17799,
        "iv": 0.4454,
        "rho": -0.01383,
        "theta": -0.00118,
        "vega": 0.00794
      },
      "adjustedFlag": "false",
      "ask": 2.25,
      "askSize": 92,
      "bid": 1.85,
      "bidSize": 1,
      "displaySymbol": "NL Nov 17 '23 $7.50 Put",
      "inTheMoney": "y",
      "lastPrice": 2.0,
      "netChange": 0.0,
      "openInterest": 951,
      "optionCategory": "STANDARD",
      "optionRootSymbol": "NL",
      "optionType": "PUT",
      "osiKey": "NL----231117P00007500",
      "quoteDetail": "https://api.etrade.com/v1/market/quote/NL:2023:11:17:PUT:7.500000",
      "strikePrice": 7.5,
      "symbol": "NL",
      "timeStamp": 1688403599,
      "volume": 0
    },
    {
      "OptionGreeks": {
        "currentValue": "true",
        "delta": -0.99601,
        "gamma": 0.02565,
        "iv": 0.50031,
        "rho": 0.0,
        "theta": -0.00094,
        "vega": 0.0
      },
      "adjustedFlag": "false",
      "ask": 4.8,
      "askSize": 60,
      "bid": 3.9,
      "bidSize": 104,
      "displaySymbol": "NL Nov 17 '23 $10 Put",
      "inTheMoney": "y",
      "lastPrice": 0.0,
      "netChange": 0.0,
      "openInterest": 0,
      "optionCategory": "STANDARD",
      "optionRootSymbol": "NL",
      "optionType": "PUT",
      "osiKey": "NL----231117P00010000",
      "quoteDetail": "https://api.etrade.com/v1/market/quote/NL:2023:11:17:PUT:10.000000",
      "strikePrice": 10.0,
      "symbol": "NL",
      "timeStamp": 1688403599,
      "volume": 0
    },
    {
      "OptionGreeks": {
        "currentValue": "true",
        "delta": -1.0,
        "gamma": 0.0,
        "iv": 0.64659,
        "rho": 0.0,
        "theta": -0.00094,
        "vega": 0.0
      },
      "adjustedFlag": "false",
      "ask": 7.2,
      "askSize": 60,
      "bid": 6.5,
      "bidSize": 104,
      "displaySymbol": "NL Nov 17 '23 $12.50 Put",
      "inTheMoney": "y",
      "lastPrice": 0.0,
      "netChange": 0.0,
      "openInterest": 0,
      "optionCategory": "STANDARD",
      "optionRootSymbol": "NL",
      "optionType": "PUT",
      "osiKey": "NL----231117P00012500",
      "quoteDetail": "https://api.etrade.com/v1/market/quote/NL:2023:11:17:PUT:12.500000",
      "strikePrice": 12.5,
      "symbol": "NL",
      "timeStamp": 1688403599,
      "volume": 0
    },
    {
      "OptionGreeks": {
        "currentValue": "true",
        "delta": 1.0,
        "gamma": 3e-05,
        "iv": 0.4024,
        "rho": 0.00391,
        "theta": 0.0,
        "vega": 0.0
      },
      "adjustedFlag": "false",
      "ask": 3.6,
      "askSize": 20,
      "bid": 2.85,
      "bidSize": 103,
      "displaySymbol": "NL Nov 17 '23 $2.50 Call",
      "inTheMoney": "y",
      "lastPrice": 0.0,
      "netChange": 0.0,
      "openInterest": 0,
      "optionCategory": "STANDARD",
      "optionRootSymbol": "NL",
      "optionType": "CALL",
      "osiKey": "NL----231117C00002500",
      "quoteDetail": "https://api.etrade.com/v1/market/quote/NL:2023:11:17:CALL:2.500000",
      "strikePrice": 2.5,
      "symbol": "NL",
      "timeStamp": 1688403599,
      "volume": 0
    },
    {
      "OptionGreeks": {
        "currentValue": "true",
        "delta": 0.73222,
        "gamma": 0.24266,
        "iv": 0.4024,
        "rho": 0.01194,
        "theta": -0.00152,
        "vega": 0.01123
      },
      "adjustedFlag": "false",
      "ask": 0.95,
      "askSize": 20,
      "bid": 0.75,
      "bidSize": 10,
      "displaySymbol": "NL Nov 17 '23 $5 Call",
      "inTheMoney": "y",
      "lastPrice": 1.3,
      "netChange": 0.0,
      "openInterest": 11,
      "optionCategory": "STANDARD",
      "optionRootSymbol": "NL",
      "optionType": "CALL",
      "osiKey": "NL----231117C00005000",
      "quoteDetail": "https://api.etrade.com/v1/market/quote/NL:2023:11:17:CALL:5.000000",
      "strikePrice": 5.0,
      "symbol": "NL",
      "timeStamp": 1688403599,
      "volume": 0
    },
    {
      "OptionGreeks": {
        "currentValue": "true",
        "delta": 0.18558,
        "gamma": 0.17666,
        "iv": 0.4454,
        "rho": 0.00333,
        "theta": -0.00144,
        "vega": 0.0091
      },
      "adjustedFlag": "false",
      "ask": 0.25,
      "askSize": 10,
      "bid": 0.0,
      "bidSize": 0,
      "displaySymbol": "NL Nov 17 '23 $7.50 Call",
      "inTheMoney": "n",
      "lastPrice": 0.1,
      "netChange": 0.0,
      "openInterest": 46,
      "optionCategory": "STANDARD",
      "optionRootSymbol": "NL",
      "optionType": "CALL",
      "osiKey": "NL----231117C00007500",
      "quoteDetail": "https://api.etrade.com/v1/market/quote/NL:2023:11:17:CALL:7.500000",
      "strikePrice": 7.5,
      "symbol": "NL",
      "timeStamp": 1688403599,
      "volume": 0
    },
    {
      "OptionGreeks": {
        "currentValue": "true",
        "delta": 0.0446,
        "gamma": 0.05514,
        "iv": 0.50031,
        "rho": 0.0008,
        "theta": -0.00056,
        "vega": 0.00322
      },
      "adjustedFlag": "false",
      "ask": 0.05,
      "askSize": 10,
      "bid": 0.0,
      "bidSize": 0,
      "displaySymbol": "NL Nov 17 '23 $10 Call",
      "inTheMoney": "n",
      "lastPrice": 0.04,
      "netChange": 0.0,
      "openInterest": 20,
      "optionCategory": "STANDARD",
      "optionRootSymbol": "NL",
      "optionType": "CALL",
      "osiKey": "NL----231117C00010000",
      "quoteDetail": "https://api.etrade.com/v1/market/quote/NL:2023:11:17:CALL:10.000000",
      "strikePrice": 10.0,
      "symbol": "NL",
      "timeStamp": 1688391002,
      "volume": 0
    },
    {
      "OptionGreeks": {
        "currentValue": "true",
        "delta": 0.03628,
        "gamma": 0.03603,
        "iv": 0.64659,
        "rho": 0.00063,
        "theta": -0.00061,
        "vega": 0.0027
      },
      "adjustedFlag": "false",
      "ask": 0.05,
      "askSize": 10,
      "bid": 0.0,
      "bidSize": 0,
      "displaySymbol": "NL Nov 17 '23 $12.50 Call",
      "inTheMoney": "n",
      "lastPrice": 0.0,
      "netChange": 0.0,
      "openInterest": 0,
      "optionCategory": "STANDARD",
      "optionRootSymbol": "NL",
      "optionType": "CALL",
      "osiKey": "NL----231117C00012500",
      "quoteDetail": "https://api.etrade.com/v1/market/quote/NL:2023:11:17:CALL:12.500000",
      "strikePrice": 12.5,
      "symbol": "NL",
      "timeStamp": 1688403599,
      "volume": 0
    }
  ],
  "2024-02-16": [
    {
      "OptionGreeks": {
        "currentValue": "true",
        "delta": -0.00412,
        "gamma": 0.00679,
        "iv": 0.41545,
        "rho": -0.00015,
        "theta": -5e-05,
        "vega": 0.00055
      },
      "adjustedFlag": "false",
      "ask": 0.25,
      "askSize": 280,
      "bid": 0.0,
      "bidSize": 0,
      "displaySymbol": "NL Feb 16 '24 $2.50 Put",
      "inTheMoney": "n",
      "lastPrice": 0.0,
      "netChange": 0.0,
      "openInterest": 0,
      "optionCategory": "STANDARD",
      "optionRootSymbol": "NL",
      "optionType": "PUT",
      "osiKey": "NL----240216P00002500",
      "quoteDetail": "https://api.etrade.com/v1/market/quote/NL:2024:2:16:PUT:2.500000",
      "strikePrice": 2.5,
      "symbol": "NL",
      "timeStamp": 1688399686,
      "volume": 0
    },
    {
      "OptionGreeks": {
        "currentValue": "true",
        "delta": -0.30368,
        "gamma": 0.19936,
        "iv": 0.41545,
        "rho": -0.01092,
        "theta": -0.00135,
        "vega": 0.01505
      },
      "adjustedFlag": "false",
      "ask": 0.5,
      "askSize": 20,
      "bid": 0.35,
      "bidSize": 10,
      "displaySymbol": "NL Feb 16 '24 $5 Put",
      "inTheMoney": "n",
      "lastPrice": 0.39,
      "netChange": 0.0,
      "openInterest": 5,
      "optionCategory": "STANDARD",
      "optionRootSymbol": "NL",
      "optionType": "PUT",
      "osiKey": "NL----240216P00005000",
      "quoteDetail": "https://api.etrade.com/v1/market/quote/NL:2024:2:16:PUT:5.000000",
      "strikePrice": 5.0,
      "symbol": "NL",
      "timeStamp": 1688403599,
      "volume": 0
    },
    {
      "OptionGreeks": {
        "currentValue": "true",
        "delta": -0.8155,
        "gamma": 0.18964,
        "iv": 0.38492,
        "rho": -0.0217,
        "theta": -0.00086,
        "vega": 0.01134
      },
      "adjustedFlag": "false",
      "ask": 2.15,
      "askSize": 10,
      "bid": 1.95,
      "bidSize": 70,
      "displaySymbol": "NL Feb 16 '24 $7.50 Put",
      "inTheMoney": "y",
      "lastPrice": 2.05,
      "netChange": 0.0,
      "openInterest": 2,
      "optionCategory": "STANDARD",
      "optionRootSymbol": "NL",
      "optionType": "PUT",
      "osiKey": "NL----240216P00007500",
      "quoteDetail": "https://api.etrade.com/v1/market/quote/NL:2024:2:16:PUT:7.500000",
      "strikePrice": 7.5,
      "symbol": "NL",
      "timeStamp": 1688403599,
      "volume": 0
    },
    {
      "OptionGreeks": {
        "currentValue": "true",
        "delta": -0.98745,
        "gamma": 0.07175,
        "iv": 0.44019,
        "rho": 0.0,
        "theta": -0.00094,
        "vega": 0.0
      },
      "adjustedFlag": "false",
      "ask": 4.8,
      "askSize": 50,
      "bid": 3.9,
      "bidSize": 104,
      "displaySymbol": "NL Feb 16 '24 $10 Put",
      "inTheMoney": "y",
      "lastPrice": 0.0,
      "netChange": 0.0,
      "openInterest": 0,
      "optionCategory": "STANDARD",
      "optionRootSymbol": "NL",
      "optionType": "PUT",
      "osiKey": "NL----240216P00010000",
      "quoteDetail": "https://api.etrade.com/v1/market/quote/NL:2024:2:16:PUT:10.000000",
      "strikePrice": 10.0,
      "symbol": "NL",
      "timeStamp": 1688403599,
      "volume": 0
    },
    {
      "OptionGreeks": {
        "currentValue": "true",
        "delta": 1.0,
        "gamma": 0.00053,
        "iv": 0.41545,
        "rho": 0.00384,
        "theta": 0.0,
        "vega": 2e-05
      },
      "adjustedFlag": "false",
      "ask": 3.6,
      "askSize": 20,
      "bid": 2.8,
      "bidSize": 104,
      "displaySymbol": "NL Feb 16 '24 $2.50 Call",
      "inTheMoney": "y",
      "lastPrice": 0.0,
      "netChange": 0.0,
      "openInterest": 0,
      "optionCategory": "STANDARD",
      "optionRootSymbol": "NL",
      "optionType": "CALL",
      "osiKey": "NL----240216C00002500",
      "quoteDetail": "https://api.etrade.com/v1/market/quote/NL:2024:2:16:CALL:2.500000",
      "strikePrice": 2.5,
      "symbol": "NL",
      "timeStamp": 1688403599,
      "volume": 0
    },
    {
      "OptionGreeks": {
        "currentValue": "true",
        "delta": 0.70941,
        "gamma": 0.19248,
        "iv": 0.41545,
        "rho": 0.01791,
        "theta": -0.00121,
        "vega": 0.01492
      },
      "adjustedFlag": "false",
      "ask": 1.1,
      "askSize": 20,
      "bid": 0.9,
      "bidSize": 10,
      "displaySymbol": "NL Feb 16 '24 $5 Call",
      "inTheMoney": "y",
      "lastPrice": 0.0,
      "netChange": 0.0,
      "openInterest": 0,
      "optionCategory": "STANDARD",
      "optionRootSymbol": "NL",
      "optionType": "CALL",
      "osiKey": "NL----240216C00005000",
      "quoteDetail": "https://api.etrade.com/v1/market/quote/NL:2024:2:16:CALL:5.000000",
      "strikePrice": 5.0,
      "symbol": "NL",
      "timeStamp": 1688403599,
      "volume": 0
    },
    {
      "OptionGreeks": {
        "currentValue": "true",
        "delta": 0.22354,
        "gamma": 0.17944,
        "iv": 0.38492,
        "rho": 0.00648,
        "theta": -0.00106,
        "vega": 0.01295
      },
      "adjustedFlag": "false",
      "ask": 0.25,
      "askSize": 10,
      "bid": 0.1,
      "bidSize": 83,
      "displaySymbol": "NL Feb 16 '24 $7.50 Call",
      "inTheMoney": "n",
      "lastPrice": 0.2,
      "netChange": 0.2,
      "openInterest": 0,
      "optionCategory": "STANDARD",
      "optionRootSymbol": "NL",
      "optionType": "CALL",
      "osiKey": "NL----240216C00007500",
      "quoteDetail": "https://api.etrade.com/v1/market/quote/NL:2024:2:16:CALL:7.500000",
      "strikePrice": 7.5,
      "symbol": "NL",
      "timeStamp": 1688403599,
      "volume": 4
    },
    {
      "OptionGreeks": {
        "currentValue": "true",
        "delta": 0.0739,
        "gamma": 0.07325,
        "iv": 0.44019,
        "rho": 0.00216,
        "theta": -0.00056,
        "vega": 0.00611
      },
      "adjustedFlag": "false",
      "ask": 0.1,
      "askSize": 7,
      "bid": 0.0,
      "bidSize": 0,
      "displaySymbol": "NL Feb 16 '24 $10 Call",
      "inTheMoney": "n",
      "lastPrice": 0.0,
      "netChange": 0.0,
      "openInterest": 0,
      "optionCategory": "STANDARD",
      "optionRootSymbol": "NL",
      "optionType": "CALL",
      "osiKey": "NL----240216C00010000",
      "quoteDetail": "https://api.etrade.com/v1/market/quote/NL:2024:2:16:CALL:10.000000",
      "strikePrice": 10.0,
      "symbol": "NL",
      "timeStamp": 1688391020,
      "volume": 0
    }
  ],
  "quote": {
    "ExtendedHourQuoteDetail": {
      "ask": 5.82,
      "askSize": 100,
      "bid": 5.35,
      "bidSize": 400,
      "change": 0.03,
      "lastPrice": 5.56,
      "percentChange": 0.54,
      "quoteStatus": "EH_REALTIME",
      "timeOfLastTrade": 1688403595,
      "timeZone": "EST",
      "volume": 4835
    },
    "adjustedFlag": "false",
    "ahFlag": "true",
    "ask": 5.82,
    "askSize": 100,
    "askTime": "12:59:55 EDT 07-03-2023",
    "averageVolume": 28811,
    "beta": 1.08,
    "bid": 5.35,
    "bidExchange": null,
    "bidSize": 400,
    "bidTime": "12:59:55 EDT 07-03-2023",
    "cashDeliverable": 0,
    "changeClose": 0.04,
    "changeClosePercentage": 0.72,
    "companyName": "NL INDS INC COM NEW",
    "contractSize": 0.0,
    "dateTime": "12:59:55 EDT 07-03-2023",
    "dateTimeUTC": 1688403595,
    "daysToExpiration": 0,
    "declaredDividend": 0.07,
    "dirLast": 1,
    "dividend": 0.07,
    "dividendPayableDate": 1687285777,
    "eps": 0.17,
    "estEarnings": 0.32,
    "exDividendDate": 1685730577,
    "expirationDate": 0,
    "hasMiniOptions": "false",
    "high": 5.67,
    "high52": 10.7099,
    "intrinsicValue": 0.0,
    "lastTrade": 5.57,
    "low": 5.51,
    "low52": 5.39,
    "marketCap": 271899550.0,
    "nextEarningDate": "08/01/2023",
    "open": 5.67,
    "openInterest": 0,
    "optionMultiplier": 0.0,
    "optionStyle": null,
    "optionUnderlier": null,
    "pe": 31.4813,
    "previousClose": 5.53,
    "previousDayVolume": 22993,
    "primaryExchange": "NYSE",
    "quoteStatus": "CLOSING",
    "securityType": "EQ",
    "sharesOutstanding": 48815000,
    "symbol": "NL",
    "symbolDescription": "NL INDS INC COM NEW",
    "timeOfLastTrade": 1688404200,
    "timePremium": 0.0,
    "totalVolume": 4835,
    "upc": 0,
    "week52HiDate": 1660933777,
    "week52LowDate": 1687890577,
    "yield": 5.0633
  }
}