{
  "2023-07-21": [
    {
      "OptionGreeks": {
        "currentValue": "true",
        "delta": 0.0,
        "gamma": 0.0,
        "iv": 0.3019,
        "rho": 0.0,
        "theta": 0.0,
        "vega": 0.0
      },
      "adjustedFlag": "false",
      "ask": 0.8,
      "askSize": 72,
      "bid": 0.0,
      "bidSize": 0,
      "displaySymbol": "NVT Jul 21 '23 $22.50 Put",
      "inTheMoney": "n",
      "lastPrice": 0.0,
      "netChange": 0.0,
      "openInterest": 0,
      "optionCategory": "STANDARD",
      "optionRootSymbol": "NVT",
      "optionType": "PUT",
      "osiKey": "NVT---230721P00022500",
      "quoteDetail": "https://api.etrade.com/v1/market/quote/NVT:2023:7:21:PUT:22.500000",
      "strikePrice": 22.5,
      "symbol": "NVT",
      "timeStamp": 1688398976,
      "volume": 0
    },
    {
      "OptionGreeks": {
        "currentValue": "true",
        "delta": 0.0,
        "gamma": 0.0,
        "iv": 0.3019,
        "rho": 0.0,
        "theta": 0.0,
        "vega": 0.0
      },
      "adjustedFlag": "false",
      "ask": 0.8,
      "askSize": 72,
      "bid": 0.0,
      "bidSize": 0,
      "displaySymbol": "NVT Jul 21 '23 $25 Put",
      "inTheMoney": "n",
      "lastPrice": 0.0,
      "netChange": 0.0,
      "openInterest": 0,
      "optionCategory": "STANDARD",
      "optionRootSymbol": "NVT",
      "optionType": "PUT",
      "osiKey": "NVT---230721P00025000",
      "quoteDetail": "https://api.etrade.com/v1/market/quote/NVT:2023:7:21:PUT:25.000000",
      "strikePrice": 25.0,
      "symbol": "NVT",
      "timeStamp": 1688398976,
      "volume": 0
    },
    {
      "OptionGreeks": {
        "currentValue": "true",
        "delta": 0.0,
        "gamma": 0.0,
        "iv": 0.3019,
        "rho": 0.0,
        "theta": 0.0,
        "vega": 0.0
      },
      "adjustedFlag": "false",
      "ask": 0.8,
      "askSize": 72,
      "bid": 0.0,
      "bidSize": 0,
      "displaySymbol": "NVT Jul 21 '23 $30 Put",
      "inTheMoney": "n",
      "lastPrice": 0.0,
      "netChange": 0.0,
      "openInterest": 0,
      "optionCategory": "STANDARD",
      "optionRootSymbol": "NVT",
      "optionType": "PUT",
      "osiKey": "NVT---230721P00030000",
      "quoteDetail": "https://api.etrade.com/v1/market/quote/NVT:2023:7:21:PUT:30.000000",
      "strikePrice": 30.0,
      "symbol": "NVT",
      "timeStamp": 1688398976,
      "volume": 0
    },
    {
      "OptionGreeks": {
        "currentValue": "true",
        "delta": 0.0,
        "gamma": 0.0,
        "iv": 0.3019,
        "rho": 0.0,
        "theta": 0.0,
        "vega": 0.0
      },
      "adjustedFlag": "false",
      "ask": 0.8,
      "askSize": 72,
      "bid": 0.0,
      "bidSize": 0,
      "displaySymbol": "NVT Jul 21 '23 $35 Put",
      "inTheMoney": "n",
      "lastPrice": 0.25,
      "netChange": 0.0,
      "openInterest": 2,
      "optionCategory": "STANDARD",
      "optionRootSymbol": "NVT",
      "optionType": "PUT",
      "osiKey": "NVT---230721P00035000",
      "quoteDetail": "https://api.etrade.com/v1/market/quote/NVT:2023:7:21:PUT:35.000000",
      "strikePrice": 35.0,
      "symbol": "NVT",
      "timeStamp": 1688398976,
      "volume": 0
    },
    {
      "OptionGreeks": {
        "currentValue": "true",
        "delta": -9e-05,
        "gamma": 0.0001,
        "iv": 0.3019,
        "rho": 0.0,
        "theta": -3e-05,
        "vega": 5e-05
      },
      "adjustedFlag": "false",
      "ask": 0.4,
      "askSize": 51,
      "bid": 0.0,
      "bidSize": 0,
      "displaySymbol": "NVT Jul 21 '23 $40 Put",
      "inTheMoney": "n",
      "lastPrice": 0.2,
      "netChange": 0.0,
      "openInterest": 12,
      "optionCategory": "STANDARD",
      "optionRootSymbol": "NVT",
      "optionType": "PUT",
      "osiKey": "NVT---230721P00040000",
      "quoteDetail": "https://api.etrade.com/v1/market/quote/NVT:2023:7:21:PUT:40.000000",
      "strikePrice": 40.0,
      "symbol": "NVT",
      "timeStamp": 1688398976,
      "volume": 0
    },
    {
      "OptionGreeks": {
        "currentValue": "true",
        "delta": -0.02437,
        "gamma": 0.01653,
        "iv": 0.3019,
        "rho": -0.00061,
        "theta": -0.00516,
        "vega": 0.00679
      },
      "adjustedFlag": "false",
      "ask": 0.8,
      "askSize": 82,
      "bid": 0.0,
      "bidSize": 0,
      "displaySymbol": "NVT Jul 21 '23 $45 Put",
      "inTheMoney": "n",
      "lastPrice": 0.2,
      "netChange": 0.0,
      "openInterest": 104,
      "optionCategory": "STANDARD",
      "optionRootSymbol": "NVT",
      "optionType": "PUT",
      "osiKey": "NVT---230721P00045000",
      "quoteDetail": "https://api.etrade.com/v1/market/quote/NVT:2023:7:21:PUT:45.000000",
      "strikePrice": 45.0,
      "symbol": "NVT",
      "timeStamp": 1688403599,
      "volume": 0
    },
    {
      "OptionGreeks": {
        "currentValue": "true",
        "delta": -0.34154,
        "gamma": 0.10633,
        "iv": 0.3019,
        "rho": -0.00862,
        "theta": -0.03513,
        "vega": 0.04188
      },
      "adjustedFlag": "false",
      "ask": 1.45,
      "askSize": 75,
      "bid": 0.4,
      "bidSize": 15,
      "displaySymbol": "NVT Jul 21 '23 $50 Put",
      "inTheMoney": "n",
      "lastPrice": 1.1,
      "netChange": 0.0,
      "openInterest": 11,
      "optionCategory": "STANDARD",
      "optionRootSymbol": "NVT",
      "optionType": "PUT",
      "osiKey": "NVT---230721P00050000",
      "quoteDetail": "https://api.etrade.com/v1/market/quote/NVT:2023:7:21:PUT:50.000000",
      "strikePrice": 50.0,
      "symbol": "NVT",
      "timeStamp": 1688403594,
      "volume": 0
    },
    {
      "OptionGreeks": {
        "currentValue": "true",
        "delta": -0.79012,
        "gamma": 0.06828,
        "iv": 0.36841,
        "rho": -0.0207,
        "theta": -0.03279,
        "vega": 0.03295
      },
      "adjustedFlag": "false",
      "ask": 4.5,
      "askSize": 73,
      "bid": 3.2,
      "bidSize": 69,
      "displaySymbol": "NVT Jul 21 '23 $55 Put",
      "inTheMoney": "y",
      "lastPrice": 0.0,
      "netChange": 0.0,
      "openInterest": 0,
      "optionCategory": "STANDARD",
      "optionRootSymbol": "NVT",
      "optionType": "PUT",
      "osiKey": "NVT---230721P00055000",
      "quoteDetail": "https://api.etrade.com/v1/market/quote/NVT:2023:7:21:PUT:55.000000",
      "strikePrice": 55.0,
      "symbol": "NVT",
      "timeStamp": 1688403599,
      "volume": 0
    },
    {
      "OptionGreeks": {
        "currentValue": "true",
        "delta": -0.94903,
        "gamma": 0.02176,
        "iv": 0.41664,
        "rho": -0.02636,
        "theta": -0.01188,
        "vega": 0.01201
      },
      "adjustedFlag": "false",
      "ask": 9.1,
      "askSize": 34,
      "bid": 8.4,
      "bidSize": 34,
      "displaySymbol": "NVT Jul 21 '23 $60 Put",
      "inTheMoney": "y",
      "lastPrice": 0.0,
      "netChange": 0.0,
      "openInterest": 0,
      "optionCategory": "STANDARD",
      "optionRootSymbol": "NVT",
      "optionType": "PUT",
      "osiKey": "NVT---230721P00060000",
      "quoteDetail": "https://api.etrade.com/v1/market/quote/NVT:2023:7:21:PUT:60.000000",
      "strikePrice": 60.0,
      "symbol": "NVT",
      "timeStamp": 1688403595,
      "volume": 0
    },
    {
      "OptionGreeks": {
        "currentValue": "true",
        "delta": 0.99945,
        "gamma": 1e-05,
        "iv": 0.3019,
        "rho": 0.00936,
        "theta": 0.0,
        "vega": 0.0
      },
      "adjustedFlag": "false",
      "ask": 30.5,
      "askSize": 30,
      "bid": 27.6,
      "bidSize": 45,
      "displaySymbol": "NVT Jul 21 '23 $22.50 Call",
      "inTheMoney": "y",
      "lastPrice": 0.0,
      "netChange": 0.0,
      "openInterest": 0,
      "optionCategory": "STANDARD",
      "optionRootSymbol": "NVT",
      "optionType": "CALL",
      "osiKey": "NVT---230721C00022500",
      "quoteDetail": "https://api.etrade.com/v1/market/quote/NVT:2023:7:21:CALL:22.500000",
      "strikePrice": 22.5,
      "symbol": "NVT",
      "timeStamp": 1688403590,
      "volume": 0
    },
    {
      "OptionGreeks": {
        "currentValue": "true",
        "delta": 0.99945,
        "gamma": 0.0,
        "iv": 0.3019,
        "rho": 0.01052,
        "theta": 0.0,
        "vega": 0.0
      },
      "adjustedFlag": "false",
      "ask": 27.4,
      "askSize": 30,
      "bid": 25.5,
      "bidSize": 45,
      "displaySymbol": "NVT Jul 21 '23 $25 Call",
      "inTheMoney": "y",
      "lastPrice": 0.0,
      "netChange": 0.0,
      "openInterest": 0,
      "optionCategory": "STANDARD",
      "optionRootSymbol": "NVT",
      "optionType": "CALL",
      "osiKey": "NVT---230721C00025000",
      "quoteDetail": "https://api.etrade.com/v1/market/quote/NVT:2023:7:21:CALL:25.000000",
      "strikePrice": 25.0,
      "symbol": "NVT",
      "timeStamp": 1688403594,
      "volume": 0
    },
    {
      "OptionGreeks": {
        "currentValue": "true",
        "delta": 0.99945,
        "gamma": 1e-05,
        "iv": 0.3019,
        "rho": 0.01288,
        "theta": 0.0,
        "vega": 0.0
      },
      "adjustedFlag": "false",
      "ask": 22.7,
      "askSize": 34,
      "bid": 20.0,
      "bidSize": 48,
      "displaySymbol": "NVT Jul 21 '23 $30 Call",
      "inTheMoney": "y",
      "lastPrice": 0.0,
      "netChange": 0.0,
      "openInterest": 0,
      "optionCategory": "STANDARD",
      "optionRootSymbol": "NVT",
      "optionType": "CALL",
      "osiKey": "NVT---230721C00030000",
      "quoteDetail": "https://api.etrade.com/v1/market/quote/NVT:2023:7:21:CALL:30.000000",
      "strikePrice": 30.0,
      "symbol": "NVT",
      "timeStamp": 1688403585,
      "volume": 0
    },
    {
      "OptionGreeks": {
        "currentValue": "true",
        "delta": 0.99945,
        "gamma": 1e-05,
        "iv": 0.3019,
        "rho": 0.01524,
        "theta": 0.0,
        "vega": 0.0
      },
      "adjustedFlag": "false",
      "ask": 17.0,
      "askSize": 34,
      "bid": 15.3,
      "bidSize": 49,
      "displaySymbol": "NVT Jul 21 '23 $35 Call",
      "inTheMoney": "y",
      "lastPrice": 0.0,
      "netChange": 0.0,
      "openInterest": 0,
      "optionCategory": "STANDARD",
      "optionRootSymbol": "NVT",
      "optionType": "CALL",
      "osiKey": "NVT---230721C00035000",
      "quoteDetail": "https://api.etrade.com/v1/market/quote/NVT:2023:7:21:CALL:35.000000",
      "strikePrice": 35.0,
      "symbol": "NVT",
      "timeStamp": 1688403593,
      "volume": 0
    },
    {
      "OptionGreeks": {
        "currentValue": "true",
        "delta": 0.99941,
        "gamma": 6e-05,
        "iv": 0.3019,
        "rho": 0.01758,
        "theta": 0.0,
        "vega": 3e-05
      },
      "adjustedFlag": "false",
      "ask": 12.8,
      "askSize": 34,
      "bid": 11.0,
      "bidSize": 34,
      "displaySymbol": "NVT Jul 21 '23 $40 Call",
      "inTheMoney": "y",
      "lastPrice": 8.09,
      "netChange": 0.0,
      "openInterest": 21,
      "optionCategory": "STANDARD",
      "optionRootSymbol": "NVT",
      "optionType": "CALL",
      "osiKey": "NVT---230721C00040000",
      "quoteDetail": "https://api.etrade.com/v1/market/quote/NVT:2023:7:21:CALL:40.000000",
      "strikePrice": 40.0,
      "symbol": "NVT",
      "timeStamp": 1688403590,
      "volume": 0
    },
    {
      "OptionGreeks": {
        "currentValue": "true",
        "delta": 0.98034,
        "gamma": 0.01384,
        "iv": 0.3019,
        "rho": 0.01953,
        "theta": -0.00335,
        "vega": 0.00519
      },
      "adjustedFlag": "false",
      "ask": 8.2,
      "askSize": 34,
      "bid": 6.1,
      "bidSize": 34,
      "displaySymbol": "NVT Jul 21 '23 $45 Call",
      "inTheMoney": "y",
      "lastPrice": 6.0,
      "netChange": 0.0,
      "openInterest": 69,
      "optionCategory": "STANDARD",
      "optionRootSymbol": "NVT",
      "optionType": "CALL",
      "osiKey": "NVT---230721C00045000",
      "quoteDetail": "https://api.etrade.com/v1/market/quote/NVT:2023:7:21:CALL:45.000000",
      "strikePrice": 45.0,
      "symbol": "NVT",
      "timeStamp": 1688403583,
      "volume": 0
    },
    {
      "OptionGreeks": {
        "currentValue": "true",
        "delta": 0.6784,
        "gamma": 0.10574,
        "iv": 0.3019,
        "rho": 0.01479,
        "theta": -0.03474,
        "vega": 0.04057
      },
      "adjustedFlag": "false",
      "ask": 2.45,
      "askSize": 12,
      "bid": 1.7,
      "bidSize": 20,
      "displaySymbol": "NVT Jul 21 '23 $50 Call",
      "inTheMoney": "y",
      "lastPrice": 1.9,
      "netChange": -0.6,
      "openInterest": 1036,
      "optionCategory": "STANDARD",
      "optionRootSymbol": "NVT",
      "optionType": "CALL",
      "osiKey": "NVT---230721C00050000",
      "quoteDetail": "https://api.etrade.com/v1/market/quote/NVT:2023:7:21:CALL:50.000000",
      "strikePrice": 50.0,
      "symbol": "NVT",
      "timeStamp": 1688403599,
      "volume": 1
    },
    {
      "OptionGreeks": {
        "currentValue": "true",
        "delta": 0.2169,
        "gamma": 0.07041,
        "iv": 0.36841,
        "rho": 0.00494,
        "theta": -0.03438,
        "vega": 0.03358
      },
      "adjustedFlag": "false",
      "ask": 0.95,
      "askSize": 2,
      "bid": 0.1,
      "bidSize": 13,
      "displaySymbol": "NVT Jul 21 '23 $55 Call",
      "inTheMoney": "n",
      "lastPrice": 0.36,
      "netChange": 0.0,
      "openInterest": 29,
      "optionCategory": "STANDARD",
      "optionRootSymbol": "NVT",
      "optionType": "CALL",
      "osiKey": "NVT---230721C00055000",
      "quoteDetail": "https://api.etrade.com/v1/market/quote/NVT:2023:7:21:CALL:55.000000",
      "strikePrice": 55.0,
      "symbol": "NVT",
      "timeStamp": 1688403560,
      "volume": 0
    },
    {
      "OptionGreeks": {
        "currentValue": "true",
        "delta": 0.05201,
        "gamma": 0.02241,
        "iv": 0.41664,
        "rho": 0.0012,
        "theta": -0.01352,
        "vega": 0.01227
      },
      "adjustedFlag": "false",
      "ask": 0.2,
      "askSize": 30,
      "bid": 0.0,
      "bidSize": 0,
      "displaySymbol": "NVT Jul 21 '23 $60 Call",
      "inTheMoney": "n",
      "lastPrice": 0.11,
      "netChange": 0.0,
      "openInterest": 1,
      "optionCategory": "STANDARD",
      "optionRootSymbol": "NVT",
      "optionType": "CALL",
      "osiKey": "NVT---230721C00060000",
      "quoteDetail": "https://api.etrade.com/v1/market/quote/NVT:2023:7:21:CALL:60.000000",
      "strikePrice": 60.0,
      "symbol": "NVT",
      "timeStamp": 1688401931,
      "volume": 0
    }
  ],
  "2023-08-18": [
    {
      "OptionGreeks": {
        "currentValue": "true",
        "delta": 0.0,
        "gamma": 0.0,
        "iv": 0.56804,
        "rho": 0.0,
        "theta": 0.0,
        "vega": 0.0
      },
      "adjustedFlag": "false",
      "ask": 0.8,
      "askSize": 66,
      "bid": 0.0,
      "bidSize": 0,
      "displaySymbol": "NVT Aug 18 '23 $20 Put",
      "inTheMoney": "n",
      "lastPrice": 0.05,
      "netChange": 0.0,
      "openInterest": 2,
      "optionCategory": "STANDARD",
      "optionRootSymbol": "NVT",
      "optionType": "PUT",
      "osiKey": "NVT---230818P00020000",
      "quoteDetail": "https://api.etrade.com/v1/market/quote/NVT:2023:8:18:PUT:20.000000",
      "strikePrice": 20.0,
      "symbol": "NVT",
      "timeStamp": 1688398976,
      "volume": 0
    },
    {
      "OptionGreeks": {
        "currentValue": "true",
        "delta": -1e-05,
        "gamma": 1e-05,
        "iv": 0.56804,
        "rho": 0.0,
        "theta": -1e-05,
        "vega": 1e-05
      },
      "adjustedFlag": "false",
      "ask": 0.8,
      "askSize": 66,
      "bid": 0.0,
      "bidSize": 0,
      "displaySymbol": "NVT Aug 18 '23 $22.50 Put",
      "inTheMoney": "n",
      "lastPrice": 0.0,
      "netChange": 0.0,
      "openInterest": 0,
      "optionCategory": "STANDARD",
      "optionRootSymbol": "NVT",
      "optionType": "PUT",
      "osiKey": "NVT---230818P00022500",
      "quoteDetail": "https://api.etrade.com/v1/market/quote/NVT:2023:8:18:PUT:22.500000",
      "strikePrice": 22.5,
      "symbol": "NVT",
      "timeStamp": 1688398976,
      "volume": 0
    },
    {
      "OptionGreeks": {
        "currentValue": "true",
        "delta": -0.00011,
        "gamma": 4e-05,
        "iv": 0.56804,
        "rho": -1e-05,
        "theta": -4e-05,
        "vega": 8e-05
      },
      "adjustedFlag": "false",
      "ask": 0.8,
      "askSize": 66,
      "bid": 0.0,
      "bidSize": 0,
      "displaySymbol": "NVT Aug 18 '23 $25 Put",
      "inTheMoney": "n",
      "lastPrice": 0.0,
      "netChange": 0.0,
      "openInterest": 0,
      "optionCategory": "STANDARD",
      "optionRootSymbol": "NVT",
      "optionType": "PUT",
      "osiKey": "NVT---230818P00025000",
      "quoteDetail": "https://api.etrade.com/v1/market/quote/NVT:2023:8:18:PUT:25.000000",
      "strikePrice": 25.0,
      "symbol": "NVT",
      "timeStamp": 1688398976,
      "volume": 0
    },
    {
      "OptionGreeks": {
        "currentValue": "true",
        "delta": -0.00275,
        "gamma": 0.00081,
        "iv": 0.56804,
        "rho": -0.00018,
        "theta": -0.00089,
        "vega": 0.00157
      },
      "adjustedFlag": "false",
      "ask": 0.8,
      "askSize": 66,
      "bid": 0.0,
      "bidSize": 0,
      "displaySymbol": "NVT Aug 18 '23 $30 Put",
      "inTheMoney": "n",
      "lastPrice": 0.36,
      "netChange": 0.0,
      "openInterest": 9,
      "optionCategory": "STANDARD",
      "optionRootSymbol": "NVT",
      "optionType": "PUT",
      "osiKey": "NVT---230818P00030000",
      "quoteDetail": "https://api.etrade.com/v1/market/quote/NVT:2023:8:18:PUT:30.000000",
      "strikePrice": 30.0,
      "symbol": "NVT",
      "timeStamp": 1688398976,
      "volume": 0
    },
    {
      "OptionGreeks": {
        "currentValue": "true",
        "delta": -0.02223,
        "gamma": 0.0051,
        "iv": 0.56804,
        "rho": -0.00146,
        "theta": -0.00577,
        "vega": 0.00975
      },
      "adjustedFlag": "false",
      "ask": 0.8,
      "askSize": 66,
      "bid": 0.0,
      "bidSize": 0,
      "displaySymbol": "NVT Aug 18 '23 $35 Put",
      "inTheMoney": "n",
      "lastPrice": 0.41,
      "netChange": 0.0,
      "openInterest": 20,
      "optionCategory": "STANDARD",
      "optionRootSymbol": "NVT",
      "optionType": "PUT",
      "osiKey": "NVT---230818P00035000",
      "quoteDetail": "https://api.etrade.com/v1/market/quote/NVT:2023:8:18:PUT:35.000000",
      "strikePrice": 35.0,
      "symbol": "NVT",
      "timeStamp": 1688398976,
      "volume": 0
    },
    {
      "OptionGreeks": {
        "currentValue": "true",
        "delta": -0.08874,
        "gamma": 0.01553,
        "iv": 0.56804,
        "rho": -0.00587,
        "theta": -0.01783,
        "vega": 0.02941
      },
      "adjustedFlag": "false",
      "ask": 0.9,
      "askSize": 144,
      "bid": 0.0,
      "bidSize": 0,
      "displaySymbol": "NVT Aug 18 '23 $40 Put",
      "inTheMoney": "n",
      "lastPrice": 0.18,
      "netChange": 0.0,
      "openInterest": 559,
      "optionCategory": "STANDARD",
      "optionRootSymbol": "NVT",
      "optionType": "PUT",
      "osiKey": "NVT---230818P00040000",
      "quoteDetail": "https://api.etrade.com/v1/market/quote/NVT:2023:8:18:PUT:40.000000",
      "strikePrice": 40.0,
      "symbol": "NVT",
      "timeStamp": 1688402969,
      "volume": 0
    },
    {
      "OptionGreeks": {
        "currentValue": "true",
        "delta": -0.14497,
        "gamma": 0.03286,
        "iv": 0.38166,
        "rho": -0.00916,
        "theta": -0.01709,
        "vega": 0.04172
      },
      "adjustedFlag": "false",
      "ask": 1.0,
      "askSize": 122,
      "bid": 0.05,
      "bidSize": 33,
      "displaySymbol": "NVT Aug 18 '23 $45 Put",
      "inTheMoney": "n",
      "lastPrice": 0.7,
      "netChange": 0.0,
      "openInterest": 241,
      "optionCategory": "STANDARD",
      "optionRootSymbol": "NVT",
      "optionType": "PUT",
      "osiKey": "NVT---230818P00045000",
      "quoteDetail": "https://api.etrade.com/v1/market/quote/NVT:2023:8:18:PUT:45.000000",
      "strikePrice": 45.0,
      "symbol": "NVT",
      "timeStamp": 1688403599,
      "volume": 0
    },
    {
      "OptionGreeks": {
        "currentValue": "true",
        "delta": -0.37939,
        "gamma": 0.06592,
        "iv": 0.32191,
        "rho": -0.02226,
        "theta": -0.02445,
        "vega": 0.06913
      },
      "adjustedFlag": "false",
      "ask": 2.15,
      "askSize": 1,
      "bid": 1.15,
      "bidSize": 36,
      "displaySymbol": "NVT Aug 18 '23 $50 Put",
      "inTheMoney": "n",
      "lastPrice": 1.74,
      "netChange": 0.0,
      "openInterest": 9,
      "optionCategory": "STANDARD",
      "optionRootSymbol": "NVT",
      "optionType": "PUT",
      "osiKey": "NVT---230818P00050000",
      "quoteDetail": "https://api.etrade.com/v1/market/quote/NVT:2023:8:18:PUT:50.000000",
      "strikePrice": 50.0,
      "symbol": "NVT",
      "timeStamp": 1688403596,
      "volume": 0
    },
    {
      "OptionGreeks": {
        "currentValue": "true",
        "delta": -0.70847,
        "gamma": 0.06182,
        "iv": 0.32278,
        "rho": -0.03487,
        "theta": -0.02259,
        "vega": 0.06208
      },
      "adjustedFlag": "false",
      "ask": 5.1,
      "askSize": 77,
      "bid": 3.8,
      "bidSize": 59,
      "displaySymbol": "NVT Aug 18 '23 $55 Put",
      "inTheMoney": "y",
      "lastPrice": 6.0,
      "netChange": 0.0,
      "openInterest": 1,
      "optionCategory": "STANDARD",
      "optionRootSymbol": "NVT",
      "optionType": "PUT",
      "osiKey": "NVT---230818P00055000",
      "quoteDetail": "https://api.etrade.com/v1/market/quote/NVT:2023:8:18:PUT:55.000000",
      "strikePrice": 55.0,
      "symbol": "NVT",
      "timeStamp": 1688403599,
      "volume": 0
    },
    {
      "OptionGreeks": {
        "currentValue": "true",
        "delta": -0.85223,
        "gamma": 0.03417,
        "iv": 0.40472,
        "rho": -0.03784,
        "theta": -0.01878,
        "vega": 0.04169
      },
      "adjustedFlag": "false",
      "ask": 9.8,
      "askSize": 49,
      "bid": 8.3,
      "bidSize": 34,
      "displaySymbol": "NVT Aug 18 '23 $60 Put",
      "inTheMoney": "y",
      "lastPrice": 0.0,
      "netChange": 0.0,
      "openInterest": 0,
      "optionCategory": "STANDARD",
      "optionRootSymbol": "NVT",
      "optionType": "PUT",
      "osiKey": "NVT---230818P00060000",
      "quoteDetail": "https://api.etrade.com/v1/market/quote/NVT:2023:8:18:PUT:60.000000",
      "strikePrice": 60.0,
      "symbol": "NVT",
      "timeStamp": 1688403598,
      "volume": 0
    },
    {
      "OptionGreeks": {
        "currentValue": "true",
        "delta": 1.0,
        "gamma": 0.0,
        "iv": 0.56804,
        "rho": 0.00876,
        "theta": 0.0,
        "vega": 0.0
      },
      "adjustedFlag": "false",
      "ask": 32.0,
      "askSize": 30,
      "bid": 30.1,
      "bidSize": 45,
      "displaySymbol": "NVT Aug 18 '23 $20 Call",
      "inTheMoney": "y",
      "lastPrice": 0.0,
      "netChange": 0.0,
      "openInterest": 0,
      "optionCategory": "STANDARD",
      "optionRootSymbol": "NVT",
      "optionType": "CALL",
      "osiKey": "NVT---230818C00020000",
      "quoteDetail": "https://api.etrade.com/v1/market/quote/NVT:2023:8:18:CALL:20.000000",
      "strikePrice": 20.0,
      "symbol": "NVT",
      "timeStamp": 1688403593,
      "volume": 0
    },
    {
      "OptionGreeks": {
        "currentValue": "true",
        "delta": 1.0,
        "gamma": 0.0,
        "iv": 0.56804,
        "rho": 0.00988,
        "theta": 0.0,
        "vega": 0.0
      },
      "adjustedFlag": "false",
      "ask": 29.5,
      "askSize": 30,
      "bid": 28.6,
      "bidSize": 30,
      "displaySymbol": "NVT Aug 18 '23 $22.50 Call",
      "inTheMoney": "y",
      "lastPrice": 0.0,
      "netChange": 0.0,
      "openInterest": 0,
      "optionCategory": "STANDARD",
      "optionRootSymbol": "NVT",
      "optionType": "CALL",
      "osiKey": "NVT---230818C00022500",
      "quoteDetail": "https://api.etrade.com/v1/market/quote/NVT:2023:8:18:CALL:22.500000",
      "strikePrice": 22.5,
      "symbol": "NVT",
      "timeStamp": 1688403527,
      "volume": 0
    },
    {
      "OptionGreeks": {
        "currentValue": "true",
        "delta": 1.0,
        "gamma": 0.0,
        "iv": 0.56804,
        "rho": 0.01099,
        "theta": 0.0,
        "vega": 0.0
      },
      "adjustedFlag": "false",
      "ask": 28.7,
      "askSize": 30,
      "bid": 26.0,
      "bidSize": 30,
      "displaySymbol": "NVT Aug 18 '23 $25 Call",
      "inTheMoney": "y",
      "lastPrice": 0.0,
      "netChange": 0.0,
      "openInterest": 0,
      "optionCategory": "STANDARD",
      "optionRootSymbol": "NVT",
      "optionType": "CALL",
      "osiKey": "NVT---230818C00025000",
      "quoteDetail": "https://api.etrade.com/v1/market/quote/NVT:2023:8:18:CALL:25.000000",
      "strikePrice": 25.0,
      "symbol": "NVT",
      "timeStamp": 1688403588,
      "volume": 0
    },
    {
      "OptionGreeks": {
        "currentValue": "true",
        "delta": 0.99862,
        "gamma": 0.00059,
        "iv": 0.56804,
        "rho": 0.01443,
        "theta": 0.0,
        "vega": 0.00087
      },
      "adjustedFlag": "false",
      "ask": 22.4,
      "askSize": 34,
      "bid": 20.3,
      "bidSize": 49,
      "displaySymbol": "NVT Aug 18 '23 $30 Call",
      "inTheMoney": "y",
      "lastPrice": 17.5,
      "netChange": 0.0,
      "openInterest": 1,
      "optionCategory": "STANDARD",
      "optionRootSymbol": "NVT",
      "optionType": "CALL",
      "osiKey": "NVT---230818C00030000",
      "quoteDetail": "https://api.etrade.com/v1/market/quote/NVT:2023:8:18:CALL:30.000000",
      "strikePrice": 30.0,
      "symbol": "NVT",
      "timeStamp": 1688403577,
      "volume": 0
    },
    {
      "OptionGreeks": {
        "currentValue": "true",
        "delta": 0.97884,
        "gamma": 0.00512,
        "iv": 0.56804,
        "rho": 0.03054,
        "theta": -0.00344,
        "vega": 0.00942
      },
      "adjustedFlag": "false",
      "ask": 17.4,
      "askSize": 34,
      "bid": 16.2,
      "bidSize": 34,
      "displaySymbol": "NVT Aug 18 '23 $35 Call",
      "inTheMoney": "y",
      "lastPrice": 11.8,
      "netChange": 0.0,
      "openInterest": 2,
      "optionCategory": "STANDARD",
      "optionRootSymbol": "NVT",
      "optionType": "CALL",
      "osiKey": "NVT---230818C00035000",
      "quoteDetail": "https://api.etrade.com/v1/market/quote/NVT:2023:8:18:CALL:35.000000",
      "strikePrice": 35.0,
      "symbol": "NVT",
      "timeStamp": 1688403584,
      "volume": 0
    },
    {
      "OptionGreeks": {
        "currentValue": "true",
        "delta": 0.91197,
        "gamma": 0.01544,
        "iv": 0.56804,
        "rho": 0.0439,
        "theta": -0.01608,
        "vega": 0.02931
      },
      "adjustedFlag": "false",
      "ask": 12.7,
      "askSize": 34,
      "bid": 11.3,
      "bidSize": 34,
      "displaySymbol": "NVT Aug 18 '23 $40 Call",
      "inTheMoney": "y",
      "lastPrice": 8.4,
      "netChange": 0.0,
      "openInterest": 25,
      "optionCategory": "STANDARD",
      "optionRootSymbol": "NVT",
      "optionType": "CALL",
      "osiKey": "NVT---230818C00040000",
      "quoteDetail": "https://api.etrade.com/v1/market/quote/NVT:2023:8:18:CALL:40.000000",
      "strikePrice": 40.0,
      "symbol": "NVT",
      "timeStamp": 1688403594,
      "volume": 0
    },
    {
      "OptionGreeks": {
        "currentValue": "true",
        "delta": 0.85652,
        "gamma": 0.03251,
        "iv": 0.38166,
        "rho": 0.04651,
        "theta": -0.01598,
        "vega": 0.04155
      },
      "adjustedFlag": "false",
      "ask": 8.3,
      "askSize": 87,
      "bid": 6.4,
      "bidSize": 151,
      "displaySymbol": "NVT Aug 18 '23 $45 Call",
      "inTheMoney": "y",
      "lastPrice": 7.15,
      "netChange": -0.05,
      "openInterest": 744,
      "optionCategory": "STANDARD",
      "optionRootSymbol": "NVT",
      "optionType": "CALL",
      "osiKey": "NVT---230818C00045000",
      "quoteDetail": "https://api.etrade.com/v1/market/quote/NVT:2023:8:18:CALL:45.000000",
      "strikePrice": 45.0,
      "symbol": "NVT",
      "timeStamp": 1688403599,
      "volume": 8
    },
    {
      "OptionGreeks": {
        "currentValue": "true",
        "delta": 0.62647,
        "gamma": 0.06444,
        "iv": 0.32191,
        "rho": 0.03653,
        "theta": -0.02368,
        "vega": 0.06899
      },
      "adjustedFlag": "false",
      "ask": 3.6,
      "askSize": 120,
      "bid": 2.65,
      "bidSize": 37,
      "displaySymbol": "NVT Aug 18 '23 $50 Call",
      "inTheMoney": "y",
      "lastPrice": 3.09,
      "netChange": -0.39,
      "openInterest": 1585,
      "optionCategory": "STANDARD",
      "optionRootSymbol": "NVT",
      "optionType": "CALL",
      "osiKey": "NVT---230818C00050000",
      "quoteDetail": "https://api.etrade.com/v1/market/quote/NVT:2023:8:18:CALL:50.000000",
      "strikePrice": 50.0,
      "symbol": "NVT",
      "timeStamp": 1688403599,
      "volume": 4
    },
    {
      "OptionGreeks": {
        "currentValue": "true",
        "delta": 0.30724,
        "gamma": 0.05958,
        "iv": 0.32278,
        "rho": 0.0184,
        "theta": -0.02224,
        "vega": 0.0641
      },
      "adjustedFlag": "false",
      "ask": 2.55,
      "askSize": 115,
      "bid": 0.0,
      "bidSize": 0,
      "displaySymbol": "NVT Aug 18 '23 $55 Call",
      "inTheMoney": "n",
      "lastPrice": 1.15,
      "netChange": 0.0,
      "openInterest": 1307,
      "optionCategory": "STANDARD",
      "optionRootSymbol": "NVT",
      "optionType": "CALL",
      "osiKey": "NVT---230818C00055000",
      "quoteDetail": "https://api.etrade.com/v1/market/quote/NVT:2023:8:18:CALL:55.000000",
      "strikePrice": 55.0,
      "symbol": "NVT",
      "timeStamp": 1688403599,
      "volume": 0
    },
    {
      "OptionGreeks": {
        "currentValue": "true",
        "delta": 0.16435,
        "gamma": 0.03345,
        "iv": 0.40472,
        "rho": 0.00978,
        "theta": -0.01955,
        "vega": 0.04535
      },
      "adjustedFlag": "false",
      "ask": 1.2,
      "askSize": 154,
      "bid": 0.0,
      "bidSize": 0,
      "displaySymbol": "NVT Aug 18 '23 $60 Call",
      "inTheMoney": "n",
      "lastPrice": 0.2,
      "netChange": 0.0,
      "openInterest": 2,
      "optionCategory": "STANDARD",
      "optionRootSymbol": "NVT",
      "optionType": "CALL",
      "osiKey": "NVT---230818C00060000",
      "quoteDetail": "https://api.etrade.com/v1/market/quote/NVT:2023:8:18:CALL:60.000000",
      "strikePrice": 60.0,
      "symbol": "NVT",
      "timeStamp": 1688398976,
      "volume": 0
    }
  ],
  "2023-11-17": [
    {
      "OptionGreeks": {
        "currentValue": "true",
        "delta": -8e-05,
        "gamma": 3e-05,
        "iv": 0.37185,
        "rho": -1e-05,
        "theta": -1e-05,
        "vega": 0.00011
      },
      "adjustedFlag": "false",
      "ask": 1.2,
      "askSize": 51,
      "bid": 0.0,
      "bidSize": 0,
      "displaySymbol": "NVT Nov 17 '23 $22.50 Put",
      "inTheMoney": "n",
      "lastPrice": 0.0,
      "netChange": 0.0,
      "openInterest": 0,
      "optionCategory": "STANDARD",
      "optionRootSymbol": "NVT",
      "optionType": "PUT",
      "osiKey": "NVT---231117P00022500",
      "quoteDetail": "https://api.etrade.com/v1/market/quote/NVT:2023:11:17:PUT:22.500000",
      "strikePrice": 22.5,
      "symbol": "NVT",
      "timeStamp": 1688393536,
      "volume": 0
    },
    {
      "OptionGreeks": {
        "currentValue": "true",
        "delta": -0.00047,
        "gamma": 0.00014,
        "iv": 0.37185,
        "rho": -9e-05,
        "theta": -7e-05,
        "vega": 0.00057
      },
      "adjustedFlag": "false",
      "ask": 1.2,
      "askSize": 51,
      "bid": 0.0,
      "bidSize": 0,
      "displaySymbol": "NVT Nov 17 '23 $25 Put",
      "inTheMoney": "n",
      "lastPrice": 0.29,
      "netChange": 0.0,
      "openInterest": 2,
      "optionCategory": "STANDARD",
      "optionRootSymbol": "NVT",
      "optionType": "PUT",
      "osiKey": "NVT---231117P00025000",
      "quoteDetail": "https://api.etrade.com/v1/market/quote/NVT:2023:11:17:PUT:25.000000",
      "strikePrice": 25.0,
      "symbol": "NVT",
      "timeStamp": 1688393536,
      "volume": 0
    },
    {
      "OptionGreeks": {
        "currentValue": "true",
        "delta": -0.00618,
        "gamma": 0.00149,
        "iv": 0.37185,
        "rho": -0.00119,
        "theta": -0.00071,
        "vega": 0.0057
      },
      "adjustedFlag": "false",
      "ask": 4.5,
      "askSize": 67,
      "bid": 0.0,
      "bidSize": 0,
      "displaySymbol": "NVT Nov 17 '23 $30 Put",
      "inTheMoney": "n",
      "lastPrice": 0.65,
      "netChange": 0.0,
      "openInterest": 6,
      "optionCategory": "STANDARD",
      "optionRootSymbol": "NVT",
      "optionType": "PUT",
      "osiKey": "NVT---231117P00030000",
      "quoteDetail": "https://api.etrade.com/v1/market/quote/NVT:2023:11:17:PUT:30.000000",
      "strikePrice": 30.0,
      "symbol": "NVT",
      "timeStamp": 1688398822,
      "volume": 0
    },
    {
      "OptionGreeks": {
        "currentValue": "true",
        "delta": -0.0341,
        "gamma": 0.00649,
        "iv": 0.37185,
        "rho": -0.00669,
        "theta": -0.00312,
        "vega": 0.02416
      },
      "adjustedFlag": "false",
      "ask": 4.6,
      "askSize": 124,
      "bid": 0.0,
      "bidSize": 0,
      "displaySymbol": "NVT Nov 17 '23 $35 Put",
      "inTheMoney": "n",
      "lastPrice": 1.28,
      "netChange": 0.0,
      "openInterest": 9,
      "optionCategory": "STANDARD",
      "optionRootSymbol": "NVT",
      "optionType": "PUT",
      "osiKey": "NVT---231117P00035000",
      "quoteDetail": "https://api.etrade.com/v1/market/quote/NVT:2023:11:17:PUT:35.000000",
      "strikePrice": 35.0,
      "symbol": "NVT",
      "timeStamp": 1688403560,
      "volume": 0
    },
    {
      "OptionGreeks": {
        "currentValue": "true",
        "delta": -0.1078,
        "gamma": 0.01592,
        "iv": 0.37185,
        "rho": -0.02135,
        "theta": -0.00774,
        "vega": 0.05845
      },
      "adjustedFlag": "false",
      "ask": 1.25,
      "askSize": 54,
      "bid": 0.0,
      "bidSize": 0,
      "displaySymbol": "NVT Nov 17 '23 $40 Put",
      "inTheMoney": "n",
      "lastPrice": 2.53,
      "netChange": 0.0,
      "openInterest": 86,
      "optionCategory": "STANDARD",
      "optionRootSymbol": "NVT",
      "optionType": "PUT",
      "osiKey": "NVT---231117P00040000",
      "quoteDetail": "https://api.etrade.com/v1/market/quote/NVT:2023:11:17:PUT:40.000000",
      "strikePrice": 40.0,
      "symbol": "NVT",
      "timeStamp": 1688403530,
      "volume": 0
    },
    {
      "OptionGreeks": {
        "currentValue": "true",
        "delta": -0.21539,
        "gamma": 0.02847,
        "iv": 0.32906,
        "rho": -0.04196,
        "theta": -0.01083,
        "vega": 0.09166
      },
      "adjustedFlag": "false",
      "ask": 2.35,
      "askSize": 105,
      "bid": 0.3,
      "bidSize": 308,
      "displaySymbol": "NVT Nov 17 '23 $45 Put",
      "inTheMoney": "n",
      "lastPrice": 1.5,
      "netChange": 0.0,
      "openInterest": 125,
      "optionCategory": "STANDARD",
      "optionRootSymbol": "NVT",
      "optionType": "PUT",
      "osiKey": "NVT---231117P00045000",
      "quoteDetail": "https://api.etrade.com/v1/market/quote/NVT:2023:11:17:PUT:45.000000",
      "strikePrice": 45.0,
      "symbol": "NVT",
      "timeStamp": 1688403599,
      "volume": 0
    },
    {
      "OptionGreeks": {
        "currentValue": "true",
        "delta": -0.39756,
        "gamma": 0.034,
        "iv": 0.36577,
        "rho": -0.07706,
        "theta": -0.01581,
        "vega": 0.12008
      },
      "adjustedFlag": "false",
      "ask": 4.8,
      "askSize": 84,
      "bid": 2.4,
      "bidSize": 11,
      "displaySymbol": "NVT Nov 17 '23 $50 Put",
      "inTheMoney": "n",
      "lastPrice": 2.95,
      "netChange": 0.0,
      "openInterest": 4,
      "optionCategory": "STANDARD",
      "optionRootSymbol": "NVT",
      "optionType": "PUT",
      "osiKey": "NVT---231117P00050000",
      "quoteDetail": "https://api.etrade.com/v1/market/quote/NVT:2023:11:17:PUT:50.000000",
      "strikePrice": 50.0,
      "symbol": "NVT",
      "timeStamp": 1688403599,
      "volume": 0
    },
    {
      "OptionGreeks": {
        "currentValue": "true",
        "delta": -0.6008,
        "gamma": 0.04268,
        "iv": 0.3039,
        "rho": -0.10154,
        "theta": -0.01331,
        "vega": 0.1195
      },
      "adjustedFlag": "false",
      "ask": 6.5,
      "askSize": 78,
      "bid": 5.2,
      "bidSize": 11,
      "displaySymbol": "NVT Nov 17 '23 $55 Put",
      "inTheMoney": "y",
      "lastPrice": 6.75,
      "netChange": 0.0,
      "openInterest": 2,
      "optionCategory": "STANDARD",
      "optionRootSymbol": "NVT",
      "optionType": "PUT",
      "osiKey": "NVT---231117P00055000",
      "quoteDetail": "https://api.etrade.com/v1/market/quote/NVT:2023:11:17:PUT:55.000000",
      "strikePrice": 55.0,
      "symbol": "NVT",
      "timeStamp": 1688403599,
      "volume": 0
    },
    {
      "OptionGreeks": {
        "currentValue": "true",
        "delta": -0.76974,
        "gamma": 0.03606,
        "iv": 0.31354,
        "rho": -0.10422,
        "theta": -0.01133,
        "vega": 0.09312
      },
      "adjustedFlag": "false",
      "ask": 10.9,
      "askSize": 65,
      "bid": 8.5,
      "bidSize": 65,
      "displaySymbol": "NVT Nov 17 '23 $60 Put",
      "inTheMoney": "y",
      "lastPrice": 0.0,
      "netChange": 0.0,
      "openInterest": 0,
      "optionCategory": "STANDARD",
      "optionRootSymbol": "NVT",
      "optionType": "PUT",
      "osiKey": "NVT---231117P00060000",
      "quoteDetail": "https://api.etrade.com/v1/market/quote/NVT:2023:11:17:PUT:60.000000",
      "strikePrice": 60.0,
      "symbol": "NVT",
      "timeStamp": 1688403599,
      "volume": 0
    },
    {
      "OptionGreeks": {
        "currentValue": "true",
        "delta": -0.92238,
        "gamma": 0.02374,
        "iv": 0.29216,
        "rho": -0.06796,
        "theta": -0.00528,
        "vega": 0.04274
      },
      "adjustedFlag": "false",
      "ask": 14.4,
      "askSize": 34,
      "bid": 11.7,
      "bidSize": 49,
      "displaySymbol": "NVT Nov 17 '23 $65 Put",
      "inTheMoney": "y",
      "lastPrice": 0.0,
      "netChange": 0.0,
      "openInterest": 0,
      "optionCategory": "STANDARD",
      "optionRootSymbol": "NVT",
      "optionType": "PUT",
      "osiKey": "NVT---231117P00065000",
      "quoteDetail": "https://api.etrade.com/v1/market/quote/NVT:2023:11:17:PUT:65.000000",
      "strikePrice": 65.0,
      "symbol": "NVT",
      "timeStamp": 1688403509,
      "volume": 0
    },
    {
      "OptionGreeks": {
        "currentValue": "true",
        "delta": -0.94649,
        "gamma": 0.01573,
        "iv": 0.34336,
        "rho": -0.06242,
        "theta": -0.00389,
        "vega": 0.03091
      },
      "adjustedFlag": "false",
      "ask": 19.6,
      "askSize": 49,
      "bid": 17.6,
      "bidSize": 49,
      "displaySymbol": "NVT Nov 17 '23 $70 Put",
      "inTheMoney": "y",
      "lastPrice": 0.0,
      "netChange": 0.0,
      "openInterest": 0,
      "optionCategory": "STANDARD",
      "optionRootSymbol": "NVT",
      "optionType": "PUT",
      "osiKey": "NVT---231117P00070000",
      "quoteDetail": "https://api.etrade.com/v1/market/quote/NVT:2023:11:17:PUT:70.000000",
      "strikePrice": 70.0,
      "symbol": "NVT",
      "timeStamp": 1688403596,
      "volume": 0
    },
    {
      "OptionGreeks": {
        "currentValue": "true",
        "delta": 0.99947,
        "gamma": 0.0,
        "iv": 0.37185,
        "rho": 0.00955,
        "theta": 0.0,
        "vega": 0.0
      },
      "adjustedFlag": "false",
      "ask": 30.9,
      "askSize": 30,
      "bid": 28.3,
      "bidSize": 45,
      "displaySymbol": "NVT Nov 17 '23 $22.50 Call",
      "inTheMoney": "y",
      "lastPrice": 0.0,
      "netChange": 0.0,
      "openInterest": 0,
      "optionCategory": "STANDARD",
      "optionRootSymbol": "NVT",
      "optionType": "CALL",
      "osiKey": "NVT---231117C00022500",
      "quoteDetail": "https://api.etrade.com/v1/market/quote/NVT:2023:11:17:CALL:22.500000",
      "strikePrice": 22.5,
      "symbol": "NVT",
      "timeStamp": 1688403597,
      "volume": 0
    },
    {
      "OptionGreeks": {
        "currentValue": "true",
        "delta": 0.99918,
        "gamma": 0.00015,
        "iv": 0.37185,
        "rho": 0.0158,
        "theta": 0.0,
        "vega": 0.00016
      },
      "adjustedFlag": "false",
      "ask": 27.2,
      "askSize": 30,
      "bid": 25.5,
      "bidSize": 45,
      "displaySymbol": "NVT Nov 17 '23 $25 Call",
      "inTheMoney": "y",
      "lastPrice": 0.0,
      "netChange": 0.0,
      "openInterest": 0,
      "optionCategory": "STANDARD",
      "optionRootSymbol": "NVT",
      "optionType": "CALL",
      "osiKey": "NVT---231117C00025000",
      "quoteDetail": "https://api.etrade.com/v1/market/quote/NVT:2023:11:17:CALL:25.000000",
      "strikePrice": 25.0,
      "symbol": "NVT",
      "timeStamp": 1688403583,
      "volume": 0
    },
    {
      "OptionGreeks": {
        "currentValue": "true",
        "delta": 0.9907,
        "gamma": 0.00134,
        "iv": 0.37185,
        "rho": 0.08652,
        "theta": 0.0,
        "vega": 0.00488
      },
      "adjustedFlag": "false",
      "ask": 23.5,
      "askSize": 34,
      "bid": 21.1,
      "bidSize": 33,
      "displaySymbol": "NVT Nov 17 '23 $30 Call",
      "inTheMoney": "y",
      "lastPrice": 0.0,
      "netChange": 0.0,
      "openInterest": 0,
      "optionCategory": "STANDARD",
      "optionRootSymbol": "NVT",
      "optionType": "CALL",
      "osiKey": "NVT---231117C00030000",
      "quoteDetail": "https://api.etrade.com/v1/market/quote/NVT:2023:11:17:CALL:30.000000",
      "strikePrice": 30.0,
      "symbol": "NVT",
      "timeStamp": 1688403585,
      "volume": 0
    },
    {
      "OptionGreeks": {
        "currentValue": "true",
        "delta": 0.96388,
        "gamma": 0.00628,
        "iv": 0.37185,
        "rho": 0.09943,
        "theta": -0.00066,
        "vega": 0.02278
      },
      "adjustedFlag": "false",
      "ask": 17.4,
      "askSize": 34,
      "bid": 16.5,
      "bidSize": 34,
      "displaySymbol": "NVT Nov 17 '23 $35 Call",
      "inTheMoney": "y",
      "lastPrice": 9.4,
      "netChange": 0.0,
      "openInterest": 11,
      "optionCategory": "STANDARD",
      "optionRootSymbol": "NVT",
      "optionType": "CALL",
      "osiKey": "NVT---231117C00035000",
      "quoteDetail": "https://api.etrade.com/v1/market/quote/NVT:2023:11:17:CALL:35.000000",
      "strikePrice": 35.0,
      "symbol": "NVT",
      "timeStamp": 1688403568,
      "volume": 0
    },
    {
      "OptionGreeks": {
        "currentValue": "true",
        "delta": 0.89074,
        "gamma": 0.01575,
        "iv": 0.37185,
        "rho": 0.10772,
        "theta": -0.006,
        "vega": 0.05753
      },
      "adjustedFlag": "false",
      "ask": 13.3,
      "askSize": 34,
      "bid": 11.8,
      "bidSize": 45,
      "displaySymbol": "NVT Nov 17 '23 $40 Call",
      "inTheMoney": "y",
      "lastPrice": 7.69,
      "netChange": 0.0,
      "openInterest": 63,
      "optionCategory": "STANDARD",
      "optionRootSymbol": "NVT",
      "optionType": "CALL",
      "osiKey": "NVT---231117C00040000",
      "quoteDetail": "https://api.etrade.com/v1/market/quote/NVT:2023:11:17:CALL:40.000000",
      "strikePrice": 40.0,
      "symbol": "NVT",
      "timeStamp": 1688403568,
      "volume": 0
    },
    {
      "OptionGreeks": {
        "currentValue": "true",
        "delta": 0.78387,
        "gamma": 0.02815,
        "iv": 0.32906,
        "rho": 0.10664,
        "theta": -0.00976,
        "vega": 0.0907
      },
      "adjustedFlag": "false",
      "ask": 9.8,
      "askSize": 43,
      "bid": 7.0,
      "bidSize": 54,
      "displaySymbol": "NVT Nov 17 '23 $45 Call",
      "inTheMoney": "y",
      "lastPrice": 8.0,
      "netChange": 0.0,
      "openInterest": 26,
      "optionCategory": "STANDARD",
      "optionRootSymbol": "NVT",
      "optionType": "CALL",
      "osiKey": "NVT---231117C00045000",
      "quoteDetail": "https://api.etrade.com/v1/market/quote/NVT:2023:11:17:CALL:45.000000",
      "strikePrice": 45.0,
      "symbol": "NVT",
      "timeStamp": 1688403599,
      "volume": 0
    },
    {
      "OptionGreeks": {
        "currentValue": "true",
        "delta": 0.60326,
        "gamma": 0.03341,
        "iv": 0.36577,
        "rho": 0.09031,
        "theta": -0.01529,
        "vega": 0.1198
      },
      "adjustedFlag": "false",
      "ask": 6.7,
      "askSize": 103,
      "bid": 4.3,
      "bidSize": 119,
      "displaySymbol": "NVT Nov 17 '23 $50 Call",
      "inTheMoney": "y",
      "lastPrice": 4.68,
      "netChange": 0.0,
      "openInterest": 71,
      "optionCategory": "STANDARD",
      "optionRootSymbol": "NVT",
      "optionType": "CALL",
      "osiKey": "NVT---231117C00050000",
      "quoteDetail": "https://api.etrade.com/v1/market/quote/NVT:2023:11:17:CALL:50.000000",
      "strikePrice": 50.0,
      "symbol": "NVT",
      "timeStamp": 1688403599,
      "volume": 0
    },
    {
      "OptionGreeks": {
        "currentValue": "true",
        "delta": 0.40793,
        "gamma": 0.04053,
        "iv": 0.3039,
        "rho": 0.06738,
        "theta": -0.01308,
        "vega": 0.12109
      },
      "adjustedFlag": "false",
      "ask": 3.0,
      "askSize": 1,
      "bid": 1.95,
      "bidSize": 97,
      "displaySymbol": "NVT Nov 17 '23 $55 Call",
      "inTheMoney": "n",
      "lastPrice": 2.75,
      "netChange": 0.0,
      "openInterest": 40,
      "optionCategory": "STANDARD",
      "optionRootSymbol": "NVT",
      "optionType": "CALL",
      "osiKey": "NVT---231117C00055000",
      "quoteDetail": "https://api.etrade.com/v1/market/quote/NVT:2023:11:17:CALL:55.000000",
      "strikePrice": 55.0,
      "symbol": "NVT",
      "timeStamp": 1688403571,
      "volume": 0
    },
    {
      "OptionGreeks": {
        "currentValue": "true",
        "delta": 0.25181,
        "gamma": 0.03228,
        "iv": 0.31354,
        "rho": 0.04295,
        "theta": -0.01116,
        "vega": 0.09998
      },
      "adjustedFlag": "false",
      "ask": 2.1,
      "askSize": 156,
      "bid": 0.55,
      "bidSize": 131,
      "displaySymbol": "NVT Nov 17 '23 $60 Call",
      "inTheMoney": "n",
      "lastPrice": 0.4,
      "netChange": 0.0,
      "openInterest": 1,
      "optionCategory": "STANDARD",
      "optionRootSymbol": "NVT",
      "optionType": "CALL",
      "osiKey": "NVT---231117C00060000",
      "quoteDetail": "https://api.etrade.com/v1/market/quote/NVT:2023:11:17:CALL:60.000000",
      "strikePrice": 60.0,
      "symbol": "NVT",
      "timeStamp": 1688403599,
      "volume": 0
    },
    {
      "OptionGreeks": {
        "currentValue": "true",
        "delta": 0.11995,
        "gamma": 0.02172,
        "iv": 0.29216,
        "rho": 0.02094,
        "theta": -0.0065,
        "vega": 0.06348
      },
      "adjustedFlag": "false",
      "ask": 1.0,
      "askSize": 39,
      "bid": 0.0,
      "bidSize": 0,
      "displaySymbol": "NVT Nov 17 '23 $65 Call",
      "inTheMoney": "n",
      "lastPrice": 0.0,
      "netChange": 0.0,
      "openInterest": 0,
      "optionCategory": "STANDARD",
      "optionRootSymbol": "NVT",
      "optionType": "CALL",
      "osiKey": "NVT---231117C00065000",
      "quoteDetail": "https://api.etrade.com/v1/market/quote/NVT:2023:11:17:CALL:65.000000",
      "strikePrice": 65.0,
      "symbol": "NVT",
      "timeStamp": 1688403367,
      "volume": 0
    },
    {
      "OptionGreeks": {
        "currentValue": "true",
        "delta": 0.0932,
        "gamma": 0.01539,
        "iv": 0.34336,
        "rho": 0.01608,
        "theta": -0.00635,
        "vega": 0.0529
      },
      "adjustedFlag": "false",
      "ask": 0.85,
      "askSize": 101,
      "bid": 0.0,
      "bidSize": 0,
      "displaySymbol": "NVT Nov 17 '23 $70 Call",
      "inTheMoney": "n",
      "lastPrice": 0.0,
      "netChange": 0.0,
      "openInterest": 0,
      "optionCategory": "STANDARD",
      "optionRootSymbol": "NVT",
      "optionType": "CALL",
      "osiKey": "NVT---231117C00070000",
      "quoteDetail": "https://api.etrade.com/v1/market/quote/NVT:2023:11:17:CALL:70.000000",
      "strikePrice": 70.0,
      "symbol": "NVT",
      "timeStamp": 1688401936,
      "volume": 0
    }
  ],
  "2024-02-16": [
    {
      "OptionGreeks": {
        "currentValue": "true",
        "delta": -0.00375,
        "gamma": 0.00075,
        "iv": 0.3711,
        "rho": -0.00122,
        "theta": -0.00035,
        "vega": 0.00473
      },
      "adjustedFlag": "false",
      "ask": 4.8,
      "askSize": 65,
      "bid": 0.0,
      "bidSize": 0,
      "displaySymbol": "NVT Feb 16 '24 $25 Put",
      "inTheMoney": "n",
      "lastPrice": 0.0,
      "netChange": 0.0,
      "openInterest": 0,
      "optionCategory": "STANDARD",
      "optionRootSymbol": "NVT",
      "optionType": "PUT",
      "osiKey": "NVT---240216P00025000",
      "quoteDetail": "https://api.etrade.com/v1/market/quote/NVT:2024:2:16:PUT:25.000000",
      "strikePrice": 25.0,
      "symbol": "NVT",
      "timeStamp": 1688392799,
      "volume": 0
    },
    {
      "OptionGreeks": {
        "currentValue": "true",
        "delta": -0.0202,
        "gamma": 0.00327,
        "iv": 0.3711,
        "rho": -0.00672,
        "theta": -0.00154,
        "vega": 0.0202
      },
      "adjustedFlag": "false",
      "ask": 4.8,
      "askSize": 112,
      "bid": 0.0,
      "bidSize": 0,
      "displaySymbol": "NVT Feb 16 '24 $30 Put",
      "inTheMoney": "n",
      "lastPrice": 0.0,
      "netChange": 0.0,
      "openInterest": 0,
      "optionCategory": "STANDARD",
      "optionRootSymbol": "NVT",
      "optionType": "PUT",
      "osiKey": "NVT---240216P00030000",
      "quoteDetail": "https://api.etrade.com/v1/market/quote/NVT:2024:2:16:PUT:30.000000",
      "strikePrice": 30.0,
      "symbol": "NVT",
      "timeStamp": 1688403560,
      "volume": 0
    },
    {
      "OptionGreeks": {
        "currentValue": "true",
        "delta": -0.06391,
        "gamma": 0.0084,
        "iv": 0.3711,
        "rho": -0.02149,
        "theta": -0.004,
        "vega": 0.05105
      },
      "adjustedFlag": "false",
      "ask": 4.8,
      "askSize": 69,
      "bid": 0.0,
      "bidSize": 0,
      "displaySymbol": "NVT Feb 16 '24 $35 Put",
      "inTheMoney": "n",
      "lastPrice": 0.0,
      "netChange": 0.0,
      "openInterest": 0,
      "optionCategory": "STANDARD",
      "optionRootSymbol": "NVT",
      "optionType": "PUT",
      "osiKey": "NVT---240216P00035000",
      "quoteDetail": "https://api.etrade.com/v1/market/quote/NVT:2024:2:16:PUT:35.000000",
      "strikePrice": 35.0,
      "symbol": "NVT",
      "timeStamp": 1688403599,
      "volume": 0
    },
    {
      "OptionGreeks": {
        "currentValue": "true",
        "delta": -0.1433,
        "gamma": 0.01527,
        "iv": 0.3711,
        "rho": -0.048,
        "theta": -0.00728,
        "vega": 0.09148
      },
      "adjustedFlag": "false",
      "ask": 2.05,
      "askSize": 46,
      "bid": 0.35,
      "bidSize": 288,
      "displaySymbol": "NVT Feb 16 '24 $40 Put",
      "inTheMoney": "n",
      "lastPrice": 0.0,
      "netChange": 0.0,
      "openInterest": 0,
      "optionCategory": "STANDARD",
      "optionRootSymbol": "NVT",
      "optionType": "PUT",
      "osiKey": "NVT---240216P00040000",
      "quoteDetail": "https://api.etrade.com/v1/market/quote/NVT:2024:2:16:PUT:40.000000",
      "strikePrice": 40.0,
      "symbol": "NVT",
      "timeStamp": 1688403599,
      "volume": 0
    },
    {
      "OptionGreeks": {
        "currentValue": "true",
        "delta": -0.24711,
        "gamma": 0.02292,
        "iv": 0.34894,
        "rho": -0.07994,
        "theta": -0.0096,
        "vega": 0.12691
      },
      "adjustedFlag": "false",
      "ask": 3.2,
      "askSize": 70,
      "bid": 1.4,
      "bidSize": 54,
      "displaySymbol": "NVT Feb 16 '24 $45 Put",
      "inTheMoney": "n",
      "lastPrice": 0.0,
      "netChange": 0.0,
      "openInterest": 0,
      "optionCategory": "STANDARD",
      "optionRootSymbol": "NVT",
      "optionType": "PUT",
      "osiKey": "NVT---240216P00045000",
      "quoteDetail": "https://api.etrade.com/v1/market/quote/NVT:2024:2:16:PUT:45.000000",
      "strikePrice": 45.0,
      "symbol": "NVT",
      "timeStamp": 1688403599,
      "volume": 0
    },
    {
      "OptionGreeks": {
        "currentValue": "true",
        "delta": -0.38549,
        "gamma": 0.02716,
        "iv": 0.36309,
        "rho": -0.12022,
        "theta": -0.01212,
        "vega": 0.15287
      },
      "adjustedFlag": "false",
      "ask": 6.0,
      "askSize": 80,
      "bid": 3.3,
      "bidSize": 13,
      "displaySymbol": "NVT Feb 16 '24 $50 Put",
      "inTheMoney": "n",
      "lastPrice": 0.0,
      "netChange": 0.0,
      "openInterest": 0,
      "optionCategory": "STANDARD",
      "optionRootSymbol": "NVT",
      "optionType": "PUT",
      "osiKey": "NVT---240216P00050000",
      "quoteDetail": "https://api.etrade.com/v1/market/quote/NVT:2024:2:16:PUT:50.000000",
      "strikePrice": 50.0,
      "symbol": "NVT",
      "timeStamp": 1688403599,
      "volume": 0
    },
    {
      "OptionGreeks": {
        "currentValue": "true",
        "delta": -0.54795,
        "gamma": 0.03492,
        "iv": 0.31078,
        "rho": -0.14805,
        "theta": -0.01108,
        "vega": 0.15698
      },
      "adjustedFlag": "false",
      "ask": 8.1,
      "askSize": 67,
      "bid": 5.8,
      "bidSize": 13,
      "displaySymbol": "NVT Feb 16 '24 $55 Put",
      "inTheMoney": "y",
      "lastPrice": 0.0,
      "netChange": 0.0,
      "openInterest": 0,
      "optionCategory": "STANDARD",
      "optionRootSymbol": "NVT",
      "optionType": "PUT",
      "osiKey": "NVT---240216P00055000",
      "quoteDetail": "https://api.etrade.com/v1/market/quote/NVT:2024:2:16:PUT:55.000000",
      "strikePrice": 55.0,
      "symbol": "NVT",
      "timeStamp": 1688403599,
      "volume": 0
    },
    {
      "OptionGreeks": {
        "currentValue": "true",
        "delta": -0.72368,
        "gamma": 0.03683,
        "iv": 0.29372,
        "rho": -0.14707,
        "theta": -0.00993,
        "vega": 0.12898
      },
      "adjustedFlag": "false",
      "ask": 10.8,
      "askSize": 65,
      "bid": 9.0,
      "bidSize": 64,
      "displaySymbol": "NVT Feb 16 '24 $60 Put",
      "inTheMoney": "y",
      "lastPrice": 0.0,
      "netChange": 0.0,
      "openInterest": 0,
      "optionCategory": "STANDARD",
      "optionRootSymbol": "NVT",
      "optionType": "PUT",
      "osiKey": "NVT---240216P00060000",
      "quoteDetail": "https://api.etrade.com/v1/market/quote/NVT:2024:2:16:PUT:60.000000",
      "strikePrice": 60.0,
      "symbol": "NVT",
      "timeStamp": 1688403599,
      "volume": 0
    },
    {
      "OptionGreeks": {
        "currentValue": "true",
        "delta": -0.81532,
        "gamma": 0.02983,
        "iv": 0.32859,
        "rho": -0.13829,
        "theta": -0.00956,
        "vega": 0.10172
      },
      "adjustedFlag": "false",
      "ask": 15.0,
      "askSize": 50,
      "bid": 13.1,
      "bidSize": 48,
      "displaySymbol": "NVT Feb 16 '24 $65 Put",
      "inTheMoney": "y",
      "lastPrice": 0.0,
      "netChange": 0.0,
      "openInterest": 0,
      "optionCategory": "STANDARD",
      "optionRootSymbol": "NVT",
      "optionType": "PUT",
      "osiKey": "NVT---240216P00065000",
      "quoteDetail": "https://api.etrade.com/v1/market/quote/NVT:2024:2:16:PUT:65.000000",
      "strikePrice": 65.0,
      "symbol": "NVT",
      "timeStamp": 1688403597,
      "volume": 0
    },
    {
      "OptionGreeks": {
        "currentValue": "true",
        "delta": -0.9513,
        "gamma": 0.01744,
        "iv": 0.29909,
        "rho": -0.06746,
        "theta": -0.0028,
        "vega": 0.03453
      },
      "adjustedFlag": "false",
      "ask": 19.9,
      "askSize": 51,
      "bid": 16.9,
      "bidSize": 51,
      "displaySymbol": "NVT Feb 16 '24 $70 Put",
      "inTheMoney": "y",
      "lastPrice": 0.0,
      "netChange": 0.0,
      "openInterest": 0,
      "optionCategory": "STANDARD",
      "optionRootSymbol": "NVT",
      "optionType": "PUT",
      "osiKey": "NVT---240216P00070000",
      "quoteDetail": "https://api.etrade.com/v1/market/quote/NVT:2024:2:16:PUT:70.000000",
      "strikePrice": 70.0,
      "symbol": "NVT",
      "timeStamp": 1688403588,
      "volume": 0
    },
    {
      "OptionGreeks": {
        "currentValue": "true",
        "delta": -0.99185,
        "gamma": 0.00636,
        "iv": 0.29909,
        "rho": -0.0245,
        "theta": 0.0,
        "vega": 0.00697
      },
      "adjustedFlag": "false",
      "ask": 25.0,
      "askSize": 51,
      "bid": 22.2,
      "bidSize": 49,
      "displaySymbol": "NVT Feb 16 '24 $75 Put",
      "inTheMoney": "y",
      "lastPrice": 0.0,
      "netChange": 0.0,
      "openInterest": 0,
      "optionCategory": "STANDARD",
      "optionRootSymbol": "NVT",
      "optionType": "PUT",
      "osiKey": "NVT---240216P00075000",
      "quoteDetail": "https://api.etrade.com/v1/market/quote/NVT:2024:2:16:PUT:75.000000",
      "strikePrice": 75.0,
      "symbol": "NVT",
      "timeStamp": 1688403583,
      "volume": 0
    },
    {
      "OptionGreeks": {
        "currentValue": "true",
        "delta": 0.9968,
        "gamma": 0.00069,
        "iv": 0.3711,
        "rho": 0.13072,
        "theta": 0.0,
        "vega": 0.00433
      },
      "adjustedFlag": "false",
      "ask": 27.2,
      "askSize": 30,
      "bid": 26.4,
      "bidSize": 30,
      "displaySymbol": "NVT Feb 16 '24 $25 Call",
      "inTheMoney": "y",
      "lastPrice": 26.5,
      "netChange": 0.0,
      "openInterest": 0,
      "optionCategory": "STANDARD",
      "optionRootSymbol": "NVT",
      "optionType": "CALL",
      "osiKey": "NVT---240216C00025000",
      "quoteDetail": "https://api.etrade.com/v1/market/quote/NVT:2024:2:16:CALL:25.000000",
      "strikePrice": 25.0,
      "symbol": "NVT",
      "timeStamp": 1688403588,
      "volume": 0
    },
    {
      "OptionGreeks": {
        "currentValue": "true",
        "delta": 0.98081,
        "gamma": 0.00317,
        "iv": 0.3711,
        "rho": 0.15396,
        "theta": 0.0,
        "vega": 0.01958
      },
      "adjustedFlag": "false",
      "ask": 23.6,
      "askSize": 34,
      "bid": 21.3,
      "bidSize": 50,
      "displaySymbol": "NVT Feb 16 '24 $30 Call",
      "inTheMoney": "y",
      "lastPrice": 0.0,
      "netChange": 0.0,
      "openInterest": 0,
      "optionCategory": "STANDARD",
      "optionRootSymbol": "NVT",
      "optionType": "CALL",
      "osiKey": "NVT---240216C00030000",
      "quoteDetail": "https://api.etrade.com/v1/market/quote/NVT:2024:2:16:CALL:30.000000",
      "strikePrice": 30.0,
      "symbol": "NVT",
      "timeStamp": 1688403598,
      "volume": 0
    },
    {
      "OptionGreeks": {
        "currentValue": "true",
        "delta": 0.93755,
        "gamma": 0.00825,
        "iv": 0.3711,
        "rho": 0.17034,
        "theta": -0.0015,
        "vega": 0.05032
      },
      "adjustedFlag": "false",
      "ask": 19.5,
      "askSize": 34,
      "bid": 16.0,
      "bidSize": 49,
      "displaySymbol": "NVT Feb 16 '24 $35 Call",
      "inTheMoney": "y",
      "lastPrice": 0.0,
      "netChange": 0.0,
      "openInterest": 0,
      "optionCategory": "STANDARD",
      "optionRootSymbol": "NVT",
      "optionType": "CALL",
      "osiKey": "NVT---240216C00035000",
      "quoteDetail": "https://api.etrade.com/v1/market/quote/NVT:2024:2:16:CALL:35.000000",
      "strikePrice": 35.0,
      "symbol": "NVT",
      "timeStamp": 1688403596,
      "volume": 0
    },
    {
      "OptionGreeks": {
        "currentValue": "true",
        "delta": 0.85932,
        "gamma": 0.01491,
        "iv": 0.3711,
        "rho": 0.19024,
        "theta": -0.00537,
        "vega": 0.09044
      },
      "adjustedFlag": "false",
      "ask": 15.2,
      "askSize": 36,
      "bid": 12.5,
      "bidSize": 58,
      "displaySymbol": "NVT Feb 16 '24 $40 Call",
      "inTheMoney": "y",
      "lastPrice": 0.0,
      "netChange": 0.0,
      "openInterest": 0,
      "optionCategory": "STANDARD",
      "optionRootSymbol": "NVT",
      "optionType": "CALL",
      "osiKey": "NVT---240216C00040000",
      "quoteDetail": "https://api.etrade.com/v1/market/quote/NVT:2024:2:16:CALL:40.000000",
      "strikePrice": 40.0,
      "symbol": "NVT",
      "timeStamp": 1688403599,
      "volume": 0
    },
    {
      "OptionGreeks": {
        "currentValue": "true",
        "delta": 0.75896,
        "gamma": 0.02213,
        "iv": 0.34894,
        "rho": 0.18191,
        "theta": -0.00822,
        "vega": 0.12567
      },
      "adjustedFlag": "false",
      "ask": 11.0,
      "askSize": 51,
      "bid": 8.7,
      "bidSize": 66,
      "displaySymbol": "NVT Feb 16 '24 $45 Call",
      "inTheMoney": "y",
      "lastPrice": 0.0,
      "netChange": 0.0,
      "openInterest": 0,
      "optionCategory": "STANDARD",
      "optionRootSymbol": "NVT",
      "optionType": "CALL",
      "osiKey": "NVT---240216C00045000",
      "quoteDetail": "https://api.etrade.com/v1/market/quote/NVT:2024:2:16:CALL:45.000000",
      "strikePrice": 45.0,
      "symbol": "NVT",
      "timeStamp": 1688403599,
      "volume": 0
    },
    {
      "OptionGreeks": {
        "currentValue": "true",
        "delta": 0.62632,
        "gamma": 0.02584,
        "iv": 0.36309,
        "rho": 0.15588,
        "theta": -0.01116,
        "vega": 0.15236
      },
      "adjustedFlag": "false",
      "ask": 8.3,
      "askSize": 104,
      "bid": 5.5,
      "bidSize": 118,
      "displaySymbol": "NVT Feb 16 '24 $50 Call",
      "inTheMoney": "y",
      "lastPrice": 5.7,
      "netChange": 0.0,
      "openInterest": 13,
      "optionCategory": "STANDARD",
      "optionRootSymbol": "NVT",
      "optionType": "CALL",
      "osiKey": "NVT---240216C00050000",
      "quoteDetail": "https://api.etrade.com/v1/market/quote/NVT:2024:2:16:CALL:50.000000",
      "strikePrice": 50.0,
      "symbol": "NVT",
      "timeStamp": 1688403599,
      "volume": 0
    },
    {
      "OptionGreeks": {
        "currentValue": "true",
        "delta": 0.4783,
        "gamma": 0.03174,
        "iv": 0.31078,
        "rho": 0.12724,
        "theta": -0.01037,
        "vega": 0.16017
      },
      "adjustedFlag": "false",
      "ask": 5.8,
      "askSize": 104,
      "bid": 3.4,
      "bidSize": 16,
      "displaySymbol": "NVT Feb 16 '24 $55 Call",
      "inTheMoney": "n",
      "lastPrice": 0.0,
      "netChange": 0.0,
      "openInterest": 0,
      "optionCategory": "STANDARD",
      "optionRootSymbol": "NVT",
      "optionType": "CALL",
      "osiKey": "NVT---240216C00055000",
      "quoteDetail": "https://api.etrade.com/v1/market/quote/NVT:2024:2:16:CALL:55.000000",
      "strikePrice": 55.0,
      "symbol": "NVT",
      "timeStamp": 1688403599,
      "volume": 0
    },
    {
      "OptionGreeks": {
        "currentValue": "true",
        "delta": 0.32854,
        "gamma": 0.03046,
        "iv": 0.29372,
        "rho": 0.09034,
        "theta": -0.00904,
        "vega": 0.14573
      },
      "adjustedFlag": "false",
      "ask": 2.95,
      "askSize": 117,
      "bid": 1.5,
      "bidSize": 38,
      "displaySymbol": "NVT Feb 16 '24 $60 Call",
      "inTheMoney": "n",
      "lastPrice": 2.0,
      "netChange": 0.0,
      "openInterest": 3,
      "optionCategory": "STANDARD",
      "optionRootSymbol": "NVT",
      "optionType": "CALL",
      "osiKey": "NVT---240216C00060000",
      "quoteDetail": "https://api.etrade.com/v1/market/quote/NVT:2024:2:16:CALL:60.000000",
      "strikePrice": 60.0,
      "symbol": "NVT",
      "timeStamp": 1688403599,
      "volume": 0
    },
    {
      "OptionGreeks": {
        "currentValue": "true",
        "delta": 0.24934,
        "gamma": 0.02389,
        "iv": 0.32859,
        "rho": 0.06829,
        "theta": -0.00892,
        "vega": 0.1282
      },
      "adjustedFlag": "false",
      "ask": 3.4,
      "askSize": 135,
      "bid": 0.4,
      "bidSize": 361,
      "displaySymbol": "NVT Feb 16 '24 $65 Call",
      "inTheMoney": "n",
      "lastPrice": 0.0,
      "netChange": 0.0,
      "openInterest": 0,
      "optionCategory": "STANDARD",
      "optionRootSymbol": "NVT",
      "optionType": "CALL",
      "osiKey": "NVT---240216C00065000",
      "quoteDetail": "https://api.etrade.com/v1/market/quote/NVT:2024:2:16:CALL:65.000000",
      "strikePrice": 65.0,
      "symbol": "NVT",
      "timeStamp": 1688403599,
      "volume": 0
    },
    {
      "OptionGreeks": {
        "currentValue": "true",
        "delta": 0.14002,
        "gamma": 0.01839,
        "iv": 0.29909,
        "rho": 0.03944,
        "theta": -0.0057,
        "vega": 0.09076
      },
      "adjustedFlag": "false",
      "ask": 1.5,
      "askSize": 101,
      "bid": 0.05,
      "bidSize": 37,
      "displaySymbol": "NVT Feb 16 '24 $70 Call",
      "inTheMoney": "n",
      "lastPrice": 0.0,
      "netChange": 0.0,
      "openInterest": 0,
      "optionCategory": "STANDARD",
      "optionRootSymbol": "NVT",
      "optionType": "CALL",
      "osiKey": "NVT---240216C00070000",
      "quoteDetail": "https://api.etrade.com/v1/market/quote/NVT:2024:2:16:CALL:70.000000",
      "strikePrice": 70.0,
      "symbol": "NVT",
      "timeStamp": 1688403534,
      "volume": 0
    },
    {
      "OptionGreeks": {
        "currentValue": "true",
        "delta": 0.08517,
        "gamma": 0.01287,
        "iv": 0.29909,
        "rho": 0.02412,
        "theta": -0.00398,
        "vega": 0.064
      },
      "adjustedFlag": "false",
      "ask": 4.8,
      "askSize": 127,
      "bid": 0.0,
      "bidSize": 0,
      "displaySymbol": "NVT Feb 16 '24 $75 Call",
      "inTheMoney": "n",
      "lastPrice": 0.0,
      "netChange": 0.0,
      "openInterest": 0,
      "optionCategory": "STANDARD",
      "optionRootSymbol": "NVT",
      "optionType": "CALL",
      "osiKey": "NVT---240216C00075000",
      "quoteDetail": "https://api.etrade.com/v1/market/quote/NVT:2024:2:16:CALL:75.000000",
      "strikePrice": 75.0,
      "symbol": "NVT",
      "timeStamp": 1688399686,
      "volume": 0
    }
  ],
  "quote": {
    "ExtendedHourQuoteDetail": {
      "ask": 52.24,
      "askSize": 100,
      "bid": 50.48,
      "bidSize": 100,
      "change": -0.28,
      "lastPrice": 51.39,
      "percentChange": -0.54,
      "quoteStatus": "EH_REALTIME",
      "timeOfLastTrade": 1688407623,
      "timeZone": "EST",
      "volume": 407332
    },
    "adjustedFlag": "false",
    "ahFlag": "true",
    "ask": 52.24,
    "askSize": 100,
    "askTime": "14:07:03 EDT 07-03-2023",
    "averageVolume": 1295778,
    "beta": 1.12,
    "bid": 50.48,
    "bidExchange": null,
    "bidSize": 100,
    "bidTime": "14:07:03 EDT 07-03-2023",
    "cashDeliverable": 0,
    "changeClose": -0.28,
    "changeClosePercentage": -0.54,
    "companyName": "NVENT ELECTRIC PLC SHS",
    "contractSize": 0.0,
    "dateTime": "14:07:03 EDT 07-03-2023",
    "dateTimeUTC": 1688407623,
    "daysToExpiration": 0,
    "declaredDividend": 0.175,
    "dirLast": 0,
    "dividend": 0.175,
    "dividendPayableDate": 1691173772,
    "eps": 2.54,
    "estEarnings": 2.776,
    "exDividendDate": 1689877772,
    "expirationDate": 0,
    "hasMiniOptions": "false",
    "high": 51.62,
    "high52": 51.94,
    "intrinsicValue": 0.0,
    "lastTrade": 51.39,
    "low": 51.11,
    "low52": 29.19,
    "marketCap": 8513575740.0,
    "nextEarningDate": "07/27/2023",
    "open": 51.5,
    "openInterest": 0,
    "optionMultiplier": 0.0,
    "optionStyle": null,
    "optionUnderlier": null,
    "pe": 20.4262,
    "previousClose": 51.67,
    "previousDayVolume": 939309,
    "primaryExchange": "NYSE",
    "quoteStatus": "CLOSING",
    "securityType": "EQ",
    "sharesOutstanding": 165666000,
    "symbol": "NVT",
    "symbolDescription": "NVENT ELECTRIC PLC SHS",
    "timeOfLastTrade": 1688404200,
    "timePremium": 0.0,
    "totalVolume": 407332,
    "upc": 0,
    "week52HiDate": 1688149772,
    "week52LowDate": 1657823372,
    "yield": 1.3548
  }
}