{
  "2023-07-21": [
    {
      "OptionGreeks": {
        "currentValue": "true",
        "delta": 0.0,
        "gamma": 0.0,
        "iv": 0.32597,
        "rho": 0.0,
        "theta": 0.0,
        "vega": 0.0
      },
      "adjustedFlag": "false",
      "ask": 0.05,
      "askSize": 12,
      "bid": 0.0,
      "bidSize": 0,
      "displaySymbol": "NWS Jul 21 '23 $2.50 Put",
      "inTheMoney": "n",
      "lastPrice": 0.0,
      "netChange": 0.0,
      "openInterest": 0,
      "optionCategory": "STANDARD",
      "optionRootSymbol": "NWS",
      "optionType": "PUT",
      "osiKey": "NWS---230721P00002500",
      "quoteDetail": "https://api.etrade.com/v1/market/quote/NWS:2023:7:21:PUT:2.500000",
      "strikePrice": 2.5,
      "symbol": "NWS",
      "timeStamp": 1688403300,
      "volume": 0
    },
    {
      "OptionGreeks": {
        "currentValue": "true",
        "delta": 0.0,
        "gamma": 0.0,
        "iv": 0.32597,
        "rho": 0.0,
        "theta": 0.0,
        "vega": 0.0
      },
      "adjustedFlag": "false",
      "ask": 0.75,
      "askSize": 225,
      "bid": 0.0,
      "bidSize": 0,
      "displaySymbol": "NWS Jul 21 '23 $5 Put",
      "inTheMoney": "n",
      "lastPrice": 0.0,
      "netChange": 0.0,
      "openInterest": 0,
      "optionCategory": "STANDARD",
      "optionRootSymbol": "NWS",
      "optionType": "PUT",
      "osiKey": "NWS---230721P00005000",
      "quoteDetail": "https://api.etrade.com/v1/market/quote/NWS:2023:7:21:PUT:5.000000",
      "strikePrice": 5.0,
      "symbol": "NWS",
      "timeStamp": 1688403300,
      "volume": 0
    },
    {
      "OptionGreeks": {
        "currentValue": "true",
        "delta": 0.0,
        "gamma": 0.0,
        "iv": 0.32597,
        "rho": 0.0,
        "theta": 0.0,
        "vega": 0.0
      },
      "adjustedFlag": "false",
      "ask": 0.75,
      "askSize": 223,
      "bid": 0.0,
      "bidSize": 0,
      "displaySymbol": "NWS Jul 21 '23 $7.50 Put",
      "inTheMoney": "n",
      "lastPrice": 0.0,
      "netChange": 0.0,
      "openInterest": 0,
      "optionCategory": "STANDARD",
      "optionRootSymbol": "NWS",
      "optionType": "PUT",
      "osiKey": "NWS---230721P00007500",
      "quoteDetail": "https://api.etrade.com/v1/market/quote/NWS:2023:7:21:PUT:7.500000",
      "strikePrice": 7.5,
      "symbol": "NWS",
      "timeStamp": 1688403300,
      "volume": 0
    },
    {
      "OptionGreeks": {
        "currentValue": "true",
        "delta": 0.0,
        "gamma": 0.0,
        "iv": 0.32597,
        "rho": 0.0,
        "theta": 0.0,
        "vega": 0.0
      },
      "adjustedFlag": "false",
      "ask": 0.05,
      "askSize": 75,
      "bid": 0.0,
      "bidSize": 0,
      "displaySymbol": "NWS Jul 21 '23 $10 Put",
      "inTheMoney": "n",
      "lastPrice": 0.0,
      "netChange": 0.0,
      "openInterest": 0,
      "optionCategory": "STANDARD",
      "optionRootSymbol": "NWS",
      "optionType": "PUT",
      "osiKey": "NWS---230721P00010000",
      "quoteDetail": "https://api.etrade.com/v1/market/quote/NWS:2023:7:21:PUT:10.000000",
      "strikePrice": 10.0,
      "symbol": "NWS",
      "timeStamp": 1688403339,
      "volume": 0
    },
    {
      "OptionGreeks": {
        "currentValue": "true",
        "delta": 0.0,
        "gamma": 0.0,
        "iv": 0.32597,
        "rho": 0.0,
        "theta": 0.0,
        "vega": 0.0
      },
      "adjustedFlag": "false",
      "ask": 0.75,
      "askSize": 225,
      "bid": 0.0,
      "bidSize": 0,
      "displaySymbol": "NWS Jul 21 '23 $12.50 Put",
      "inTheMoney": "n",
      "lastPrice": 0.18,
      "netChange": 0.0,
      "openInterest": 6,
      "optionCategory": "STANDARD",
      "optionRootSymbol": "NWS",
      "optionType": "PUT",
      "osiKey": "NWS---230721P00012500",
      "quoteDetail": "https://api.etrade.com/v1/market/quote/NWS:2023:7:21:PUT:12.500000",
      "strikePrice": 12.5,
      "symbol": "NWS",
      "timeStamp": 1688403300,
      "volume": 0
    },
    {
      "OptionGreeks": {
        "currentValue": "true",
        "delta": -0.00039,
        "gamma": 0.00096,
        "iv": 0.32597,
        "rho": 0.0,
        "theta": -5e-05,
        "vega": 7e-05
      },
      "adjustedFlag": "false",
      "ask": 2.1,
      "askSize": 293,
      "bid": 0.0,
      "bidSize": 0,
      "displaySymbol": "NWS Jul 21 '23 $15 Put",
      "inTheMoney": "n",
      "lastPrice": 0.0,
      "netChange": 0.0,
      "openInterest": 0,
      "optionCategory": "STANDARD",
      "optionRootSymbol": "NWS",
      "optionType": "PUT",
      "osiKey": "NWS---230721P00015000",
      "quoteDetail": "https://api.etrade.com/v1/market/quote/NWS:2023:7:21:PUT:15.000000",
      "strikePrice": 15.0,
      "symbol": "NWS",
      "timeStamp": 1688403300,
      "volume": 0
    },
    {
      "OptionGreeks": {
        "currentValue": "true",
        "delta": -0.1073,
        "gamma": 0.12719,
        "iv": 0.32597,
        "rho": -0.00108,
        "theta": -0.00713,
        "vega": 0.00814
      },
      "adjustedFlag": "false",
      "ask": 0.75,
      "askSize": 160,
      "bid": 0.0,
      "bidSize": 0,
      "displaySymbol": "NWS Jul 21 '23 $17.50 Put",
      "inTheMoney": "n",
      "lastPrice": 1.25,
      "netChange": 0.0,
      "openInterest": 60,
      "optionCategory": "STANDARD",
      "optionRootSymbol": "NWS",
      "optionType": "PUT",
      "osiKey": "NWS---230721P00017500",
      "quoteDetail": "https://api.etrade.com/v1/market/quote/NWS:2023:7:21:PUT:17.500000",
      "strikePrice": 17.5,
      "symbol": "NWS",
      "timeStamp": 1688403300,
      "volume": 0
    },
    {
      "OptionGreeks": {
        "currentValue": "true",
        "delta": -0.70314,
        "gamma": 0.2225,
        "iv": 0.32597,
        "rho": -0.00746,
        "theta": -0.01254,
        "vega": 0.0141
      },
      "adjustedFlag": "false",
      "ask": 1.95,
      "askSize": 251,
      "bid": 0.3,
      "bidSize": 101,
      "displaySymbol": "NWS Jul 21 '23 $20 Put",
      "inTheMoney": "y",
      "lastPrice": 2.63,
      "netChange": 0.0,
      "openInterest": 0,
      "optionCategory": "STANDARD",
      "optionRootSymbol": "NWS",
      "optionType": "PUT",
      "osiKey": "NWS---230721P00020000",
      "quoteDetail": "https://api.etrade.com/v1/market/quote/NWS:2023:7:21:PUT:20.000000",
      "strikePrice": 20.0,
      "symbol": "NWS",
      "timeStamp": 1688403542,
      "volume": 0
    },
    {
      "OptionGreeks": {
        "currentValue": "true",
        "delta": -0.95252,
        "gamma": 0.02229,
        "iv": 0.32597,
        "rho": -0.01108,
        "theta": -0.00069,
        "vega": 0.00148
      },
      "adjustedFlag": "false",
      "ask": 3.4,
      "askSize": 66,
      "bid": 1.3,
      "bidSize": 98,
      "displaySymbol": "NWS Jul 21 '23 $22.50 Put",
      "inTheMoney": "y",
      "lastPrice": 0.0,
      "netChange": 0.0,
      "openInterest": 0,
      "optionCategory": "STANDARD",
      "optionRootSymbol": "NWS",
      "optionType": "PUT",
      "osiKey": "NWS---230721P00022500",
      "quoteDetail": "https://api.etrade.com/v1/market/quote/NWS:2023:7:21:PUT:22.500000",
      "strikePrice": 22.5,
      "symbol": "NWS",
      "timeStamp": 1688403300,
      "volume": 0
    },
    {
      "OptionGreeks": {
        "currentValue": "true",
        "delta": -0.96488,
        "gamma": 0.0003,
        "iv": 0.32597,
        "rho": -0.01249,
        "theta": 0.0,
        "vega": 2e-05
      },
      "adjustedFlag": "false",
      "ask": 5.9,
      "askSize": 66,
      "bid": 3.7,
      "bidSize": 93,
      "displaySymbol": "NWS Jul 21 '23 $25 Put",
      "inTheMoney": "y",
      "lastPrice": 0.0,
      "netChange": 0.0,
      "openInterest": 0,
      "optionCategory": "STANDARD",
      "optionRootSymbol": "NWS",
      "optionType": "PUT",
      "osiKey": "NWS---230721P00025000",
      "quoteDetail": "https://api.etrade.com/v1/market/quote/NWS:2023:7:21:PUT:25.000000",
      "strikePrice": 25.0,
      "symbol": "NWS",
      "timeStamp": 1688403300,
      "volume": 0
    },
    {
      "OptionGreeks": {
        "currentValue": "true",
        "delta": -0.96499,
        "gamma": 0.0,
        "iv": 0.32597,
        "rho": -0.0151,
        "theta": 0.0,
        "vega": 0.0
      },
      "adjustedFlag": "false",
      "ask": 11.1,
      "askSize": 66,
      "bid": 8.7,
      "bidSize": 93,
      "displaySymbol": "NWS Jul 21 '23 $30 Put",
      "inTheMoney": "y",
      "lastPrice": 0.0,
      "netChange": 0.0,
      "openInterest": 0,
      "optionCategory": "STANDARD",
      "optionRootSymbol": "NWS",
      "optionType": "PUT",
      "osiKey": "NWS---230721P00030000",
      "quoteDetail": "https://api.etrade.com/v1/market/quote/NWS:2023:7:21:PUT:30.000000",
      "strikePrice": 30.0,
      "symbol": "NWS",
      "timeStamp": 1688403300,
      "volume": 0
    },
    {
      "OptionGreeks": {
        "currentValue": "true",
        "delta": -0.96499,
        "gamma": 2e-05,
        "iv": 0.32597,
        "rho": -0.0177,
        "theta": 0.0,
        "vega": 0.0
      },
      "adjustedFlag": "false",
      "ask": 16.1,
      "askSize": 66,
      "bid": 14.1,
      "bidSize": 93,
      "displaySymbol": "NWS Jul 21 '23 $35 Put",
      "inTheMoney": "y",
      "lastPrice": 0.0,
      "netChange": 0.0,
      "openInterest": 0,
      "optionCategory": "STANDARD",
      "optionRootSymbol": "NWS",
      "optionType": "PUT",
      "osiKey": "NWS---230721P00035000",
      "quoteDetail": "https://api.etrade.com/v1/market/quote/NWS:2023:7:21:PUT:35.000000",
      "strikePrice": 35.0,
      "symbol": "NWS",
      "timeStamp": 1688403300,
      "volume": 0
    },
    {
      "OptionGreeks": {
        "currentValue": "true",
        "delta": 1.0,
        "gamma": 0.0,
        "iv": 0.32597,
        "rho": 1e-05,
        "theta": -0.03602,
        "vega": 0.0
      },
      "adjustedFlag": "false",
      "ask": 19.4,
      "askSize": 68,
      "bid": 16.0,
      "bidSize": 93,
      "displaySymbol": "NWS Jul 21 '23 $2.50 Call",
      "inTheMoney": "y",
      "lastPrice": 0.0,
      "netChange": 0.0,
      "openInterest": 0,
      "optionCategory": "STANDARD",
      "optionRootSymbol": "NWS",
      "optionType": "CALL",
      "osiKey": "NWS---230721C00002500",
      "quoteDetail": "https://api.etrade.com/v1/market/quote/NWS:2023:7:21:CALL:2.500000",
      "strikePrice": 2.5,
      "symbol": "NWS",
      "timeStamp": 1688403300,
      "volume": 0
    },
    {
      "OptionGreeks": {
        "currentValue": "true",
        "delta": 1.0,
        "gamma": 0.0,
        "iv": 0.32597,
        "rho": 0.0,
        "theta": -0.03602,
        "vega": 0.0
      },
      "adjustedFlag": "false",
      "ask": 16.9,
      "askSize": 68,
      "bid": 13.2,
      "bidSize": 93,
      "displaySymbol": "NWS Jul 21 '23 $5 Call",
      "inTheMoney": "y",
      "lastPrice": 0.0,
      "netChange": 0.0,
      "openInterest": 0,
      "optionCategory": "STANDARD",
      "optionRootSymbol": "NWS",
      "optionType": "CALL",
      "osiKey": "NWS---230721C00005000",
      "quoteDetail": "https://api.etrade.com/v1/market/quote/NWS:2023:7:21:CALL:5.000000",
      "strikePrice": 5.0,
      "symbol": "NWS",
      "timeStamp": 1688403300,
      "volume": 0
    },
    {
      "OptionGreeks": {
        "currentValue": "true",
        "delta": 1.0,
        "gamma": 0.0,
        "iv": 0.32597,
        "rho": 0.0,
        "theta": -0.03602,
        "vega": 0.0
      },
      "adjustedFlag": "false",
      "ask": 14.4,
      "askSize": 68,
      "bid": 11.8,
      "bidSize": 93,
      "displaySymbol": "NWS Jul 21 '23 $7.50 Call",
      "inTheMoney": "y",
      "lastPrice": 0.0,
      "netChange": 0.0,
      "openInterest": 0,
      "optionCategory": "STANDARD",
      "optionRootSymbol": "NWS",
      "optionType": "CALL",
      "osiKey": "NWS---230721C00007500",
      "quoteDetail": "https://api.etrade.com/v1/market/quote/NWS:2023:7:21:CALL:7.500000",
      "strikePrice": 7.5,
      "symbol": "NWS",
      "timeStamp": 1688403300,
      "volume": 0
    },
    {
      "OptionGreeks": {
        "currentValue": "true",
        "delta": 1.0,
        "gamma": 0.0,
        "iv": 0.32597,
        "rho": 0.0,
        "theta": -0.03602,
        "vega": 0.0
      },
      "adjustedFlag": "false",
      "ask": 11.9,
      "askSize": 68,
      "bid": 9.2,
      "bidSize": 93,
      "displaySymbol": "NWS Jul 21 '23 $10 Call",
      "inTheMoney": "y",
      "lastPrice": 0.0,
      "netChange": 0.0,
      "openInterest": 0,
      "optionCategory": "STANDARD",
      "optionRootSymbol": "NWS",
      "optionType": "CALL",
      "osiKey": "NWS---230721C00010000",
      "quoteDetail": "https://api.etrade.com/v1/market/quote/NWS:2023:7:21:CALL:10.000000",
      "strikePrice": 10.0,
      "symbol": "NWS",
      "timeStamp": 1688403300,
      "volume": 0
    },
    {
      "OptionGreeks": {
        "currentValue": "true",
        "delta": 1.0,
        "gamma": 0.0,
        "iv": 0.32597,
        "rho": 0.0,
        "theta": -0.03602,
        "vega": 0.0
      },
      "adjustedFlag": "false",
      "ask": 9.4,
      "askSize": 68,
      "bid": 6.7,
      "bidSize": 93,
      "displaySymbol": "NWS Jul 21 '23 $12.50 Call",
      "inTheMoney": "y",
      "lastPrice": 0.0,
      "netChange": 0.0,
      "openInterest": 0,
      "optionCategory": "STANDARD",
      "optionRootSymbol": "NWS",
      "optionType": "CALL",
      "osiKey": "NWS---230721C00012500",
      "quoteDetail": "https://api.etrade.com/v1/market/quote/NWS:2023:7:21:CALL:12.500000",
      "strikePrice": 12.5,
      "symbol": "NWS",
      "timeStamp": 1688403300,
      "volume": 0
    },
    {
      "OptionGreeks": {
        "currentValue": "true",
        "delta": 1.0,
        "gamma": 0.0,
        "iv": 0.32597,
        "rho": 0.0,
        "theta": -0.03602,
        "vega": 0.0
      },
      "adjustedFlag": "false",
      "ask": 6.9,
      "askSize": 68,
      "bid": 4.2,
      "bidSize": 93,
      "displaySymbol": "NWS Jul 21 '23 $15 Call",
      "inTheMoney": "y",
      "lastPrice": 0.0,
      "netChange": 0.0,
      "openInterest": 0,
      "optionCategory": "STANDARD",
      "optionRootSymbol": "NWS",
      "optionType": "CALL",
      "osiKey": "NWS---230721C00015000",
      "quoteDetail": "https://api.etrade.com/v1/market/quote/NWS:2023:7:21:CALL:15.000000",
      "strikePrice": 15.0,
      "symbol": "NWS",
      "timeStamp": 1688403300,
      "volume": 0
    },
    {
      "OptionGreeks": {
        "currentValue": "true",
        "delta": 1.0,
        "gamma": 0.0,
        "iv": 0.32597,
        "rho": 0.0,
        "theta": -0.03602,
        "vega": 0.0
      },
      "adjustedFlag": "false",
      "ask": 2.55,
      "askSize": 3,
      "bid": 2.15,
      "bidSize": 5,
      "displaySymbol": "NWS Jul 21 '23 $17.50 Call",
      "inTheMoney": "y",
      "lastPrice": 1.8,
      "netChange": 0.0,
      "openInterest": 70,
      "optionCategory": "STANDARD",
      "optionRootSymbol": "NWS",
      "optionType": "CALL",
      "osiKey": "NWS---230721C00017500",
      "quoteDetail": "https://api.etrade.com/v1/market/quote/NWS:2023:7:21:CALL:17.500000",
      "strikePrice": 17.5,
      "symbol": "NWS",
      "timeStamp": 1688403597,
      "volume": 0
    },
    {
      "OptionGreeks": {
        "currentValue": "true",
        "delta": 0.33205,
        "gamma": 0.31759,
        "iv": 0.32597,
        "rho": 0.00189,
        "theta": -0.01785,
        "vega": 0.01488
      },
      "adjustedFlag": "false",
      "ask": 0.4,
      "askSize": 66,
      "bid": 0.15,
      "bidSize": 320,
      "displaySymbol": "NWS Jul 21 '23 $20 Call",
      "inTheMoney": "n",
      "lastPrice": 0.35,
      "netChange": 0.0,
      "openInterest": 465,
      "optionCategory": "STANDARD",
      "optionRootSymbol": "NWS",
      "optionType": "CALL",
      "osiKey": "NWS---230721C00020000",
      "quoteDetail": "https://api.etrade.com/v1/market/quote/NWS:2023:7:21:CALL:20.000000",
      "strikePrice": 20.0,
      "symbol": "NWS",
      "timeStamp": 1688403536,
      "volume": 0
    },
    {
      "OptionGreeks": {
        "currentValue": "true",
        "delta": 0.01371,
        "gamma": 0.02489,
        "iv": 0.32597,
        "rho": 0.00011,
        "theta": -0.00131,
        "vega": 0.00159
      },
      "adjustedFlag": "false",
      "ask": 2.1,
      "askSize": 288,
      "bid": 0.0,
      "bidSize": 0,
      "displaySymbol": "NWS Jul 21 '23 $22.50 Call",
      "inTheMoney": "n",
      "lastPrice": 0.2,
      "netChange": 0.0,
      "openInterest": 3,
      "optionCategory": "STANDARD",
      "optionRootSymbol": "NWS",
      "optionType": "CALL",
      "osiKey": "NWS---230721C00022500",
      "quoteDetail": "https://api.etrade.com/v1/market/quote/NWS:2023:7:21:CALL:22.500000",
      "strikePrice": 22.5,
      "symbol": "NWS",
      "timeStamp": 1688403300,
      "volume": 0
    },
    {
      "OptionGreeks": {
        "currentValue": "true",
        "delta": 0.00011,
        "gamma": 0.0003,
        "iv": 0.32597,
        "rho": 0.0,
        "theta": -1e-05,
        "vega": 2e-05
      },
      "adjustedFlag": "false",
      "ask": 0.75,
      "askSize": 191,
      "bid": 0.0,
      "bidSize": 0,
      "displaySymbol": "NWS Jul 21 '23 $25 Call",
      "inTheMoney": "n",
      "lastPrice": 0.58,
      "netChange": 0.0,
      "openInterest": 100,
      "optionCategory": "STANDARD",
      "optionRootSymbol": "NWS",
      "optionType": "CALL",
      "osiKey": "NWS---230721C00025000",
      "quoteDetail": "https://api.etrade.com/v1/market/quote/NWS:2023:7:21:CALL:25.000000",
      "strikePrice": 25.0,
      "symbol": "NWS",
      "timeStamp": 1688403300,
      "volume": 0
    },
    {
      "OptionGreeks": {
        "currentValue": "true",
        "delta": 0.0,
        "gamma": 0.0,
        "iv": 0.32597,
        "rho": 0.0,
        "theta": 0.0,
        "vega": 0.0
      },
      "adjustedFlag": "false",
      "ask": 0.75,
      "askSize": 246,
      "bid": 0.0,
      "bidSize": 0,
      "displaySymbol": "NWS Jul 21 '23 $30 Call",
      "inTheMoney": "n",
      "lastPrice": 0.15,
      "netChange": 0.0,
      "openInterest": 1,
      "optionCategory": "STANDARD",
      "optionRootSymbol": "NWS",
      "optionType": "CALL",
      "osiKey": "NWS---230721C00030000",
      "quoteDetail": "https://api.etrade.com/v1/market/quote/NWS:2023:7:21:CALL:30.000000",
      "strikePrice": 30.0,
      "symbol": "NWS",
      "timeStamp": 1688403300,
      "volume": 0
    },
    {
      "OptionGreeks": {
        "currentValue": "true",
        "delta": 0.0,
        "gamma": 0.0,
        "iv": 0.32597,
        "rho": 0.0,
        "theta": 0.0,
        "vega": 0.0
      },
      "adjustedFlag": "false",
      "ask": 0.75,
      "askSize": 248,
      "bid": 0.0,
      "bidSize": 0,
      "displaySymbol": "NWS Jul 21 '23 $35 Call",
      "inTheMoney": "n",
      "lastPrice": 0.18,
      "netChange": 0.0,
      "openInterest": 100,
      "optionCategory": "STANDARD",
      "optionRootSymbol": "NWS",
      "optionType": "CALL",
      "osiKey": "NWS---230721C00035000",
      "quoteDetail": "https://api.etrade.com/v1/market/quote/NWS:2023:7:21:CALL:35.000000",
      "strikePrice": 35.0,
      "symbol": "NWS",
      "timeStamp": 1688403300,
      "volume": 0
    }
  ],
  "2023-08-18": [
    {
      "OptionGreeks": {
        "currentValue": "true",
        "delta": 0.0,
        "gamma": 0.0,
        "iv": 0.32597,
        "rho": 0.0,
        "theta": 0.0,
        "vega": 0.0
      },
      "adjustedFlag": "false",
      "ask": 0.05,
      "askSize": 19,
      "bid": 0.0,
      "bidSize": 0,
      "displaySymbol": "NWS Aug 18 '23 $2.50 Put",
      "inTheMoney": "n",
      "lastPrice": 0.0,
      "netChange": 0.0,
      "openInterest": 0,
      "optionCategory": "STANDARD",
      "optionRootSymbol": "NWS",
      "optionType": "PUT",
      "osiKey": "NWS---230818P00002500",
      "quoteDetail": "https://api.etrade.com/v1/market/quote/NWS:2023:8:18:PUT:2.500000",
      "strikePrice": 2.5,
      "symbol": "NWS",
      "timeStamp": 1688403534,
      "volume": 0
    },
    {
      "OptionGreeks": {
        "currentValue": "true",
        "delta": 0.0,
        "gamma": 0.0,
        "iv": 0.32597,
        "rho": 0.0,
        "theta": 0.0,
        "vega": 0.0
      },
      "adjustedFlag": "false",
      "ask": 0.75,
      "askSize": 72,
      "bid": 0.0,
      "bidSize": 0,
      "displaySymbol": "NWS Aug 18 '23 $5 Put",
      "inTheMoney": "n",
      "lastPrice": 0.0,
      "netChange": 0.0,
      "openInterest": 0,
      "optionCategory": "STANDARD",
      "optionRootSymbol": "NWS",
      "optionType": "PUT",
      "osiKey": "NWS---230818P00005000",
      "quoteDetail": "https://api.etrade.com/v1/market/quote/NWS:2023:8:18:PUT:5.000000",
      "strikePrice": 5.0,
      "symbol": "NWS",
      "timeStamp": 1688403534,
      "volume": 0
    },
    {
      "OptionGreeks": {
        "currentValue": "true",
        "delta": 0.0,
        "gamma": 0.0,
        "iv": 0.355,
        "rho": 0.0,
        "theta": 0.0,
        "vega": 0.0
      },
      "adjustedFlag": "false",
      "ask": 0.05,
      "askSize": 75,
      "bid": 0.0,
      "bidSize": 0,
      "displaySymbol": "NWS Aug 18 '23 $7.50 Put",
      "inTheMoney": "n",
      "lastPrice": 0.0,
      "netChange": 0.0,
      "openInterest": 0,
      "optionCategory": "STANDARD",
      "optionRootSymbol": "NWS",
      "optionType": "PUT",
      "osiKey": "NWS---230818P00007500",
      "quoteDetail": "https://api.etrade.com/v1/market/quote/NWS:2023:8:18:PUT:7.500000",
      "strikePrice": 7.5,
      "symbol": "NWS",
      "timeStamp": 1688403527,
      "volume": 0
    },
    {
      "OptionGreeks": {
        "currentValue": "true",
        "delta": 0.0,
        "gamma": 0.0,
        "iv": 0.355,
        "rho": 0.0,
        "theta": 0.0,
        "vega": 0.0
      },
      "adjustedFlag": "false",
      "ask": 0.75,
      "askSize": 72,
      "bid": 0.0,
      "bidSize": 0,
      "displaySymbol": "NWS Aug 18 '23 $10 Put",
      "inTheMoney": "n",
      "lastPrice": 0.0,
      "netChange": 0.0,
      "openInterest": 0,
      "optionCategory": "STANDARD",
      "optionRootSymbol": "NWS",
      "optionType": "PUT",
      "osiKey": "NWS---230818P00010000",
      "quoteDetail": "https://api.etrade.com/v1/market/quote/NWS:2023:8:18:PUT:10.000000",
      "strikePrice": 10.0,
      "symbol": "NWS",
      "timeStamp": 1688403534,
      "volume": 0
    },
    {
      "OptionGreeks": {
        "currentValue": "true",
        "delta": -3e-05,
        "gamma": 5e-05,
        "iv": 0.355,
        "rho": 0.0,
        "theta": 0.0,
        "vega": 1e-05
      },
      "adjustedFlag": "false",
      "ask": 0.75,
      "askSize": 72,
      "bid": 0.0,
      "bidSize": 0,
      "displaySymbol": "NWS Aug 18 '23 $12.50 Put",
      "inTheMoney": "n",
      "lastPrice": 0.0,
      "netChange": 0.0,
      "openInterest": 0,
      "optionCategory": "STANDARD",
      "optionRootSymbol": "NWS",
      "optionType": "PUT",
      "osiKey": "NWS---230818P00012500",
      "quoteDetail": "https://api.etrade.com/v1/market/quote/NWS:2023:8:18:PUT:12.500000",
      "strikePrice": 12.5,
      "symbol": "NWS",
      "timeStamp": 1688403534,
      "volume": 0
    },
    {
      "OptionGreeks": {
        "currentValue": "true",
        "delta": -0.00547,
        "gamma": 0.00636,
        "iv": 0.355,
        "rho": -0.00013,
        "theta": -0.00041,
        "vega": 0.00116
      },
      "adjustedFlag": "false",
      "ask": 0.75,
      "askSize": 72,
      "bid": 0.0,
      "bidSize": 0,
      "displaySymbol": "NWS Aug 18 '23 $15 Put",
      "inTheMoney": "n",
      "lastPrice": 0.0,
      "netChange": 0.0,
      "openInterest": 0,
      "optionCategory": "STANDARD",
      "optionRootSymbol": "NWS",
      "optionType": "PUT",
      "osiKey": "NWS---230818P00015000",
      "quoteDetail": "https://api.etrade.com/v1/market/quote/NWS:2023:8:18:PUT:15.000000",
      "strikePrice": 15.0,
      "symbol": "NWS",
      "timeStamp": 1688403534,
      "volume": 0
    },
    {
      "OptionGreeks": {
        "currentValue": "true",
        "delta": -0.09939,
        "gamma": 0.07456,
        "iv": 0.35366,
        "rho": -0.00215,
        "theta": -0.00491,
        "vega": 0.01236
      },
      "adjustedFlag": "false",
      "ask": 1.3,
      "askSize": 78,
      "bid": 0.0,
      "bidSize": 0,
      "displaySymbol": "NWS Aug 18 '23 $17.50 Put",
      "inTheMoney": "n",
      "lastPrice": 0.0,
      "netChange": 0.0,
      "openInterest": 0,
      "optionCategory": "STANDARD",
      "optionRootSymbol": "NWS",
      "optionType": "PUT",
      "osiKey": "NWS---230818P00017500",
      "quoteDetail": "https://api.etrade.com/v1/market/quote/NWS:2023:8:18:PUT:17.500000",
      "strikePrice": 17.5,
      "symbol": "NWS",
      "timeStamp": 1688403534,
      "volume": 0
    },
    {
      "OptionGreeks": {
        "currentValue": "true",
        "delta": -0.47349,
        "gamma": 0.21784,
        "iv": 0.34654,
        "rho": -0.0071,
        "theta": -0.01385,
        "vega": 0.02667
      },
      "adjustedFlag": "false",
      "ask": 1.45,
      "askSize": 44,
      "bid": 0.7,
      "bidSize": 105,
      "displaySymbol": "NWS Aug 18 '23 $20 Put",
      "inTheMoney": "y",
      "lastPrice": 0.0,
      "netChange": 0.0,
      "openInterest": 0,
      "optionCategory": "STANDARD",
      "optionRootSymbol": "NWS",
      "optionType": "PUT",
      "osiKey": "NWS---230818P00020000",
      "quoteDetail": "https://api.etrade.com/v1/market/quote/NWS:2023:8:18:PUT:20.000000",
      "strikePrice": 20.0,
      "symbol": "NWS",
      "timeStamp": 1688403599,
      "volume": 0
    },
    {
      "OptionGreeks": {
        "currentValue": "true",
        "delta": -1.0,
        "gamma": 1e-05,
        "iv": 0.34025,
        "rho": 0.0,
        "theta": -0.01891,
        "vega": 0.0
      },
      "adjustedFlag": "false",
      "ask": 5.0,
      "askSize": 73,
      "bid": 1.2,
      "bidSize": 112,
      "displaySymbol": "NWS Aug 18 '23 $22.50 Put",
      "inTheMoney": "y",
      "lastPrice": 0.0,
      "netChange": 0.0,
      "openInterest": 0,
      "optionCategory": "STANDARD",
      "optionRootSymbol": "NWS",
      "optionType": "PUT",
      "osiKey": "NWS---230818P00022500",
      "quoteDetail": "https://api.etrade.com/v1/market/quote/NWS:2023:8:18:PUT:22.500000",
      "strikePrice": 22.5,
      "symbol": "NWS",
      "timeStamp": 1688403599,
      "volume": 0
    },
    {
      "OptionGreeks": {
        "currentValue": "true",
        "delta": -1.0,
        "gamma": 1e-05,
        "iv": 0.38155,
        "rho": 0.0,
        "theta": -0.01891,
        "vega": 0.0
      },
      "adjustedFlag": "false",
      "ask": 5.9,
      "askSize": 65,
      "bid": 4.7,
      "bidSize": 93,
      "displaySymbol": "NWS Aug 18 '23 $25 Put",
      "inTheMoney": "y",
      "lastPrice": 0.0,
      "netChange": 0.0,
      "openInterest": 0,
      "optionCategory": "STANDARD",
      "optionRootSymbol": "NWS",
      "optionType": "PUT",
      "osiKey": "NWS---230818P00025000",
      "quoteDetail": "https://api.etrade.com/v1/market/quote/NWS:2023:8:18:PUT:25.000000",
      "strikePrice": 25.0,
      "symbol": "NWS",
      "timeStamp": 1688403300,
      "volume": 0
    },
    {
      "OptionGreeks": {
        "currentValue": "true",
        "delta": -1.0,
        "gamma": 2e-05,
        "iv": 0.32597,
        "rho": 0.0,
        "theta": -0.01891,
        "vega": 0.0
      },
      "adjustedFlag": "false",
      "ask": 11.1,
      "askSize": 65,
      "bid": 9.6,
      "bidSize": 93,
      "displaySymbol": "NWS Aug 18 '23 $30 Put",
      "inTheMoney": "y",
      "lastPrice": 0.0,
      "netChange": 0.0,
      "openInterest": 0,
      "optionCategory": "STANDARD",
      "optionRootSymbol": "NWS",
      "optionType": "PUT",
      "osiKey": "NWS---230818P00030000",
      "quoteDetail": "https://api.etrade.com/v1/market/quote/NWS:2023:8:18:PUT:30.000000",
      "strikePrice": 30.0,
      "symbol": "NWS",
      "timeStamp": 1688403300,
      "volume": 0
    },
    {
      "OptionGreeks": {
        "currentValue": "true",
        "delta": -1.0,
        "gamma": 2e-05,
        "iv": 0.32597,
        "rho": 0.0,
        "theta": -0.01891,
        "vega": 0.0
      },
      "adjustedFlag": "false",
      "ask": 16.1,
      "askSize": 65,
      "bid": 14.5,
      "bidSize": 93,
      "displaySymbol": "NWS Aug 18 '23 $35 Put",
      "inTheMoney": "y",
      "lastPrice": 0.0,
      "netChange": 0.0,
      "openInterest": 0,
      "optionCategory": "STANDARD",
      "optionRootSymbol": "NWS",
      "optionType": "PUT",
      "osiKey": "NWS---230818P00035000",
      "quoteDetail": "https://api.etrade.com/v1/market/quote/NWS:2023:8:18:PUT:35.000000",
      "strikePrice": 35.0,
      "symbol": "NWS",
      "timeStamp": 1688403300,
      "volume": 0
    },
    {
      "OptionGreeks": {
        "currentValue": "true",
        "delta": 1.0,
        "gamma": 0.0,
        "iv": 0.32597,
        "rho": 0.00305,
        "theta": 0.0,
        "vega": 0.0
      },
      "adjustedFlag": "false",
      "ask": 19.4,
      "askSize": 67,
      "bid": 16.0,
      "bidSize": 93,
      "displaySymbol": "NWS Aug 18 '23 $2.50 Call",
      "inTheMoney": "y",
      "lastPrice": 0.0,
      "netChange": 0.0,
      "openInterest": 0,
      "optionCategory": "STANDARD",
      "optionRootSymbol": "NWS",
      "optionType": "CALL",
      "osiKey": "NWS---230818C00002500",
      "quoteDetail": "https://api.etrade.com/v1/market/quote/NWS:2023:8:18:CALL:2.500000",
      "strikePrice": 2.5,
      "symbol": "NWS",
      "timeStamp": 1688403300,
      "volume": 0
    },
    {
      "OptionGreeks": {
        "currentValue": "true",
        "delta": 1.0,
        "gamma": 0.0,
        "iv": 0.32597,
        "rho": 0.0062,
        "theta": 0.0,
        "vega": 0.0
      },
      "adjustedFlag": "false",
      "ask": 16.9,
      "askSize": 67,
      "bid": 14.0,
      "bidSize": 93,
      "displaySymbol": "NWS Aug 18 '23 $5 Call",
      "inTheMoney": "y",
      "lastPrice": 0.0,
      "netChange": 0.0,
      "openInterest": 0,
      "optionCategory": "STANDARD",
      "optionRootSymbol": "NWS",
      "optionType": "CALL",
      "osiKey": "NWS---230818C00005000",
      "quoteDetail": "https://api.etrade.com/v1/market/quote/NWS:2023:8:18:CALL:5.000000",
      "strikePrice": 5.0,
      "symbol": "NWS",
      "timeStamp": 1688403300,
      "volume": 0
    },
    {
      "OptionGreeks": {
        "currentValue": "true",
        "delta": 1.0,
        "gamma": 0.0,
        "iv": 0.355,
        "rho": 0.00935,
        "theta": 0.0,
        "vega": 0.0
      },
      "adjustedFlag": "false",
      "ask": 14.4,
      "askSize": 67,
      "bid": 11.5,
      "bidSize": 93,
      "displaySymbol": "NWS Aug 18 '23 $7.50 Call",
      "inTheMoney": "y",
      "lastPrice": 0.0,
      "netChange": 0.0,
      "openInterest": 0,
      "optionCategory": "STANDARD",
      "optionRootSymbol": "NWS",
      "optionType": "CALL",
      "osiKey": "NWS---230818C00007500",
      "quoteDetail": "https://api.etrade.com/v1/market/quote/NWS:2023:8:18:CALL:7.500000",
      "strikePrice": 7.5,
      "symbol": "NWS",
      "timeStamp": 1688403300,
      "volume": 0
    },
    {
      "OptionGreeks": {
        "currentValue": "true",
        "delta": 1.0,
        "gamma": 0.0,
        "iv": 0.355,
        "rho": 0.01249,
        "theta": 0.0,
        "vega": 0.0
      },
      "adjustedFlag": "false",
      "ask": 11.9,
      "askSize": 67,
      "bid": 9.1,
      "bidSize": 93,
      "displaySymbol": "NWS Aug 18 '23 $10 Call",
      "inTheMoney": "y",
      "lastPrice": 0.0,
      "netChange": 0.0,
      "openInterest": 0,
      "optionCategory": "STANDARD",
      "optionRootSymbol": "NWS",
      "optionType": "CALL",
      "osiKey": "NWS---230818C00010000",
      "quoteDetail": "https://api.etrade.com/v1/market/quote/NWS:2023:8:18:CALL:10.000000",
      "strikePrice": 10.0,
      "symbol": "NWS",
      "timeStamp": 1688403300,
      "volume": 0
    },
    {
      "OptionGreeks": {
        "currentValue": "true",
        "delta": 1.0,
        "gamma": 4e-05,
        "iv": 0.355,
        "rho": 0.01564,
        "theta": 0.0,
        "vega": 1e-05
      },
      "adjustedFlag": "false",
      "ask": 9.4,
      "askSize": 67,
      "bid": 6.6,
      "bidSize": 93,
      "displaySymbol": "NWS Aug 18 '23 $12.50 Call",
      "inTheMoney": "y",
      "lastPrice": 0.0,
      "netChange": 0.0,
      "openInterest": 0,
      "optionCategory": "STANDARD",
      "optionRootSymbol": "NWS",
      "optionType": "CALL",
      "osiKey": "NWS---230818C00012500",
      "quoteDetail": "https://api.etrade.com/v1/market/quote/NWS:2023:8:18:CALL:12.500000",
      "strikePrice": 12.5,
      "symbol": "NWS",
      "timeStamp": 1688403300,
      "volume": 0
    },
    {
      "OptionGreeks": {
        "currentValue": "true",
        "delta": 1.0,
        "gamma": 0.00598,
        "iv": 0.355,
        "rho": 0.01865,
        "theta": 0.0,
        "vega": 0.00111
      },
      "adjustedFlag": "false",
      "ask": 7.0,
      "askSize": 67,
      "bid": 4.3,
      "bidSize": 93,
      "displaySymbol": "NWS Aug 18 '23 $15 Call",
      "inTheMoney": "y",
      "lastPrice": 0.0,
      "netChange": 0.0,
      "openInterest": 0,
      "optionCategory": "STANDARD",
      "optionRootSymbol": "NWS",
      "optionType": "CALL",
      "osiKey": "NWS---230818C00015000",
      "quoteDetail": "https://api.etrade.com/v1/market/quote/NWS:2023:8:18:CALL:15.000000",
      "strikePrice": 15.0,
      "symbol": "NWS",
      "timeStamp": 1688403300,
      "volume": 0
    },
    {
      "OptionGreeks": {
        "currentValue": "true",
        "delta": 0.9477,
        "gamma": 0.06614,
        "iv": 0.35366,
        "rho": 0.01957,
        "theta": -0.00392,
        "vega": 0.0117
      },
      "adjustedFlag": "false",
      "ask": 4.8,
      "askSize": 67,
      "bid": 2.2,
      "bidSize": 106,
      "displaySymbol": "NWS Aug 18 '23 $17.50 Call",
      "inTheMoney": "y",
      "lastPrice": 0.0,
      "netChange": 0.0,
      "openInterest": 0,
      "optionCategory": "STANDARD",
      "optionRootSymbol": "NWS",
      "optionType": "CALL",
      "osiKey": "NWS---230818C00017500",
      "quoteDetail": "https://api.etrade.com/v1/market/quote/NWS:2023:8:18:CALL:17.500000",
      "strikePrice": 17.5,
      "symbol": "NWS",
      "timeStamp": 1688403599,
      "volume": 0
    },
    {
      "OptionGreeks": {
        "currentValue": "true",
        "delta": 0.64358,
        "gamma": 0.16213,
        "iv": 0.34654,
        "rho": 0.01435,
        "theta": -0.01026,
        "vega": 0.02773
      },
      "adjustedFlag": "false",
      "ask": 3.1,
      "askSize": 122,
      "bid": 0.5,
      "bidSize": 239,
      "displaySymbol": "NWS Aug 18 '23 $20 Call",
      "inTheMoney": "n",
      "lastPrice": 1.0,
      "netChange": 0.0,
      "openInterest": 1,
      "optionCategory": "STANDARD",
      "optionRootSymbol": "NWS",
      "optionType": "CALL",
      "osiKey": "NWS---230818C00020000",
      "quoteDetail": "https://api.etrade.com/v1/market/quote/NWS:2023:8:18:CALL:20.000000",
      "strikePrice": 20.0,
      "symbol": "NWS",
      "timeStamp": 1688403542,
      "volume": 0
    },
    {
      "OptionGreeks": {
        "currentValue": "true",
        "delta": 0.26461,
        "gamma": 0.13909,
        "iv": 0.34025,
        "rho": 0.0061,
        "theta": -0.00856,
        "vega": 0.02346
      },
      "adjustedFlag": "false",
      "ask": 1.25,
      "askSize": 77,
      "bid": 0.0,
      "bidSize": 0,
      "displaySymbol": "NWS Aug 18 '23 $22.50 Call",
      "inTheMoney": "n",
      "lastPrice": 0.0,
      "netChange": 0.0,
      "openInterest": 0,
      "optionCategory": "STANDARD",
      "optionRootSymbol": "NWS",
      "optionType": "CALL",
      "osiKey": "NWS---230818C00022500",
      "quoteDetail": "https://api.etrade.com/v1/market/quote/NWS:2023:8:18:CALL:22.500000",
      "strikePrice": 22.5,
      "symbol": "NWS",
      "timeStamp": 1688403534,
      "volume": 0
    },
    {
      "OptionGreeks": {
        "currentValue": "true",
        "delta": 0.09234,
        "gamma": 0.0621,
        "iv": 0.38155,
        "rho": 0.00213,
        "theta": -0.00476,
        "vega": 0.01188
      },
      "adjustedFlag": "false",
      "ask": 0.75,
      "askSize": 72,
      "bid": 0.0,
      "bidSize": 0,
      "displaySymbol": "NWS Aug 18 '23 $25 Call",
      "inTheMoney": "n",
      "lastPrice": 0.0,
      "netChange": 0.0,
      "openInterest": 0,
      "optionCategory": "STANDARD",
      "optionRootSymbol": "NWS",
      "optionType": "CALL",
      "osiKey": "NWS---230818C00025000",
      "quoteDetail": "https://api.etrade.com/v1/market/quote/NWS:2023:8:18:CALL:25.000000",
      "strikePrice": 25.0,
      "symbol": "NWS",
      "timeStamp": 1688403300,
      "volume": 0
    },
    {
      "OptionGreeks": {
        "currentValue": "true",
        "delta": 0.00076,
        "gamma": 0.00113,
        "iv": 0.32597,
        "rho": 2e-05,
        "theta": -6e-05,
        "vega": 0.0002
      },
      "adjustedFlag": "false",
      "ask": 0.75,
      "askSize": 69,
      "bid": 0.0,
      "bidSize": 0,
      "displaySymbol": "NWS Aug 18 '23 $30 Call",
      "inTheMoney": "n",
      "lastPrice": 0.2,
      "netChange": 0.0,
      "openInterest": 2,
      "optionCategory": "STANDARD",
      "optionRootSymbol": "NWS",
      "optionType": "CALL",
      "osiKey": "NWS---230818C00030000",
      "quoteDetail": "https://api.etrade.com/v1/market/quote/NWS:2023:8:18:CALL:30.000000",
      "strikePrice": 30.0,
      "symbol": "NWS",
      "timeStamp": 1688403542,
      "volume": 0
    },
    {
      "OptionGreeks": {
        "currentValue": "true",
        "delta": 0.0,
        "gamma": 1e-05,
        "iv": 0.32597,
        "rho": 0.0,
        "theta": 0.0,
        "vega": 0.0
      },
      "adjustedFlag": "false",
      "ask": 0.75,
      "askSize": 72,
      "bid": 0.0,
      "bidSize": 0,
      "displaySymbol": "NWS Aug 18 '23 $35 Call",
      "inTheMoney": "n",
      "lastPrice": 0.0,
      "netChange": 0.0,
      "openInterest": 0,
      "optionCategory": "STANDARD",
      "optionRootSymbol": "NWS",
      "optionType": "CALL",
      "osiKey": "NWS---230818C00035000",
      "quoteDetail": "https://api.etrade.com/v1/market/quote/NWS:2023:8:18:CALL:35.000000",
      "strikePrice": 35.0,
      "symbol": "NWS",
      "timeStamp": 1688403534,
      "volume": 0
    }
  ],
  "2023-10-20": [
    {
      "OptionGreeks": {
        "currentValue": "true",
        "delta": 0.0,
        "gamma": 0.0,
        "iv": 0.32597,
        "rho": 0.0,
        "theta": 0.0,
        "vega": 0.0
      },
      "adjustedFlag": "false",
      "ask": 0.05,
      "askSize": 75,
      "bid": 0.0,
      "bidSize": 0,
      "displaySymbol": "NWS Oct 20 '23 $2.50 Put",
      "inTheMoney": "n",
      "lastPrice": 0.0,
      "netChange": 0.0,
      "openInterest": 0,
      "optionCategory": "STANDARD",
      "optionRootSymbol": "NWS",
      "optionType": "PUT",
      "osiKey": "NWS---231020P00002500",
      "quoteDetail": "https://api.etrade.com/v1/market/quote/NWS:2023:10:20:PUT:2.500000",
      "strikePrice": 2.5,
      "symbol": "NWS",
      "timeStamp": 1688397374,
      "volume": 0
    },
    {
      "OptionGreeks": {
        "currentValue": "true",
        "delta": 0.0,
        "gamma": 0.0,
        "iv": 0.38175,
        "rho": 0.0,
        "theta": 0.0,
        "vega": 0.0
      },
      "adjustedFlag": "false",
      "ask": 2.55,
      "askSize": 133,
      "bid": 0.0,
      "bidSize": 0,
      "displaySymbol": "NWS Oct 20 '23 $5 Put",
      "inTheMoney": "n",
      "lastPrice": 0.0,
      "netChange": 0.0,
      "openInterest": 0,
      "optionCategory": "STANDARD",
      "optionRootSymbol": "NWS",
      "optionType": "PUT",
      "osiKey": "NWS---231020P00005000",
      "quoteDetail": "https://api.etrade.com/v1/market/quote/NWS:2023:10:20:PUT:5.000000",
      "strikePrice": 5.0,
      "symbol": "NWS",
      "timeStamp": 1688403300,
      "volume": 0
    },
    {
      "OptionGreeks": {
        "currentValue": "true",
        "delta": 0.0,
        "gamma": 0.0,
        "iv": 0.38175,
        "rho": 0.0,
        "theta": 0.0,
        "vega": 0.0
      },
      "adjustedFlag": "false",
      "ask": 2.55,
      "askSize": 133,
      "bid": 0.0,
      "bidSize": 0,
      "displaySymbol": "NWS Oct 20 '23 $7.50 Put",
      "inTheMoney": "n",
      "lastPrice": 0.0,
      "netChange": 0.0,
      "openInterest": 0,
      "optionCategory": "STANDARD",
      "optionRootSymbol": "NWS",
      "optionType": "PUT",
      "osiKey": "NWS---231020P00007500",
      "quoteDetail": "https://api.etrade.com/v1/market/quote/NWS:2023:10:20:PUT:7.500000",
      "strikePrice": 7.5,
      "symbol": "NWS",
      "timeStamp": 1688403300,
      "volume": 0
    },
    {
      "OptionGreeks": {
        "currentValue": "true",
        "delta": -0.0004,
        "gamma": 0.00035,
        "iv": 0.38175,
        "rho": -2e-05,
        "theta": -2e-05,
        "vega": 0.00017
      },
      "adjustedFlag": "false",
      "ask": 1.15,
      "askSize": 130,
      "bid": 0.0,
      "bidSize": 0,
      "displaySymbol": "NWS Oct 20 '23 $10 Put",
      "inTheMoney": "n",
      "lastPrice": 0.0,
      "netChange": 0.0,
      "openInterest": 0,
      "optionCategory": "STANDARD",
      "optionRootSymbol": "NWS",
      "optionType": "PUT",
      "osiKey": "NWS---231020P00010000",
      "quoteDetail": "https://api.etrade.com/v1/market/quote/NWS:2023:10:20:PUT:10.000000",
      "strikePrice": 10.0,
      "symbol": "NWS",
      "timeStamp": 1688403300,
      "volume": 0
    },
    {
      "OptionGreeks": {
        "currentValue": "true",
        "delta": -0.01132,
        "gamma": 0.0072,
        "iv": 0.38175,
        "rho": -0.00067,
        "theta": -0.00053,
        "vega": 0.0033
      },
      "adjustedFlag": "false",
      "ask": 2.6,
      "askSize": 127,
      "bid": 0.0,
      "bidSize": 0,
      "displaySymbol": "NWS Oct 20 '23 $12.50 Put",
      "inTheMoney": "n",
      "lastPrice": 0.33,
      "netChange": 0.0,
      "openInterest": 1,
      "optionCategory": "STANDARD",
      "optionRootSymbol": "NWS",
      "optionType": "PUT",
      "osiKey": "NWS---231020P00012500",
      "quoteDetail": "https://api.etrade.com/v1/market/quote/NWS:2023:10:20:PUT:12.500000",
      "strikePrice": 12.5,
      "symbol": "NWS",
      "timeStamp": 1688403300,
      "volume": 0
    },
    {
      "OptionGreeks": {
        "currentValue": "true",
        "delta": -0.07962,
        "gamma": 0.03599,
        "iv": 0.38175,
        "rho": -0.00482,
        "theta": -0.00273,
        "vega": 0.01605
      },
      "adjustedFlag": "false",
      "ask": 2.8,
      "askSize": 99,
      "bid": 0.0,
      "bidSize": 0,
      "displaySymbol": "NWS Oct 20 '23 $15 Put",
      "inTheMoney": "n",
      "lastPrice": 0.0,
      "netChange": 0.0,
      "openInterest": 0,
      "optionCategory": "STANDARD",
      "optionRootSymbol": "NWS",
      "optionType": "PUT",
      "osiKey": "NWS---231020P00015000",
      "quoteDetail": "https://api.etrade.com/v1/market/quote/NWS:2023:10:20:PUT:15.000000",
      "strikePrice": 15.0,
      "symbol": "NWS",
      "timeStamp": 1688403505,
      "volume": 0
    },
    {
      "OptionGreeks": {
        "currentValue": "true",
        "delta": -0.24762,
        "gamma": 0.07824,
        "iv": 0.37489,
        "rho": -0.01492,
        "theta": -0.00573,
        "vega": 0.03383
      },
      "adjustedFlag": "false",
      "ask": 3.2,
      "askSize": 125,
      "bid": 0.05,
      "bidSize": 630,
      "displaySymbol": "NWS Oct 20 '23 $17.50 Put",
      "inTheMoney": "n",
      "lastPrice": 2.05,
      "netChange": 0.0,
      "openInterest": 1,
      "optionCategory": "STANDARD",
      "optionRootSymbol": "NWS",
      "optionType": "PUT",
      "osiKey": "NWS---231020P00017500",
      "quoteDetail": "https://api.etrade.com/v1/market/quote/NWS:2023:10:20:PUT:17.500000",
      "strikePrice": 17.5,
      "symbol": "NWS",
      "timeStamp": 1688403517,
      "volume": 0
    },
    {
      "OptionGreeks": {
        "currentValue": "true",
        "delta": -0.48761,
        "gamma": 0.10103,
        "iv": 0.36599,
        "rho": -0.02877,
        "theta": -0.00695,
        "vega": 0.04234
      },
      "adjustedFlag": "false",
      "ask": 2.3,
      "askSize": 107,
      "bid": 0.85,
      "bidSize": 83,
      "displaySymbol": "NWS Oct 20 '23 $20 Put",
      "inTheMoney": "y",
      "lastPrice": 0.0,
      "netChange": 0.0,
      "openInterest": 0,
      "optionCategory": "STANDARD",
      "optionRootSymbol": "NWS",
      "optionType": "PUT",
      "osiKey": "NWS---231020P00020000",
      "quoteDetail": "https://api.etrade.com/v1/market/quote/NWS:2023:10:20:PUT:20.000000",
      "strikePrice": 20.0,
      "symbol": "NWS",
      "timeStamp": 1688403599,
      "volume": 0
    },
    {
      "OptionGreeks": {
        "currentValue": "true",
        "delta": -0.71546,
        "gamma": 0.0875,
        "iv": 0.35814,
        "rho": -0.04093,
        "theta": -0.00546,
        "vega": 0.03572
      },
      "adjustedFlag": "false",
      "ask": 4.2,
      "askSize": 74,
      "bid": 2.5,
      "bidSize": 108,
      "displaySymbol": "NWS Oct 20 '23 $22.50 Put",
      "inTheMoney": "y",
      "lastPrice": 0.0,
      "netChange": 0.0,
      "openInterest": 0,
      "optionCategory": "STANDARD",
      "optionRootSymbol": "NWS",
      "optionType": "PUT",
      "osiKey": "NWS---231020P00022500",
      "quoteDetail": "https://api.etrade.com/v1/market/quote/NWS:2023:10:20:PUT:22.500000",
      "strikePrice": 22.5,
      "symbol": "NWS",
      "timeStamp": 1688403599,
      "volume": 0
    },
    {
      "OptionGreeks": {
        "currentValue": "true",
        "delta": -0.8698,
        "gamma": 0.05474,
        "iv": 0.35112,
        "rho": -0.04872,
        "theta": -0.00276,
        "vega": 0.02181
      },
      "adjustedFlag": "false",
      "ask": 6.3,
      "askSize": 65,
      "bid": 3.5,
      "bidSize": 92,
      "displaySymbol": "NWS Oct 20 '23 $25 Put",
      "inTheMoney": "y",
      "lastPrice": 6.3,
      "netChange": 0.0,
      "openInterest": 0,
      "optionCategory": "STANDARD",
      "optionRootSymbol": "NWS",
      "optionType": "PUT",
      "osiKey": "NWS---231020P00025000",
      "quoteDetail": "https://api.etrade.com/v1/market/quote/NWS:2023:10:20:PUT:25.000000",
      "strikePrice": 25.0,
      "symbol": "NWS",
      "timeStamp": 1688403488,
      "volume": 0
    },
    {
      "OptionGreeks": {
        "currentValue": "true",
        "delta": -0.93539,
        "gamma": 0.02994,
        "iv": 0.47088,
        "rho": -0.04111,
        "theta": -0.00196,
        "vega": 0.01256
      },
      "adjustedFlag": "false",
      "ask": 11.1,
      "askSize": 65,
      "bid": 8.3,
      "bidSize": 92,
      "displaySymbol": "NWS Oct 20 '23 $30 Put",
      "inTheMoney": "y",
      "lastPrice": 0.0,
      "netChange": 0.0,
      "openInterest": 0,
      "optionCategory": "STANDARD",
      "optionRootSymbol": "NWS",
      "optionType": "PUT",
      "osiKey": "NWS---231020P00030000",
      "quoteDetail": "https://api.etrade.com/v1/market/quote/NWS:2023:10:20:PUT:30.000000",
      "strikePrice": 30.0,
      "symbol": "NWS",
      "timeStamp": 1688403487,
      "volume": 0
    },
    {
      "OptionGreeks": {
        "currentValue": "true",
        "delta": -1.0,
        "gamma": 1e-05,
        "iv": 0.32597,
        "rho": 0.0,
        "theta": -0.00069,
        "vega": 0.0
      },
      "adjustedFlag": "false",
      "ask": 16.1,
      "askSize": 65,
      "bid": 14.2,
      "bidSize": 92,
      "displaySymbol": "NWS Oct 20 '23 $35 Put",
      "inTheMoney": "y",
      "lastPrice": 0.0,
      "netChange": 0.0,
      "openInterest": 0,
      "optionCategory": "STANDARD",
      "optionRootSymbol": "NWS",
      "optionType": "PUT",
      "osiKey": "NWS---231020P00035000",
      "quoteDetail": "https://api.etrade.com/v1/market/quote/NWS:2023:10:20:PUT:35.000000",
      "strikePrice": 35.0,
      "symbol": "NWS",
      "timeStamp": 1688403300,
      "volume": 0
    },
    {
      "OptionGreeks": {
        "currentValue": "true",
        "delta": 1.0,
        "gamma": 0.0,
        "iv": 0.32597,
        "rho": 1e-05,
        "theta": 0.0,
        "vega": 0.0
      },
      "adjustedFlag": "false",
      "ask": 19.3,
      "askSize": 67,
      "bid": 16.4,
      "bidSize": 93,
      "displaySymbol": "NWS Oct 20 '23 $2.50 Call",
      "inTheMoney": "y",
      "lastPrice": 0.0,
      "netChange": 0.0,
      "openInterest": 0,
      "optionCategory": "STANDARD",
      "optionRootSymbol": "NWS",
      "optionType": "CALL",
      "osiKey": "NWS---231020C00002500",
      "quoteDetail": "https://api.etrade.com/v1/market/quote/NWS:2023:10:20:CALL:2.500000",
      "strikePrice": 2.5,
      "symbol": "NWS",
      "timeStamp": 1688403300,
      "volume": 0
    },
    {
      "OptionGreeks": {
        "currentValue": "true",
        "delta": 1.0,
        "gamma": 0.0,
        "iv": 0.38175,
        "rho": 0.0,
        "theta": 0.0,
        "vega": 0.0
      },
      "adjustedFlag": "false",
      "ask": 16.8,
      "askSize": 67,
      "bid": 13.6,
      "bidSize": 93,
      "displaySymbol": "NWS Oct 20 '23 $5 Call",
      "inTheMoney": "y",
      "lastPrice": 0.0,
      "netChange": 0.0,
      "openInterest": 0,
      "optionCategory": "STANDARD",
      "optionRootSymbol": "NWS",
      "optionType": "CALL",
      "osiKey": "NWS---231020C00005000",
      "quoteDetail": "https://api.etrade.com/v1/market/quote/NWS:2023:10:20:CALL:5.000000",
      "strikePrice": 5.0,
      "symbol": "NWS",
      "timeStamp": 1688403300,
      "volume": 0
    },
    {
      "OptionGreeks": {
        "currentValue": "true",
        "delta": 1.0,
        "gamma": 0.0,
        "iv": 0.38175,
        "rho": 0.0,
        "theta": 0.0,
        "vega": 0.0
      },
      "adjustedFlag": "false",
      "ask": 14.4,
      "askSize": 67,
      "bid": 11.5,
      "bidSize": 93,
      "displaySymbol": "NWS Oct 20 '23 $7.50 Call",
      "inTheMoney": "y",
      "lastPrice": 0.0,
      "netChange": 0.0,
      "openInterest": 0,
      "optionCategory": "STANDARD",
      "optionRootSymbol": "NWS",
      "optionType": "CALL",
      "osiKey": "NWS---231020C00007500",
      "quoteDetail": "https://api.etrade.com/v1/market/quote/NWS:2023:10:20:CALL:7.500000",
      "strikePrice": 7.5,
      "symbol": "NWS",
      "timeStamp": 1688403300,
      "volume": 0
    },
    {
      "OptionGreeks": {
        "currentValue": "true",
        "delta": 1.0,
        "gamma": 0.0,
        "iv": 0.38175,
        "rho": 0.0,
        "theta": 0.0,
        "vega": 0.0
      },
      "adjustedFlag": "false",
      "ask": 11.9,
      "askSize": 67,
      "bid": 9.1,
      "bidSize": 93,
      "displaySymbol": "NWS Oct 20 '23 $10 Call",
      "inTheMoney": "y",
      "lastPrice": 0.0,
      "netChange": 0.0,
      "openInterest": 0,
      "optionCategory": "STANDARD",
      "optionRootSymbol": "NWS",
      "optionType": "CALL",
      "osiKey": "NWS---231020C00010000",
      "quoteDetail": "https://api.etrade.com/v1/market/quote/NWS:2023:10:20:CALL:10.000000",
      "strikePrice": 10.0,
      "symbol": "NWS",
      "timeStamp": 1688403300,
      "volume": 0
    },
    {
      "OptionGreeks": {
        "currentValue": "true",
        "delta": 0.99357,
        "gamma": 0.00777,
        "iv": 0.38175,
        "rho": 0.00633,
        "theta": 0.0,
        "vega": 0.00156
      },
      "adjustedFlag": "false",
      "ask": 9.5,
      "askSize": 67,
      "bid": 6.7,
      "bidSize": 93,
      "displaySymbol": "NWS Oct 20 '23 $12.50 Call",
      "inTheMoney": "y",
      "lastPrice": 0.0,
      "netChange": 0.0,
      "openInterest": 0,
      "optionCategory": "STANDARD",
      "optionRootSymbol": "NWS",
      "optionType": "CALL",
      "osiKey": "NWS---231020C00012500",
      "quoteDetail": "https://api.etrade.com/v1/market/quote/NWS:2023:10:20:CALL:12.500000",
      "strikePrice": 12.5,
      "symbol": "NWS",
      "timeStamp": 1688403300,
      "volume": 0
    },
    {
      "OptionGreeks": {
        "currentValue": "true",
        "delta": 0.92454,
        "gamma": 0.03594,
        "iv": 0.38175,
        "rho": 0.02365,
        "theta": -0.00205,
        "vega": 0.01463
      },
      "adjustedFlag": "false",
      "ask": 6.9,
      "askSize": 66,
      "bid": 3.1,
      "bidSize": 101,
      "displaySymbol": "NWS Oct 20 '23 $15 Call",
      "inTheMoney": "y",
      "lastPrice": 0.0,
      "netChange": 0.0,
      "openInterest": 0,
      "optionCategory": "STANDARD",
      "optionRootSymbol": "NWS",
      "optionType": "CALL",
      "osiKey": "NWS---231020C00015000",
      "quoteDetail": "https://api.etrade.com/v1/market/quote/NWS:2023:10:20:CALL:15.000000",
      "strikePrice": 15.0,
      "symbol": "NWS",
      "timeStamp": 1688403484,
      "volume": 0
    },
    {
      "OptionGreeks": {
        "currentValue": "true",
        "delta": 0.75253,
        "gamma": 0.07971,
        "iv": 0.37489,
        "rho": 0.02822,
        "theta": -0.00553,
        "vega": 0.03314
      },
      "adjustedFlag": "false",
      "ask": 5.0,
      "askSize": 76,
      "bid": 2.3,
      "bidSize": 76,
      "displaySymbol": "NWS Oct 20 '23 $17.50 Call",
      "inTheMoney": "y",
      "lastPrice": 0.0,
      "netChange": 0.0,
      "openInterest": 0,
      "optionCategory": "STANDARD",
      "optionRootSymbol": "NWS",
      "optionType": "CALL",
      "osiKey": "NWS---231020C00017500",
      "quoteDetail": "https://api.etrade.com/v1/market/quote/NWS:2023:10:20:CALL:17.500000",
      "strikePrice": 17.5,
      "symbol": "NWS",
      "timeStamp": 1688403599,
      "volume": 0
    },
    {
      "OptionGreeks": {
        "currentValue": "true",
        "delta": 0.50821,
        "gamma": 0.10177,
        "iv": 0.36599,
        "rho": 0.02324,
        "theta": -0.00704,
        "vega": 0.04229
      },
      "adjustedFlag": "false",
      "ask": 2.65,
      "askSize": 83,
      "bid": 0.7,
      "bidSize": 283,
      "displaySymbol": "NWS Oct 20 '23 $20 Call",
      "inTheMoney": "n",
      "lastPrice": 0.0,
      "netChange": 0.0,
      "openInterest": 0,
      "optionCategory": "STANDARD",
      "optionRootSymbol": "NWS",
      "optionType": "CALL",
      "osiKey": "NWS---231020C00020000",
      "quoteDetail": "https://api.etrade.com/v1/market/quote/NWS:2023:10:20:CALL:20.000000",
      "strikePrice": 20.0,
      "symbol": "NWS",
      "timeStamp": 1688403505,
      "volume": 0
    },
    {
      "OptionGreeks": {
        "currentValue": "true",
        "delta": 0.27982,
        "gamma": 0.08714,
        "iv": 0.35814,
        "rho": 0.01397,
        "theta": -0.00583,
        "vega": 0.036
      },
      "adjustedFlag": "false",
      "ask": 1.35,
      "askSize": 104,
      "bid": 0.0,
      "bidSize": 0,
      "displaySymbol": "NWS Oct 20 '23 $22.50 Call",
      "inTheMoney": "n",
      "lastPrice": 0.0,
      "netChange": 0.0,
      "openInterest": 0,
      "optionCategory": "STANDARD",
      "optionRootSymbol": "NWS",
      "optionType": "CALL",
      "osiKey": "NWS---231020C00022500",
      "quoteDetail": "https://api.etrade.com/v1/market/quote/NWS:2023:10:20:CALL:22.500000",
      "strikePrice": 22.5,
      "symbol": "NWS",
      "timeStamp": 1688403505,
      "volume": 0
    },
    {
      "OptionGreeks": {
        "currentValue": "true",
        "delta": 0.12616,
        "gamma": 0.05455,
        "iv": 0.35112,
        "rho": 0.00662,
        "theta": -0.0035,
        "vega": 0.02241
      },
      "adjustedFlag": "false",
      "ask": 1.4,
      "askSize": 97,
      "bid": 0.0,
      "bidSize": 0,
      "displaySymbol": "NWS Oct 20 '23 $25 Call",
      "inTheMoney": "n",
      "lastPrice": 0.0,
      "netChange": 0.0,
      "openInterest": 0,
      "optionCategory": "STANDARD",
      "optionRootSymbol": "NWS",
      "optionType": "CALL",
      "osiKey": "NWS---231020C00025000",
      "quoteDetail": "https://api.etrade.com/v1/market/quote/NWS:2023:10:20:CALL:25.000000",
      "strikePrice": 25.0,
      "symbol": "NWS",
      "timeStamp": 1688403300,
      "volume": 0
    },
    {
      "OptionGreeks": {
        "currentValue": "true",
        "delta": 0.06654,
        "gamma": 0.0253,
        "iv": 0.47088,
        "rho": 0.00342,
        "theta": -0.0029,
        "vega": 0.01396
      },
      "adjustedFlag": "false",
      "ask": 0.75,
      "askSize": 129,
      "bid": 0.0,
      "bidSize": 0,
      "displaySymbol": "NWS Oct 20 '23 $30 Call",
      "inTheMoney": "n",
      "lastPrice": 0.2,
      "netChange": 0.0,
      "openInterest": 2,
      "optionCategory": "STANDARD",
      "optionRootSymbol": "NWS",
      "optionType": "CALL",
      "osiKey": "NWS---231020C00030000",
      "quoteDetail": "https://api.etrade.com/v1/market/quote/NWS:2023:10:20:CALL:30.000000",
      "strikePrice": 30.0,
      "symbol": "NWS",
      "timeStamp": 1688403300,
      "volume": 0
    },
    {
      "OptionGreeks": {
        "currentValue": "true",
        "delta": 0.00084,
        "gamma": 0.00081,
        "iv": 0.32597,
        "rho": 4e-05,
        "theta": -4e-05,
        "vega": 0.00034
      },
      "adjustedFlag": "false",
      "ask": 2.55,
      "askSize": 133,
      "bid": 0.0,
      "bidSize": 0,
      "displaySymbol": "NWS Oct 20 '23 $35 Call",
      "inTheMoney": "n",
      "lastPrice": 0.0,
      "netChange": 0.0,
      "openInterest": 0,
      "optionCategory": "STANDARD",
      "optionRootSymbol": "NWS",
      "optionType": "CALL",
      "osiKey": "NWS---231020C00035000",
      "quoteDetail": "https://api.etrade.com/v1/market/quote/NWS:2023:10:20:CALL:35.000000",
      "strikePrice": 35.0,
      "symbol": "NWS",
      "timeStamp": 1688403300,
      "volume": 0
    }
  ],
  "2023-12-15": [
    {
      "OptionGreeks": {
        "currentValue": "true",
        "delta": 0.0,
        "gamma": 0.0,
        "iv": 0.39461,
        "rho": 0.0,
        "theta": 0.0,
        "vega": 0.0
      },
      "adjustedFlag": "false",
      "ask": 0.05,
      "askSize": 75,
      "bid": 0.0,
      "bidSize": 0,
      "displaySymbol": "NWS Dec 15 '23 $2.50 Put",
      "inTheMoney": "n",
      "lastPrice": 0.0,
      "netChange": 0.0,
      "openInterest": 0,
      "optionCategory": "STANDARD",
      "optionRootSymbol": "NWS",
      "optionType": "PUT",
      "osiKey": "NWS---231215P00002500",
      "quoteDetail": "https://api.etrade.com/v1/market/quote/NWS:2023:12:15:PUT:2.500000",
      "strikePrice": 2.5,
      "symbol": "NWS",
      "timeStamp": 1688397374,
      "volume": 0
    },
    {
      "OptionGreeks": {
        "currentValue": "true",
        "delta": 0.0,
        "gamma": 0.0,
        "iv": 0.39461,
        "rho": 0.0,
        "theta": 0.0,
        "vega": 0.0
      },
      "adjustedFlag": "false",
      "ask": 2.85,
      "askSize": 99,
      "bid": 0.0,
      "bidSize": 0,
      "displaySymbol": "NWS Dec 15 '23 $5 Put",
      "inTheMoney": "n",
      "lastPrice": 0.0,
      "netChange": 0.0,
      "openInterest": 0,
      "optionCategory": "STANDARD",
      "optionRootSymbol": "NWS",
      "optionType": "PUT",
      "osiKey": "NWS---231215P00005000",
      "quoteDetail": "https://api.etrade.com/v1/market/quote/NWS:2023:12:15:PUT:5.000000",
      "strikePrice": 5.0,
      "symbol": "NWS",
      "timeStamp": 1688403300,
      "volume": 0
    },
    {
      "OptionGreeks": {
        "currentValue": "true",
        "delta": -6e-05,
        "gamma": 5e-05,
        "iv": 0.39461,
        "rho": -1e-05,
        "theta": 0.0,
        "vega": 3e-05
      },
      "adjustedFlag": "false",
      "ask": 2.85,
      "askSize": 99,
      "bid": 0.0,
      "bidSize": 0,
      "displaySymbol": "NWS Dec 15 '23 $7.50 Put",
      "inTheMoney": "n",
      "lastPrice": 0.0,
      "netChange": 0.0,
      "openInterest": 0,
      "optionCategory": "STANDARD",
      "optionRootSymbol": "NWS",
      "optionType": "PUT",
      "osiKey": "NWS---231215P00007500",
      "quoteDetail": "https://api.etrade.com/v1/market/quote/NWS:2023:12:15:PUT:7.500000",
      "strikePrice": 7.5,
      "symbol": "NWS",
      "timeStamp": 1688403300,
      "volume": 0
    },
    {
      "OptionGreeks": {
        "currentValue": "true",
        "delta": -0.00296,
        "gamma": 0.00173,
        "iv": 0.39461,
        "rho": -0.00026,
        "theta": -0.00013,
        "vega": 0.00125
      },
      "adjustedFlag": "false",
      "ask": 0.75,
      "askSize": 60,
      "bid": 0.0,
      "bidSize": 0,
      "displaySymbol": "NWS Dec 15 '23 $10 Put",
      "inTheMoney": "n",
      "lastPrice": 0.0,
      "netChange": 0.0,
      "openInterest": 0,
      "optionCategory": "STANDARD",
      "optionRootSymbol": "NWS",
      "optionType": "PUT",
      "osiKey": "NWS---231215P00010000",
      "quoteDetail": "https://api.etrade.com/v1/market/quote/NWS:2023:12:15:PUT:10.000000",
      "strikePrice": 10.0,
      "symbol": "NWS",
      "timeStamp": 1688403505,
      "volume": 0
    },
    {
      "OptionGreeks": {
        "currentValue": "true",
        "delta": -0.02823,
        "gamma": 0.01242,
        "iv": 0.39461,
        "rho": -0.00258,
        "theta": -0.00099,
        "vega": 0.00874
      },
      "adjustedFlag": "false",
      "ask": 2.95,
      "askSize": 99,
      "bid": 0.0,
      "bidSize": 0,
      "displaySymbol": "NWS Dec 15 '23 $12.50 Put",
      "inTheMoney": "n",
      "lastPrice": 0.0,
      "netChange": 0.0,
      "openInterest": 0,
      "optionCategory": "STANDARD",
      "optionRootSymbol": "NWS",
      "optionType": "PUT",
      "osiKey": "NWS---231215P00012500",
      "quoteDetail": "https://api.etrade.com/v1/market/quote/NWS:2023:12:15:PUT:12.500000",
      "strikePrice": 12.5,
      "symbol": "NWS",
      "timeStamp": 1688403300,
      "volume": 0
    },
    {
      "OptionGreeks": {
        "currentValue": "true",
        "delta": -0.11161,
        "gamma": 0.03671,
        "iv": 0.39461,
        "rho": -0.01016,
        "theta": -0.00296,
        "vega": 0.02527
      },
      "adjustedFlag": "false",
      "ask": 0.5,
      "askSize": 43,
      "bid": 0.1,
      "bidSize": 1,
      "displaySymbol": "NWS Dec 15 '23 $15 Put",
      "inTheMoney": "n",
      "lastPrice": 0.7,
      "netChange": 0.0,
      "openInterest": 10,
      "optionCategory": "STANDARD",
      "optionRootSymbol": "NWS",
      "optionType": "PUT",
      "osiKey": "NWS---231215P00015000",
      "quoteDetail": "https://api.etrade.com/v1/market/quote/NWS:2023:12:15:PUT:15.000000",
      "strikePrice": 15.0,
      "symbol": "NWS",
      "timeStamp": 1688403280,
      "volume": 0
    },
    {
      "OptionGreeks": {
        "currentValue": "true",
        "delta": -0.26052,
        "gamma": 0.06516,
        "iv": 0.38434,
        "rho": -0.02293,
        "theta": -0.00498,
        "vega": 0.04282
      },
      "adjustedFlag": "false",
      "ask": 3.8,
      "askSize": 112,
      "bid": 0.3,
      "bidSize": 90,
      "displaySymbol": "NWS Dec 15 '23 $17.50 Put",
      "inTheMoney": "n",
      "lastPrice": 1.2,
      "netChange": 0.0,
      "openInterest": 5,
      "optionCategory": "STANDARD",
      "optionRootSymbol": "NWS",
      "optionType": "PUT",
      "osiKey": "NWS---231215P00017500",
      "quoteDetail": "https://api.etrade.com/v1/market/quote/NWS:2023:12:15:PUT:17.500000",
      "strikePrice": 17.5,
      "symbol": "NWS",
      "timeStamp": 1688403517,
      "volume": 0
    },
    {
      "OptionGreeks": {
        "currentValue": "true",
        "delta": -0.45664,
        "gamma": 0.08322,
        "iv": 0.37544,
        "rho": -0.03766,
        "theta": -0.00596,
        "vega": 0.05192
      },
      "adjustedFlag": "false",
      "ask": 4.7,
      "askSize": 105,
      "bid": 0.2,
      "bidSize": 647,
      "displaySymbol": "NWS Dec 15 '23 $20 Put",
      "inTheMoney": "y",
      "lastPrice": 2.1,
      "netChange": 0.0,
      "openInterest": 7,
      "optionCategory": "STANDARD",
      "optionRootSymbol": "NWS",
      "optionType": "PUT",
      "osiKey": "NWS---231215P00020000",
      "quoteDetail": "https://api.etrade.com/v1/market/quote/NWS:2023:12:15:PUT:20.000000",
      "strikePrice": 20.0,
      "symbol": "NWS",
      "timeStamp": 1688403518,
      "volume": 0
    },
    {
      "OptionGreeks": {
        "currentValue": "true",
        "delta": -0.65446,
        "gamma": 0.0822,
        "iv": 0.36758,
        "rho": -0.04856,
        "theta": -0.00539,
        "vega": 0.04795
      },
      "adjustedFlag": "false",
      "ask": 4.2,
      "askSize": 71,
      "bid": 1.3,
      "bidSize": 107,
      "displaySymbol": "NWS Dec 15 '23 $22.50 Put",
      "inTheMoney": "y",
      "lastPrice": 0.0,
      "netChange": 0.0,
      "openInterest": 0,
      "optionCategory": "STANDARD",
      "optionRootSymbol": "NWS",
      "optionType": "PUT",
      "osiKey": "NWS---231215P00022500",
      "quoteDetail": "https://api.etrade.com/v1/market/quote/NWS:2023:12:15:PUT:22.500000",
      "strikePrice": 22.5,
      "symbol": "NWS",
      "timeStamp": 1688403599,
      "volume": 0
    },
    {
      "OptionGreeks": {
        "currentValue": "true",
        "delta": -0.8199,
        "gamma": 0.07041,
        "iv": 0.36056,
        "rho": -0.04637,
        "theta": -0.00402,
        "vega": 0.03387
      },
      "adjustedFlag": "false",
      "ask": 7.2,
      "askSize": 69,
      "bid": 3.5,
      "bidSize": 92,
      "displaySymbol": "NWS Dec 15 '23 $25 Put",
      "inTheMoney": "y",
      "lastPrice": 0.0,
      "netChange": 0.0,
      "openInterest": 0,
      "optionCategory": "STANDARD",
      "optionRootSymbol": "NWS",
      "optionType": "PUT",
      "osiKey": "NWS---231215P00025000",
      "quoteDetail": "https://api.etrade.com/v1/market/quote/NWS:2023:12:15:PUT:25.000000",
      "strikePrice": 25.0,
      "symbol": "NWS",
      "timeStamp": 1688403300,
      "volume": 0
    },
    {
      "OptionGreeks": {
        "currentValue": "true",
        "delta": -1.0,
        "gamma": 0.0,
        "iv": 0.34841,
        "rho": 0.0,
        "theta": -0.00278,
        "vega": 0.0
      },
      "adjustedFlag": "false",
      "ask": 11.1,
      "askSize": 65,
      "bid": 9.6,
      "bidSize": 92,
      "displaySymbol": "NWS Dec 15 '23 $30 Put",
      "inTheMoney": "y",
      "lastPrice": 0.0,
      "netChange": 0.0,
      "openInterest": 0,
      "optionCategory": "STANDARD",
      "optionRootSymbol": "NWS",
      "optionType": "PUT",
      "osiKey": "NWS---231215P00030000",
      "quoteDetail": "https://api.etrade.com/v1/market/quote/NWS:2023:12:15:PUT:30.000000",
      "strikePrice": 30.0,
      "symbol": "NWS",
      "timeStamp": 1688403300,
      "volume": 0
    },
    {
      "OptionGreeks": {
        "currentValue": "true",
        "delta": 0.99966,
        "gamma": 0.0,
        "iv": 0.39461,
        "rho": 0.00456,
        "theta": 0.0,
        "vega": 0.0
      },
      "adjustedFlag": "false",
      "ask": 19.3,
      "askSize": 67,
      "bid": 16.1,
      "bidSize": 92,
      "displaySymbol": "NWS Dec 15 '23 $2.50 Call",
      "inTheMoney": "y",
      "lastPrice": 0.0,
      "netChange": 0.0,
      "openInterest": 0,
      "optionCategory": "STANDARD",
      "optionRootSymbol": "NWS",
      "optionType": "CALL",
      "osiKey": "NWS---231215C00002500",
      "quoteDetail": "https://api.etrade.com/v1/market/quote/NWS:2023:12:15:CALL:2.500000",
      "strikePrice": 2.5,
      "symbol": "NWS",
      "timeStamp": 1688403300,
      "volume": 0
    },
    {
      "OptionGreeks": {
        "currentValue": "true",
        "delta": 0.99966,
        "gamma": 0.0,
        "iv": 0.39461,
        "rho": 0.00933,
        "theta": 0.0,
        "vega": 0.0
      },
      "adjustedFlag": "false",
      "ask": 16.9,
      "askSize": 67,
      "bid": 13.2,
      "bidSize": 93,
      "displaySymbol": "NWS Dec 15 '23 $5 Call",
      "inTheMoney": "y",
      "lastPrice": 14.4,
      "netChange": 0.0,
      "openInterest": 1,
      "optionCategory": "STANDARD",
      "optionRootSymbol": "NWS",
      "optionType": "CALL",
      "osiKey": "NWS---231215C00005000",
      "quoteDetail": "https://api.etrade.com/v1/market/quote/NWS:2023:12:15:CALL:5.000000",
      "strikePrice": 5.0,
      "symbol": "NWS",
      "timeStamp": 1688403300,
      "volume": 0
    },
    {
      "OptionGreeks": {
        "currentValue": "true",
        "delta": 0.99964,
        "gamma": 2e-05,
        "iv": 0.39461,
        "rho": 0.01416,
        "theta": 0.0,
        "vega": 1e-05
      },
      "adjustedFlag": "false",
      "ask": 14.4,
      "askSize": 67,
      "bid": 10.8,
      "bidSize": 93,
      "displaySymbol": "NWS Dec 15 '23 $7.50 Call",
      "inTheMoney": "y",
      "lastPrice": 0.0,
      "netChange": 0.0,
      "openInterest": 0,
      "optionCategory": "STANDARD",
      "optionRootSymbol": "NWS",
      "optionType": "CALL",
      "osiKey": "NWS---231215C00007500",
      "quoteDetail": "https://api.etrade.com/v1/market/quote/NWS:2023:12:15:CALL:7.500000",
      "strikePrice": 7.5,
      "symbol": "NWS",
      "timeStamp": 1688403300,
      "volume": 0
    },
    {
      "OptionGreeks": {
        "currentValue": "true",
        "delta": 0.99585,
        "gamma": 0.00171,
        "iv": 0.39461,
        "rho": 0.04378,
        "theta": 0.0,
        "vega": 0.00124
      },
      "adjustedFlag": "false",
      "ask": 12.0,
      "askSize": 67,
      "bid": 9.0,
      "bidSize": 92,
      "displaySymbol": "NWS Dec 15 '23 $10 Call",
      "inTheMoney": "y",
      "lastPrice": 0.0,
      "netChange": 0.0,
      "openInterest": 0,
      "optionCategory": "STANDARD",
      "optionRootSymbol": "NWS",
      "optionType": "CALL",
      "osiKey": "NWS---231215C00010000",
      "quoteDetail": "https://api.etrade.com/v1/market/quote/NWS:2023:12:15:CALL:10.000000",
      "strikePrice": 10.0,
      "symbol": "NWS",
      "timeStamp": 1688403300,
      "volume": 0
    },
    {
      "OptionGreeks": {
        "currentValue": "true",
        "delta": 0.9709,
        "gamma": 0.01223,
        "iv": 0.39461,
        "rho": 0.05243,
        "theta": 0.0,
        "vega": 0.00865
      },
      "adjustedFlag": "false",
      "ask": 9.6,
      "askSize": 65,
      "bid": 6.9,
      "bidSize": 92,
      "displaySymbol": "NWS Dec 15 '23 $12.50 Call",
      "inTheMoney": "y",
      "lastPrice": 0.0,
      "netChange": 0.0,
      "openInterest": 0,
      "optionCategory": "STANDARD",
      "optionRootSymbol": "NWS",
      "optionType": "CALL",
      "osiKey": "NWS---231215C00012500",
      "quoteDetail": "https://api.etrade.com/v1/market/quote/NWS:2023:12:15:CALL:12.500000",
      "strikePrice": 12.5,
      "symbol": "NWS",
      "timeStamp": 1688403300,
      "volume": 0
    },
    {
      "OptionGreeks": {
        "currentValue": "true",
        "delta": 0.88911,
        "gamma": 0.03588,
        "iv": 0.39461,
        "rho": 0.05516,
        "theta": -0.00219,
        "vega": 0.02499
      },
      "adjustedFlag": "false",
      "ask": 7.0,
      "askSize": 37,
      "bid": 4.8,
      "bidSize": 65,
      "displaySymbol": "NWS Dec 15 '23 $15 Call",
      "inTheMoney": "y",
      "lastPrice": 4.8,
      "netChange": 0.0,
      "openInterest": 1,
      "optionCategory": "STANDARD",
      "optionRootSymbol": "NWS",
      "optionType": "CALL",
      "osiKey": "NWS---231215C00015000",
      "quoteDetail": "https://api.etrade.com/v1/market/quote/NWS:2023:12:15:CALL:15.000000",
      "strikePrice": 15.0,
      "symbol": "NWS",
      "timeStamp": 1688403300,
      "volume": 0
    },
    {
      "OptionGreeks": {
        "currentValue": "true",
        "delta": 0.74458,
        "gamma": 0.06292,
        "iv": 0.38434,
        "rho": 0.05074,
        "theta": -0.00444,
        "vega": 0.04241
      },
      "adjustedFlag": "false",
      "ask": 4.0,
      "askSize": 37,
      "bid": 2.65,
      "bidSize": 70,
      "displaySymbol": "NWS Dec 15 '23 $17.50 Call",
      "inTheMoney": "y",
      "lastPrice": 2.3,
      "netChange": 0.0,
      "openInterest": 13,
      "optionCategory": "STANDARD",
      "optionRootSymbol": "NWS",
      "optionType": "CALL",
      "osiKey": "NWS---231215C00017500",
      "quoteDetail": "https://api.etrade.com/v1/market/quote/NWS:2023:12:15:CALL:17.500000",
      "strikePrice": 17.5,
      "symbol": "NWS",
      "timeStamp": 1688403599,
      "volume": 0
    },
    {
      "OptionGreeks": {
        "currentValue": "true",
        "delta": 0.55681,
        "gamma": 0.07924,
        "iv": 0.37544,
        "rho": 0.04034,
        "theta": -0.00565,
        "vega": 0.05206
      },
      "adjustedFlag": "false",
      "ask": 4.7,
      "askSize": 87,
      "bid": 0.2,
      "bidSize": 913,
      "displaySymbol": "NWS Dec 15 '23 $20 Call",
      "inTheMoney": "n",
      "lastPrice": 0.0,
      "netChange": 0.0,
      "openInterest": 0,
      "optionCategory": "STANDARD",
      "optionRootSymbol": "NWS",
      "optionType": "CALL",
      "osiKey": "NWS---231215C00020000",
      "quoteDetail": "https://api.etrade.com/v1/market/quote/NWS:2023:12:15:CALL:20.000000",
      "strikePrice": 20.0,
      "symbol": "NWS",
      "timeStamp": 1688403599,
      "volume": 0
    },
    {
      "OptionGreeks": {
        "currentValue": "true",
        "delta": 0.36991,
        "gamma": 0.07737,
        "iv": 0.36758,
        "rho": 0.02787,
        "theta": -0.00539,
        "vega": 0.04985
      },
      "adjustedFlag": "false",
      "ask": 3.8,
      "askSize": 98,
      "bid": 0.0,
      "bidSize": 0,
      "displaySymbol": "NWS Dec 15 '23 $22.50 Call",
      "inTheMoney": "n",
      "lastPrice": 0.0,
      "netChange": 0.0,
      "openInterest": 0,
      "optionCategory": "STANDARD",
      "optionRootSymbol": "NWS",
      "optionType": "CALL",
      "osiKey": "NWS---231215C00022500",
      "quoteDetail": "https://api.etrade.com/v1/market/quote/NWS:2023:12:15:CALL:22.500000",
      "strikePrice": 22.5,
      "symbol": "NWS",
      "timeStamp": 1688403505,
      "volume": 0
    },
    {
      "OptionGreeks": {
        "currentValue": "true",
        "delta": 0.21916,
        "gamma": 0.06169,
        "iv": 0.36056,
        "rho": 0.01693,
        "theta": -0.00416,
        "vega": 0.03919
      },
      "adjustedFlag": "false",
      "ask": 3.3,
      "askSize": 97,
      "bid": 0.0,
      "bidSize": 0,
      "displaySymbol": "NWS Dec 15 '23 $25 Call",
      "inTheMoney": "n",
      "lastPrice": 0.0,
      "netChange": 0.0,
      "openInterest": 0,
      "optionCategory": "STANDARD",
      "optionRootSymbol": "NWS",
      "optionType": "CALL",
      "osiKey": "NWS---231215C00025000",
      "quoteDetail": "https://api.etrade.com/v1/market/quote/NWS:2023:12:15:CALL:25.000000",
      "strikePrice": 25.0,
      "symbol": "NWS",
      "timeStamp": 1688403599,
      "volume": 0
    },
    {
      "OptionGreeks": {
        "currentValue": "true",
        "delta": 0.0564,
        "gamma": 0.02447,
        "iv": 0.34841,
        "rho": 0.00447,
        "theta": -0.00153,
        "vega": 0.0153
      },
      "adjustedFlag": "false",
      "ask": 0.2,
      "askSize": 45,
      "bid": 0.0,
      "bidSize": 0,
      "displaySymbol": "NWS Dec 15 '23 $30 Call",
      "inTheMoney": "n",
      "lastPrice": 0.15,
      "netChange": 0.0,
      "openInterest": 45,
      "optionCategory": "STANDARD",
      "optionRootSymbol": "NWS",
      "optionType": "CALL",
      "osiKey": "NWS---231215C00030000",
      "quoteDetail": "https://api.etrade.com/v1/market/quote/NWS:2023:12:15:CALL:30.000000",
      "strikePrice": 30.0,
      "symbol": "NWS",
      "timeStamp": 1688403536,
      "volume": 0
    }
  ],
  "2024-01-19": [
    {
      "OptionGreeks": {
        "currentValue": "true",
        "delta": 0.0,
        "gamma": 0.0,
        "iv": 0.38962,
        "rho": 0.0,
        "theta": 0.0,
        "vega": 0.0
      },
      "adjustedFlag": "false",
      "ask": 0.05,
      "askSize": 75,
      "bid": 0.0,
      "bidSize": 0,
      "displaySymbol": "NWS Jan 19 '24 $2.50 Put",
      "inTheMoney": "n",
      "lastPrice": 0.0,
      "netChange": 0.0,
      "openInterest": 0,
      "optionCategory": "STANDARD",
      "optionRootSymbol": "NWS",
      "optionType": "PUT",
      "osiKey": "NWS---240119P00002500",
      "quoteDetail": "https://api.etrade.com/v1/market/quote/NWS:2024:1:19:PUT:2.500000",
      "strikePrice": 2.5,
      "symbol": "NWS",
      "timeStamp": 1688397374,
      "volume": 0
    },
    {
      "OptionGreeks": {
        "currentValue": "true",
        "delta": 0.0,
        "gamma": 0.0,
        "iv": 0.38962,
        "rho": 0.0,
        "theta": 0.0,
        "vega": 0.0
      },
      "adjustedFlag": "false",
      "ask": 1.55,
      "askSize": 102,
      "bid": 0.0,
      "bidSize": 0,
      "displaySymbol": "NWS Jan 19 '24 $5 Put",
      "inTheMoney": "n",
      "lastPrice": 0.1,
      "netChange": 0.0,
      "openInterest": 10,
      "optionCategory": "STANDARD",
      "optionRootSymbol": "NWS",
      "optionType": "PUT",
      "osiKey": "NWS---240119P00005000",
      "quoteDetail": "https://api.etrade.com/v1/market/quote/NWS:2024:1:19:PUT:5.000000",
      "strikePrice": 5.0,
      "symbol": "NWS",
      "timeStamp": 1688403300,
      "volume": 0
    },
    {
      "OptionGreeks": {
        "currentValue": "true",
        "delta": -0.00015,
        "gamma": 0.0001,
        "iv": 0.38962,
        "rho": -2e-05,
        "theta": -1e-05,
        "vega": 9e-05
      },
      "adjustedFlag": "false",
      "ask": 1.45,
      "askSize": 102,
      "bid": 0.0,
      "bidSize": 0,
      "displaySymbol": "NWS Jan 19 '24 $7.50 Put",
      "inTheMoney": "n",
      "lastPrice": 0.0,
      "netChange": 0.0,
      "openInterest": 0,
      "optionCategory": "STANDARD",
      "optionRootSymbol": "NWS",
      "optionType": "PUT",
      "osiKey": "NWS---240119P00007500",
      "quoteDetail": "https://api.etrade.com/v1/market/quote/NWS:2024:1:19:PUT:7.500000",
      "strikePrice": 7.5,
      "symbol": "NWS",
      "timeStamp": 1688403300,
      "volume": 0
    },
    {
      "OptionGreeks": {
        "currentValue": "true",
        "delta": -0.0046,
        "gamma": 0.00237,
        "iv": 0.38962,
        "rho": -0.0005,
        "theta": -0.00018,
        "vega": 0.00204
      },
      "adjustedFlag": "false",
      "ask": 1.55,
      "askSize": 102,
      "bid": 0.0,
      "bidSize": 0,
      "displaySymbol": "NWS Jan 19 '24 $10 Put",
      "inTheMoney": "n",
      "lastPrice": 0.0,
      "netChange": 0.0,
      "openInterest": 0,
      "optionCategory": "STANDARD",
      "optionRootSymbol": "NWS",
      "optionType": "PUT",
      "osiKey": "NWS---240119P00010000",
      "quoteDetail": "https://api.etrade.com/v1/market/quote/NWS:2024:1:19:PUT:10.000000",
      "strikePrice": 10.0,
      "symbol": "NWS",
      "timeStamp": 1688403300,
      "volume": 0
    },
    {
      "OptionGreeks": {
        "currentValue": "true",
        "delta": -0.03402,
        "gamma": 0.01342,
        "iv": 0.38962,
        "rho": -0.00375,
        "theta": -0.00105,
        "vega": 0.01121
      },
      "adjustedFlag": "false",
      "ask": 0.9,
      "askSize": 102,
      "bid": 0.0,
      "bidSize": 0,
      "displaySymbol": "NWS Jan 19 '24 $12.50 Put",
      "inTheMoney": "n",
      "lastPrice": 0.0,
      "netChange": 0.0,
      "openInterest": 0,
      "optionCategory": "STANDARD",
      "optionRootSymbol": "NWS",
      "optionType": "PUT",
      "osiKey": "NWS---240119P00012500",
      "quoteDetail": "https://api.etrade.com/v1/market/quote/NWS:2024:1:19:PUT:12.500000",
      "strikePrice": 12.5,
      "symbol": "NWS",
      "timeStamp": 1688403300,
      "volume": 0
    },
    {
      "OptionGreeks": {
        "currentValue": "true",
        "delta": -0.11795,
        "gamma": 0.03553,
        "iv": 0.38962,
        "rho": -0.01286,
        "theta": -0.00279,
        "vega": 0.02897
      },
      "adjustedFlag": "false",
      "ask": 1.15,
      "askSize": 102,
      "bid": 0.0,
      "bidSize": 0,
      "displaySymbol": "NWS Jan 19 '24 $15 Put",
      "inTheMoney": "n",
      "lastPrice": 0.0,
      "netChange": 0.0,
      "openInterest": 0,
      "optionCategory": "STANDARD",
      "optionRootSymbol": "NWS",
      "optionType": "PUT",
      "osiKey": "NWS---240119P00015000",
      "quoteDetail": "https://api.etrade.com/v1/market/quote/NWS:2024:1:19:PUT:15.000000",
      "strikePrice": 15.0,
      "symbol": "NWS",
      "timeStamp": 1688403534,
      "volume": 0
    },
    {
      "OptionGreeks": {
        "currentValue": "true",
        "delta": -0.2619,
        "gamma": 0.05977,
        "iv": 0.38962,
        "rho": -0.02735,
        "theta": -0.00467,
        "vega": 0.04731
      },
      "adjustedFlag": "false",
      "ask": 1.9,
      "askSize": 86,
      "bid": 0.0,
      "bidSize": 0,
      "displaySymbol": "NWS Jan 19 '24 $17.50 Put",
      "inTheMoney": "n",
      "lastPrice": 0.0,
      "netChange": 0.0,
      "openInterest": 0,
      "optionCategory": "STANDARD",
      "optionRootSymbol": "NWS",
      "optionType": "PUT",
      "osiKey": "NWS---240119P00017500",
      "quoteDetail": "https://api.etrade.com/v1/market/quote/NWS:2024:1:19:PUT:17.500000",
      "strikePrice": 17.5,
      "symbol": "NWS",
      "timeStamp": 1688403534,
      "volume": 0
    },
    {
      "OptionGreeks": {
        "currentValue": "true",
        "delta": -0.44032,
        "gamma": 0.07496,
        "iv": 0.38962,
        "rho": -0.0426,
        "theta": -0.00575,
        "vega": 0.05686
      },
      "adjustedFlag": "false",
      "ask": 3.1,
      "askSize": 88,
      "bid": 0.2,
      "bidSize": 752,
      "displaySymbol": "NWS Jan 19 '24 $20 Put",
      "inTheMoney": "y",
      "lastPrice": 0.0,
      "netChange": 0.0,
      "openInterest": 0,
      "optionCategory": "STANDARD",
      "optionRootSymbol": "NWS",
      "optionType": "PUT",
      "osiKey": "NWS---240119P00020000",
      "quoteDetail": "https://api.etrade.com/v1/market/quote/NWS:2024:1:19:PUT:20.000000",
      "strikePrice": 20.0,
      "symbol": "NWS",
      "timeStamp": 1688403599,
      "volume": 0
    },
    {
      "OptionGreeks": {
        "currentValue": "true",
        "delta": -0.6179,
        "gamma": 0.07702,
        "iv": 0.38962,
        "rho": -0.05277,
        "theta": -0.00568,
        "vega": 0.05452
      },
      "adjustedFlag": "false",
      "ask": 5.0,
      "askSize": 76,
      "bid": 3.0,
      "bidSize": 65,
      "displaySymbol": "NWS Jan 19 '24 $22.50 Put",
      "inTheMoney": "y",
      "lastPrice": 0.0,
      "netChange": 0.0,
      "openInterest": 0,
      "optionCategory": "STANDARD",
      "optionRootSymbol": "NWS",
      "optionType": "PUT",
      "osiKey": "NWS---240119P00022500",
      "quoteDetail": "https://api.etrade.com/v1/market/quote/NWS:2024:1:19:PUT:22.500000",
      "strikePrice": 22.5,
      "symbol": "NWS",
      "timeStamp": 1688403599,
      "volume": 0
    },
    {
      "OptionGreeks": {
        "currentValue": "true",
        "delta": -0.80614,
        "gamma": 0.07821,
        "iv": 0.36103,
        "rho": -0.04572,
        "theta": -0.00457,
        "vega": 0.03842
      },
      "adjustedFlag": "false",
      "ask": 7.5,
      "askSize": 67,
      "bid": 4.9,
      "bidSize": 92,
      "displaySymbol": "NWS Jan 19 '24 $25 Put",
      "inTheMoney": "y",
      "lastPrice": 0.0,
      "netChange": 0.0,
      "openInterest": 0,
      "optionCategory": "STANDARD",
      "optionRootSymbol": "NWS",
      "optionType": "PUT",
      "osiKey": "NWS---240119P00025000",
      "quoteDetail": "https://api.etrade.com/v1/market/quote/NWS:2024:1:19:PUT:25.000000",
      "strikePrice": 25.0,
      "symbol": "NWS",
      "timeStamp": 1688403300,
      "volume": 0
    },
    {
      "OptionGreeks": {
        "currentValue": "true",
        "delta": -0.97065,
        "gamma": 0.04821,
        "iv": 0.41713,
        "rho": -0.01324,
        "theta": -0.0041,
        "vega": 0.00853
      },
      "adjustedFlag": "false",
      "ask": 11.1,
      "askSize": 65,
      "bid": 9.6,
      "bidSize": 92,
      "displaySymbol": "NWS Jan 19 '24 $30 Put",
      "inTheMoney": "y",
      "lastPrice": 0.0,
      "netChange": 0.0,
      "openInterest": 0,
      "optionCategory": "STANDARD",
      "optionRootSymbol": "NWS",
      "optionType": "PUT",
      "osiKey": "NWS---240119P00030000",
      "quoteDetail": "https://api.etrade.com/v1/market/quote/NWS:2024:1:19:PUT:30.000000",
      "strikePrice": 30.0,
      "symbol": "NWS",
      "timeStamp": 1688403300,
      "volume": 0
    },
    {
      "OptionGreeks": {
        "currentValue": "true",
        "delta": -0.98059,
        "gamma": 0.02756,
        "iv": 0.52356,
        "rho": 0.0,
        "theta": -0.00394,
        "vega": 0.00265
      },
      "adjustedFlag": "false",
      "ask": 16.5,
      "askSize": 65,
      "bid": 14.1,
      "bidSize": 92,
      "displaySymbol": "NWS Jan 19 '24 $35 Put",
      "inTheMoney": "y",
      "lastPrice": 0.0,
      "netChange": 0.0,
      "openInterest": 0,
      "optionCategory": "STANDARD",
      "optionRootSymbol": "NWS",
      "optionType": "PUT",
      "osiKey": "NWS---240119P00035000",
      "quoteDetail": "https://api.etrade.com/v1/market/quote/NWS:2024:1:19:PUT:35.000000",
      "strikePrice": 35.0,
      "symbol": "NWS",
      "timeStamp": 1688403300,
      "volume": 0
    },
    {
      "OptionGreeks": {
        "currentValue": "true",
        "delta": 1.0,
        "gamma": 0.0,
        "iv": 0.38962,
        "rho": 0.01288,
        "theta": 0.0,
        "vega": 0.0
      },
      "adjustedFlag": "false",
      "ask": 19.3,
      "askSize": 67,
      "bid": 16.0,
      "bidSize": 93,
      "displaySymbol": "NWS Jan 19 '24 $2.50 Call",
      "inTheMoney": "y",
      "lastPrice": 0.0,
      "netChange": 0.0,
      "openInterest": 0,
      "optionCategory": "STANDARD",
      "optionRootSymbol": "NWS",
      "optionType": "CALL",
      "osiKey": "NWS---240119C00002500",
      "quoteDetail": "https://api.etrade.com/v1/market/quote/NWS:2024:1:19:CALL:2.500000",
      "strikePrice": 2.5,
      "symbol": "NWS",
      "timeStamp": 1688403300,
      "volume": 0
    },
    {
      "OptionGreeks": {
        "currentValue": "true",
        "delta": 1.0,
        "gamma": 0.0,
        "iv": 0.38962,
        "rho": 0.02626,
        "theta": 0.0,
        "vega": 0.0
      },
      "adjustedFlag": "false",
      "ask": 16.9,
      "askSize": 67,
      "bid": 13.6,
      "bidSize": 93,
      "displaySymbol": "NWS Jan 19 '24 $5 Call",
      "inTheMoney": "y",
      "lastPrice": 0.0,
      "netChange": 0.0,
      "openInterest": 0,
      "optionCategory": "STANDARD",
      "optionRootSymbol": "NWS",
      "optionType": "CALL",
      "osiKey": "NWS---240119C00005000",
      "quoteDetail": "https://api.etrade.com/v1/market/quote/NWS:2024:1:19:CALL:5.000000",
      "strikePrice": 5.0,
      "symbol": "NWS",
      "timeStamp": 1688403300,
      "volume": 0
    },
    {
      "OptionGreeks": {
        "currentValue": "true",
        "delta": 1.0,
        "gamma": 0.0001,
        "iv": 0.38962,
        "rho": 0.03962,
        "theta": 0.0,
        "vega": 9e-05
      },
      "adjustedFlag": "false",
      "ask": 14.5,
      "askSize": 67,
      "bid": 11.2,
      "bidSize": 93,
      "displaySymbol": "NWS Jan 19 '24 $7.50 Call",
      "inTheMoney": "y",
      "lastPrice": 0.0,
      "netChange": 0.0,
      "openInterest": 0,
      "optionCategory": "STANDARD",
      "optionRootSymbol": "NWS",
      "optionType": "CALL",
      "osiKey": "NWS---240119C00007500",
      "quoteDetail": "https://api.etrade.com/v1/market/quote/NWS:2024:1:19:CALL:7.500000",
      "strikePrice": 7.5,
      "symbol": "NWS",
      "timeStamp": 1688403300,
      "volume": 0
    },
    {
      "OptionGreeks": {
        "currentValue": "true",
        "delta": 1.0,
        "gamma": 0.00233,
        "iv": 0.38962,
        "rho": 0.05249,
        "theta": 0.0,
        "vega": 0.00201
      },
      "adjustedFlag": "false",
      "ask": 12.1,
      "askSize": 67,
      "bid": 9.3,
      "bidSize": 93,
      "displaySymbol": "NWS Jan 19 '24 $10 Call",
      "inTheMoney": "y",
      "lastPrice": 0.0,
      "netChange": 0.0,
      "openInterest": 0,
      "optionCategory": "STANDARD",
      "optionRootSymbol": "NWS",
      "optionType": "CALL",
      "osiKey": "NWS---240119C00010000",
      "quoteDetail": "https://api.etrade.com/v1/market/quote/NWS:2024:1:19:CALL:10.000000",
      "strikePrice": 10.0,
      "symbol": "NWS",
      "timeStamp": 1688403300,
      "volume": 0
    },
    {
      "OptionGreeks": {
        "currentValue": "true",
        "delta": 0.97684,
        "gamma": 0.01306,
        "iv": 0.38962,
        "rho": 0.06242,
        "theta": 0.0,
        "vega": 0.01102
      },
      "adjustedFlag": "false",
      "ask": 9.8,
      "askSize": 65,
      "bid": 7.0,
      "bidSize": 93,
      "displaySymbol": "NWS Jan 19 '24 $12.50 Call",
      "inTheMoney": "y",
      "lastPrice": 0.0,
      "netChange": 0.0,
      "openInterest": 0,
      "optionCategory": "STANDARD",
      "optionRootSymbol": "NWS",
      "optionType": "CALL",
      "osiKey": "NWS---240119C00012500",
      "quoteDetail": "https://api.etrade.com/v1/market/quote/NWS:2024:1:19:CALL:12.500000",
      "strikePrice": 12.5,
      "symbol": "NWS",
      "timeStamp": 1688403517,
      "volume": 0
    },
    {
      "OptionGreeks": {
        "currentValue": "true",
        "delta": 0.89572,
        "gamma": 0.03413,
        "iv": 0.38962,
        "rho": 0.06557,
        "theta": -0.00193,
        "vega": 0.02845
      },
      "adjustedFlag": "false",
      "ask": 7.2,
      "askSize": 66,
      "bid": 4.8,
      "bidSize": 66,
      "displaySymbol": "NWS Jan 19 '24 $15 Call",
      "inTheMoney": "y",
      "lastPrice": 0.0,
      "netChange": 0.0,
      "openInterest": 0,
      "optionCategory": "STANDARD",
      "optionRootSymbol": "NWS",
      "optionType": "CALL",
      "osiKey": "NWS---240119C00015000",
      "quoteDetail": "https://api.etrade.com/v1/market/quote/NWS:2024:1:19:CALL:15.000000",
      "strikePrice": 15.0,
      "symbol": "NWS",
      "timeStamp": 1688403517,
      "volume": 0
    },
    {
      "OptionGreeks": {
        "currentValue": "true",
        "delta": 0.75878,
        "gamma": 0.05634,
        "iv": 0.38962,
        "rho": 0.06068,
        "theta": -0.00399,
        "vega": 0.04666
      },
      "adjustedFlag": "false",
      "ask": 5.2,
      "askSize": 72,
      "bid": 3.0,
      "bidSize": 77,
      "displaySymbol": "NWS Jan 19 '24 $17.50 Call",
      "inTheMoney": "y",
      "lastPrice": 0.0,
      "netChange": 0.0,
      "openInterest": 0,
      "optionCategory": "STANDARD",
      "optionRootSymbol": "NWS",
      "optionType": "CALL",
      "osiKey": "NWS---240119C00017500",
      "quoteDetail": "https://api.etrade.com/v1/market/quote/NWS:2024:1:19:CALL:17.500000",
      "strikePrice": 17.5,
      "symbol": "NWS",
      "timeStamp": 1688403599,
      "volume": 0
    },
    {
      "OptionGreeks": {
        "currentValue": "true",
        "delta": 0.5924,
        "gamma": 0.0692,
        "iv": 0.38962,
        "rho": 0.05019,
        "theta": -0.00524,
        "vega": 0.0572
      },
      "adjustedFlag": "false",
      "ask": 3.4,
      "askSize": 73,
      "bid": 0.3,
      "bidSize": 777,
      "displaySymbol": "NWS Jan 19 '24 $20 Call",
      "inTheMoney": "n",
      "lastPrice": 0.0,
      "netChange": 0.0,
      "openInterest": 0,
      "optionCategory": "STANDARD",
      "optionRootSymbol": "NWS",
      "optionType": "CALL",
      "osiKey": "NWS---240119C00020000",
      "quoteDetail": "https://api.etrade.com/v1/market/quote/NWS:2024:1:19:CALL:20.000000",
      "strikePrice": 20.0,
      "symbol": "NWS",
      "timeStamp": 1688403599,
      "volume": 0
    },
    {
      "OptionGreeks": {
        "currentValue": "true",
        "delta": 0.43013,
        "gamma": 0.06961,
        "iv": 0.38962,
        "rho": 0.03785,
        "theta": -0.0054,
        "vega": 0.05758
      },
      "adjustedFlag": "false",
      "ask": 2.15,
      "askSize": 111,
      "bid": 0.65,
      "bidSize": 230,
      "displaySymbol": "NWS Jan 19 '24 $22.50 Call",
      "inTheMoney": "n",
      "lastPrice": 0.0,
      "netChange": 0.0,
      "openInterest": 0,
      "optionCategory": "STANDARD",
      "optionRootSymbol": "NWS",
      "optionType": "CALL",
      "osiKey": "NWS---240119C00022500",
      "quoteDetail": "https://api.etrade.com/v1/market/quote/NWS:2024:1:19:CALL:22.500000",
      "strikePrice": 22.5,
      "symbol": "NWS",
      "timeStamp": 1688403534,
      "volume": 0
    },
    {
      "OptionGreeks": {
        "currentValue": "true",
        "delta": 0.27171,
        "gamma": 0.06319,
        "iv": 0.36103,
        "rho": 0.02489,
        "theta": -0.00425,
        "vega": 0.0486
      },
      "adjustedFlag": "false",
      "ask": 1.35,
      "askSize": 97,
      "bid": 0.0,
      "bidSize": 0,
      "displaySymbol": "NWS Jan 19 '24 $25 Call",
      "inTheMoney": "n",
      "lastPrice": 0.0,
      "netChange": 0.0,
      "openInterest": 0,
      "optionCategory": "STANDARD",
      "optionRootSymbol": "NWS",
      "optionType": "CALL",
      "osiKey": "NWS---240119C00025000",
      "quoteDetail": "https://api.etrade.com/v1/market/quote/NWS:2024:1:19:CALL:25.000000",
      "strikePrice": 25.0,
      "symbol": "NWS",
      "timeStamp": 1688403534,
      "volume": 0
    },
    {
      "OptionGreeks": {
        "currentValue": "true",
        "delta": 0.14126,
        "gamma": 0.0368,
        "iv": 0.41713,
        "rho": 0.01295,
        "theta": -0.00331,
        "vega": 0.03291
      },
      "adjustedFlag": "false",
      "ask": 0.75,
      "askSize": 102,
      "bid": 0.0,
      "bidSize": 0,
      "displaySymbol": "NWS Jan 19 '24 $30 Call",
      "inTheMoney": "n",
      "lastPrice": 0.0,
      "netChange": 0.0,
      "openInterest": 0,
      "optionCategory": "STANDARD",
      "optionRootSymbol": "NWS",
      "optionType": "CALL",
      "osiKey": "NWS---240119C00030000",
      "quoteDetail": "https://api.etrade.com/v1/market/quote/NWS:2024:1:19:CALL:30.000000",
      "strikePrice": 30.0,
      "symbol": "NWS",
      "timeStamp": 1688403300,
      "volume": 0
    },
    {
      "OptionGreeks": {
        "currentValue": "true",
        "delta": 0.11919,
        "gamma": 0.02603,
        "iv": 0.52356,
        "rho": 0.01059,
        "theta": -0.00369,
        "vega": 0.02916
      },
      "adjustedFlag": "false",
      "ask": 0.75,
      "askSize": 102,
      "bid": 0.0,
      "bidSize": 0,
      "displaySymbol": "NWS Jan 19 '24 $35 Call",
      "inTheMoney": "n",
      "lastPrice": 0.0,
      "netChange": 0.0,
      "openInterest": 0,
      "optionCategory": "STANDARD",
      "optionRootSymbol": "NWS",
      "optionType": "CALL",
      "osiKey": "NWS---240119C00035000",
      "quoteDetail": "https://api.etrade.com/v1/market/quote/NWS:2024:1:19:CALL:35.000000",
      "strikePrice": 35.0,
      "symbol": "NWS",
      "timeStamp": 1688403300,
      "volume": 0
    }
  ],
  "quote": {
    "ExtendedHourQuoteDetail": {
      "ask": 20.0,
      "askSize": 100,
      "bid": 19.44,
      "bidSize": 200,
      "change": 0.05,
      "lastPrice": 19.77,
      "percentChange": 0.25,
      "quoteStatus": "EH_REALTIME",
      "timeOfLastTrade": 1688405279,
      "timeZone": "EST",
      "volume": 264085
    },
    "adjustedFlag": "false",
    "ahFlag": "true",
    "ask": 20.0,
    "askSize": 100,
    "askTime": "13:27:59 EDT 07-03-2023",
    "averageVolume": 734973,
    "beta": 1.16,
    "bid": 19.44,
    "bidExchange": null,
    "bidSize": 200,
    "bidTime": "13:27:59 EDT 07-03-2023",
    "cashDeliverable": 0,
    "changeClose": 0.05,
    "changeClosePercentage": 0.25,
    "companyName": "NEWS CORP NEW CL B",
    "contractSize": 0.0,
    "dateTime": "13:27:59 EDT 07-03-2023",
    "dateTimeUTC": 1688405279,
    "daysToExpiration": 0,
    "declaredDividend": 0.1,
    "dirLast": 0,
    "dividend": 0.1,
    "dividendPayableDate": 1681324169,
    "eps": 0.0,
    "estEarnings": 0.0,
    "exDividendDate": 1678818569,
    "expirationDate": 0,
    "hasMiniOptions": "false",
    "high": 19.82,
    "high52": 21.86,
    "intrinsicValue": 0.0,
    "lastTrade": 19.77,
    "low": 19.6,
    "low52": 15.15,
    "marketCap": 11337363510.0,
    "nextEarningDate": null,
    "open": 19.64,
    "openInterest": 0,
    "optionMultiplier": 0.0,
    "optionStyle": null,
    "optionUnderlier": null,
    "pe": 23.7954,
    "previousClose": 19.72,
    "previousDayVolume": 871447,
    "primaryExchange": "NSDQ",
    "quoteStatus": "CLOSING",
    "securityType": "EQ",
    "sharesOutstanding": 573463000,
    "symbol": "NWS",
    "symbolDescription": "NEWS CORP NEW CL B",
    "timeOfLastTrade": 1688403600,
    "timePremium": 0.0,
    "totalVolume": 264085,
    "upc": 0,
    "week52HiDate": 1675366169,
    "week52LowDate": 1668022169,
    "yield": 1.0142
  }
}