{
  "2023-07-21": [
    {
      "OptionGreeks": {
        "currentValue": "true",
        "delta": 0.0,
        "gamma": 0.0,
        "iv": 0.41006,
        "rho": 0.0,
        "theta": 0.0,
        "vega": 0.0
      },
      "adjustedFlag": "false",
      "ask": 0.05,
      "askSize": 43,
      "bid": 0.0,
      "bidSize": 0,
      "displaySymbol": "PACK Jul 21 '23 $2.50 Put",
      "inTheMoney": "n",
      "lastPrice": 0.0,
      "netChange": 0.0,
      "openInterest": 0,
      "optionCategory": "STANDARD",
      "optionRootSymbol": "PACK",
      "optionType": "PUT",
      "osiKey": "PACK--230721P00002500",
      "quoteDetail": "https://api.etrade.com/v1/market/quote/PACK:2023:7:21:PUT:2.500000",
      "strikePrice": 2.5,
      "symbol": "PACK",
      "timeStamp": 1688403599,
      "volume": 0
    },
    {
      "OptionGreeks": {
        "currentValue": "true",
        "delta": -0.85083,
        "gamma": 0.53869,
        "iv": 0.41006,
        "rho": -0.00218,
        "theta": -0.00247,
        "vega": 0.00228
      },
      "adjustedFlag": "false",
      "ask": 0.4,
      "askSize": 58,
      "bid": 0.3,
      "bidSize": 14,
      "displaySymbol": "PACK Jul 21 '23 $5 Put",
      "inTheMoney": "y",
      "lastPrice": 0.0,
      "netChange": 0.0,
      "openInterest": 0,
      "optionCategory": "STANDARD",
      "optionRootSymbol": "PACK",
      "optionType": "PUT",
      "osiKey": "PACK--230721P00005000",
      "quoteDetail": "https://api.etrade.com/v1/market/quote/PACK:2023:7:21:PUT:5.000000",
      "strikePrice": 5.0,
      "symbol": "PACK",
      "timeStamp": 1688403591,
      "volume": 0
    },
    {
      "OptionGreeks": {
        "currentValue": "true",
        "delta": -0.99283,
        "gamma": 3e-05,
        "iv": 0.41006,
        "rho": -0.00378,
        "theta": 0.0,
        "vega": 0.0
      },
      "adjustedFlag": "false",
      "ask": 3.8,
      "askSize": 73,
      "bid": 1.95,
      "bidSize": 103,
      "displaySymbol": "PACK Jul 21 '23 $7.50 Put",
      "inTheMoney": "y",
      "lastPrice": 0.0,
      "netChange": 0.0,
      "openInterest": 0,
      "optionCategory": "STANDARD",
      "optionRootSymbol": "PACK",
      "optionType": "PUT",
      "osiKey": "PACK--230721P00007500",
      "quoteDetail": "https://api.etrade.com/v1/market/quote/PACK:2023:7:21:PUT:7.500000",
      "strikePrice": 7.5,
      "symbol": "PACK",
      "timeStamp": 1688403585,
      "volume": 0
    },
    {
      "OptionGreeks": {
        "currentValue": "true",
        "delta": 1.0,
        "gamma": 0.0,
        "iv": 0.41006,
        "rho": 0.0,
        "theta": -0.00116,
        "vega": 0.0
      },
      "adjustedFlag": "false",
      "ask": 2.35,
      "askSize": 14,
      "bid": 1.95,
      "bidSize": 103,
      "displaySymbol": "PACK Jul 21 '23 $2.50 Call",
      "inTheMoney": "y",
      "lastPrice": 0.0,
      "netChange": 0.0,
      "openInterest": 0,
      "optionCategory": "STANDARD",
      "optionRootSymbol": "PACK",
      "optionType": "CALL",
      "osiKey": "PACK--230721C00002500",
      "quoteDetail": "https://api.etrade.com/v1/market/quote/PACK:2023:7:21:CALL:2.500000",
      "strikePrice": 2.5,
      "symbol": "PACK",
      "timeStamp": 1688403599,
      "volume": 0
    },
    {
      "OptionGreeks": {
        "currentValue": "true",
        "delta": 0.14311,
        "gamma": 0.54412,
        "iv": 0.41006,
        "rho": 0.00028,
        "theta": -0.00256,
        "vega": 0.00229
      },
      "adjustedFlag": "false",
      "ask": 0.1,
      "askSize": 100,
      "bid": 0.05,
      "bidSize": 107,
      "displaySymbol": "PACK Jul 21 '23 $5 Call",
      "inTheMoney": "n",
      "lastPrice": 0.05,
      "netChange": 0.0,
      "openInterest": 94,
      "optionCategory": "STANDARD",
      "optionRootSymbol": "PACK",
      "optionType": "CALL",
      "osiKey": "PACK--230721C00005000",
      "quoteDetail": "https://api.etrade.com/v1/market/quote/PACK:2023:7:21:CALL:5.000000",
      "strikePrice": 5.0,
      "symbol": "PACK",
      "timeStamp": 1688403599,
      "volume": 0
    },
    {
      "OptionGreeks": {
        "currentValue": "true",
        "delta": 0.0,
        "gamma": 0.0,
        "iv": 0.41006,
        "rho": 0.0,
        "theta": 0.0,
        "vega": 0.0
      },
      "adjustedFlag": "false",
      "ask": 0.05,
      "askSize": 53,
      "bid": 0.0,
      "bidSize": 0,
      "displaySymbol": "PACK Jul 21 '23 $7.50 Call",
      "inTheMoney": "n",
      "lastPrice": 0.0,
      "netChange": 0.0,
      "openInterest": 0,
      "optionCategory": "STANDARD",
      "optionRootSymbol": "PACK",
      "optionType": "CALL",
      "osiKey": "PACK--230721C00007500",
      "quoteDetail": "https://api.etrade.com/v1/market/quote/PACK:2023:7:21:CALL:7.500000",
      "strikePrice": 7.5,
      "symbol": "PACK",
      "timeStamp": 1688403599,
      "volume": 0
    }
  ],
  "2023-08-18": [
    {
      "OptionGreeks": {
        "currentValue": "true",
        "delta": -0.00041,
        "gamma": 0.00174,
        "iv": 0.51956,
        "rho": 0.0,
        "theta": -1e-05,
        "vega": 2e-05
      },
      "adjustedFlag": "false",
      "ask": 0.25,
      "askSize": 223,
      "bid": 0.0,
      "bidSize": 0,
      "displaySymbol": "PACK Aug 18 '23 $2.50 Put",
      "inTheMoney": "n",
      "lastPrice": 0.0,
      "netChange": 0.0,
      "openInterest": 0,
      "optionCategory": "STANDARD",
      "optionRootSymbol": "PACK",
      "optionType": "PUT",
      "osiKey": "PACK--230818P00002500",
      "quoteDetail": "https://api.etrade.com/v1/market/quote/PACK:2023:8:18:PUT:2.500000",
      "strikePrice": 2.5,
      "symbol": "PACK",
      "timeStamp": 1688398980,
      "volume": 0
    },
    {
      "OptionGreeks": {
        "currentValue": "true",
        "delta": -0.66261,
        "gamma": 0.4469,
        "iv": 0.51956,
        "rho": -0.00338,
        "theta": -0.00333,
        "vega": 0.00587
      },
      "adjustedFlag": "false",
      "ask": 0.55,
      "askSize": 38,
      "bid": 0.4,
      "bidSize": 123,
      "displaySymbol": "PACK Aug 18 '23 $5 Put",
      "inTheMoney": "y",
      "lastPrice": 0.63,
      "netChange": 0.0,
      "openInterest": 25,
      "optionCategory": "STANDARD",
      "optionRootSymbol": "PACK",
      "optionType": "PUT",
      "osiKey": "PACK--230818P00005000",
      "quoteDetail": "https://api.etrade.com/v1/market/quote/PACK:2023:8:18:PUT:5.000000",
      "strikePrice": 5.0,
      "symbol": "PACK",
      "timeStamp": 1688403578,
      "volume": 0
    },
    {
      "OptionGreeks": {
        "currentValue": "true",
        "delta": -0.89544,
        "gamma": 0.1253,
        "iv": 1.00577,
        "rho": -0.00427,
        "theta": -0.00311,
        "vega": 0.00286
      },
      "adjustedFlag": "false",
      "ask": 3.6,
      "askSize": 14,
      "bid": 2.05,
      "bidSize": 14,
      "displaySymbol": "PACK Aug 18 '23 $7.50 Put",
      "inTheMoney": "y",
      "lastPrice": 3.45,
      "netChange": 0.0,
      "openInterest": 0,
      "optionCategory": "STANDARD",
      "optionRootSymbol": "PACK",
      "optionType": "PUT",
      "osiKey": "PACK--230818P00007500",
      "quoteDetail": "https://api.etrade.com/v1/market/quote/PACK:2023:8:18:PUT:7.500000",
      "strikePrice": 7.5,
      "symbol": "PACK",
      "timeStamp": 1688403596,
      "volume": 0
    },
    {
      "OptionGreeks": {
        "currentValue": "true",
        "delta": -0.99688,
        "gamma": 0.02085,
        "iv": 1.00577,
        "rho": 0.0,
        "theta": -0.00052,
        "vega": 0.0
      },
      "adjustedFlag": "false",
      "ask": 6.2,
      "askSize": 66,
      "bid": 4.4,
      "bidSize": 100,
      "displaySymbol": "PACK Aug 18 '23 $10 Put",
      "inTheMoney": "y",
      "lastPrice": 4.08,
      "netChange": 0.0,
      "openInterest": 0,
      "optionCategory": "STANDARD",
      "optionRootSymbol": "PACK",
      "optionType": "PUT",
      "osiKey": "PACK--230818P00010000",
      "quoteDetail": "https://api.etrade.com/v1/market/quote/PACK:2023:8:18:PUT:10.000000",
      "strikePrice": 10.0,
      "symbol": "PACK",
      "timeStamp": 1688403599,
      "volume": 0
    },
    {
      "OptionGreeks": {
        "currentValue": "true",
        "delta": -1.0,
        "gamma": 0.0,
        "iv": 1.00577,
        "rho": 0.0,
        "theta": -0.00052,
        "vega": 0.0
      },
      "adjustedFlag": "false",
      "ask": 9.0,
      "askSize": 70,
      "bid": 6.9,
      "bidSize": 103,
      "displaySymbol": "PACK Aug 18 '23 $12.50 Put",
      "inTheMoney": "y",
      "lastPrice": 0.0,
      "netChange": 0.0,
      "openInterest": 0,
      "optionCategory": "STANDARD",
      "optionRootSymbol": "PACK",
      "optionType": "PUT",
      "osiKey": "PACK--230818P00012500",
      "quoteDetail": "https://api.etrade.com/v1/market/quote/PACK:2023:8:18:PUT:12.500000",
      "strikePrice": 12.5,
      "symbol": "PACK",
      "timeStamp": 1688403599,
      "volume": 0
    },
    {
      "OptionGreeks": {
        "currentValue": "true",
        "delta": -1.0,
        "gamma": 0.0,
        "iv": 1.00577,
        "rho": 0.0,
        "theta": -0.00052,
        "vega": 0.0
      },
      "adjustedFlag": "false",
      "ask": 11.2,
      "askSize": 66,
      "bid": 9.4,
      "bidSize": 100,
      "displaySymbol": "PACK Aug 18 '23 $15 Put",
      "inTheMoney": "y",
      "lastPrice": 0.0,
      "netChange": 0.0,
      "openInterest": 0,
      "optionCategory": "STANDARD",
      "optionRootSymbol": "PACK",
      "optionType": "PUT",
      "osiKey": "PACK--230818P00015000",
      "quoteDetail": "https://api.etrade.com/v1/market/quote/PACK:2023:8:18:PUT:15.000000",
      "strikePrice": 15.0,
      "symbol": "PACK",
      "timeStamp": 1688403599,
      "volume": 0
    },
    {
      "OptionGreeks": {
        "currentValue": "true",
        "delta": 0.99821,
        "gamma": 0.00174,
        "iv": 0.51956,
        "rho": 0.00312,
        "theta": 0.0,
        "vega": 2e-05
      },
      "adjustedFlag": "false",
      "ask": 2.85,
      "askSize": 66,
      "bid": 2.2,
      "bidSize": 10,
      "displaySymbol": "PACK Aug 18 '23 $2.50 Call",
      "inTheMoney": "y",
      "lastPrice": 2.36,
      "netChange": 0.41,
      "openInterest": 100,
      "optionCategory": "STANDARD",
      "optionRootSymbol": "PACK",
      "optionType": "CALL",
      "osiKey": "PACK--230818C00002500",
      "quoteDetail": "https://api.etrade.com/v1/market/quote/PACK:2023:8:18:CALL:2.500000",
      "strikePrice": 2.5,
      "symbol": "PACK",
      "timeStamp": 1688403542,
      "volume": 26
    },
    {
      "OptionGreeks": {
        "currentValue": "true",
        "delta": 0.34297,
        "gamma": 0.43656,
        "iv": 0.51956,
        "rho": 0.00174,
        "theta": -0.00331,
        "vega": 0.00592
      },
      "adjustedFlag": "false",
      "ask": 0.3,
      "askSize": 16,
      "bid": 0.2,
      "bidSize": 92,
      "displaySymbol": "PACK Aug 18 '23 $5 Call",
      "inTheMoney": "n",
      "lastPrice": 0.25,
      "netChange": 0.1,
      "openInterest": 360,
      "optionCategory": "STANDARD",
      "optionRootSymbol": "PACK",
      "optionType": "CALL",
      "osiKey": "PACK--230818C00005000",
      "quoteDetail": "https://api.etrade.com/v1/market/quote/PACK:2023:8:18:CALL:5.000000",
      "strikePrice": 5.0,
      "symbol": "PACK",
      "timeStamp": 1688403547,
      "volume": 16
    },
    {
      "OptionGreeks": {
        "currentValue": "true",
        "delta": 0.11418,
        "gamma": 0.11815,
        "iv": 1.00577,
        "rho": 0.00055,
        "theta": -0.00333,
        "vega": 0.0031
      },
      "adjustedFlag": "false",
      "ask": 0.15,
      "askSize": 54,
      "bid": 0.05,
      "bidSize": 99,
      "displaySymbol": "PACK Aug 18 '23 $7.50 Call",
      "inTheMoney": "n",
      "lastPrice": 0.05,
      "netChange": 0.0,
      "openInterest": 120,
      "optionCategory": "STANDARD",
      "optionRootSymbol": "PACK",
      "optionType": "CALL",
      "osiKey": "PACK--230818C00007500",
      "quoteDetail": "https://api.etrade.com/v1/market/quote/PACK:2023:8:18:CALL:7.500000",
      "strikePrice": 7.5,
      "symbol": "PACK",
      "timeStamp": 1688398981,
      "volume": 1
    },
    {
      "OptionGreeks": {
        "currentValue": "true",
        "delta": 0.02225,
        "gamma": 0.03232,
        "iv": 1.00577,
        "rho": 0.00011,
        "theta": -0.00089,
        "vega": 0.00085
      },
      "adjustedFlag": "false",
      "ask": 0.1,
      "askSize": 47,
      "bid": 0.0,
      "bidSize": 0,
      "displaySymbol": "PACK Aug 18 '23 $10 Call",
      "inTheMoney": "n",
      "lastPrice": 0.05,
      "netChange": 0.0,
      "openInterest": 154,
      "optionCategory": "STANDARD",
      "optionRootSymbol": "PACK",
      "optionType": "CALL",
      "osiKey": "PACK--230818C00010000",
      "quoteDetail": "https://api.etrade.com/v1/market/quote/PACK:2023:8:18:CALL:10.000000",
      "strikePrice": 10.0,
      "symbol": "PACK",
      "timeStamp": 1688398807,
      "volume": 0
    },
    {
      "OptionGreeks": {
        "currentValue": "true",
        "delta": 0.00418,
        "gamma": 0.00749,
        "iv": 1.00577,
        "rho": 2e-05,
        "theta": -0.0002,
        "vega": 0.0002
      },
      "adjustedFlag": "false",
      "ask": 0.05,
      "askSize": 33,
      "bid": 0.0,
      "bidSize": 0,
      "displaySymbol": "PACK Aug 18 '23 $12.50 Call",
      "inTheMoney": "n",
      "lastPrice": 0.2,
      "netChange": 0.0,
      "openInterest": 3,
      "optionCategory": "STANDARD",
      "optionRootSymbol": "PACK",
      "optionType": "CALL",
      "osiKey": "PACK--230818C00012500",
      "quoteDetail": "https://api.etrade.com/v1/market/quote/PACK:2023:8:18:CALL:12.500000",
      "strikePrice": 12.5,
      "symbol": "PACK",
      "timeStamp": 1688399686,
      "volume": 0
    },
    {
      "OptionGreeks": {
        "currentValue": "true",
        "delta": 0.00081,
        "gamma": 0.00167,
        "iv": 1.00577,
        "rho": 0.0,
        "theta": -4e-05,
        "vega": 4e-05
      },
      "adjustedFlag": "false",
      "ask": 0.05,
      "askSize": 36,
      "bid": 0.0,
      "bidSize": 0,
      "displaySymbol": "PACK Aug 18 '23 $15 Call",
      "inTheMoney": "n",
      "lastPrice": 0.0,
      "netChange": 0.0,
      "openInterest": 0,
      "optionCategory": "STANDARD",
      "optionRootSymbol": "PACK",
      "optionType": "CALL",
      "osiKey": "PACK--230818C00015000",
      "quoteDetail": "https://api.etrade.com/v1/market/quote/PACK:2023:8:18:CALL:15.000000",
      "strikePrice": 15.0,
      "symbol": "PACK",
      "timeStamp": 1688398980,
      "volume": 0
    }
  ],
  "2023-11-17": [
    {
      "OptionGreeks": {
        "currentValue": "true",
        "delta": -0.02143,
        "gamma": 0.03387,
        "iv": 0.54619,
        "rho": -0.00038,
        "theta": -0.00028,
        "vega": 0.00145
      },
      "adjustedFlag": "false",
      "ask": 0.25,
      "askSize": 88,
      "bid": 0.0,
      "bidSize": 0,
      "displaySymbol": "PACK Nov 17 '23 $2.50 Put",
      "inTheMoney": "n",
      "lastPrice": 0.14,
      "netChange": 0.0,
      "openInterest": 103,
      "optionCategory": "STANDARD",
      "optionRootSymbol": "PACK",
      "optionType": "PUT",
      "osiKey": "PACK--231117P00002500",
      "quoteDetail": "https://api.etrade.com/v1/market/quote/PACK:2023:11:17:PUT:2.500000",
      "strikePrice": 2.5,
      "symbol": "PACK",
      "timeStamp": 1688403599,
      "volume": 0
    },
    {
      "OptionGreeks": {
        "currentValue": "true",
        "delta": -0.53597,
        "gamma": 0.28389,
        "iv": 0.54619,
        "rho": -0.00838,
        "theta": -0.00229,
        "vega": 0.011
      },
      "adjustedFlag": "false",
      "ask": 0.8,
      "askSize": 1,
      "bid": 0.65,
      "bidSize": 153,
      "displaySymbol": "PACK Nov 17 '23 $5 Put",
      "inTheMoney": "y",
      "lastPrice": 0.0,
      "netChange": 0.0,
      "openInterest": 0,
      "optionCategory": "STANDARD",
      "optionRootSymbol": "PACK",
      "optionType": "PUT",
      "osiKey": "PACK--231117P00005000",
      "quoteDetail": "https://api.etrade.com/v1/market/quote/PACK:2023:11:17:PUT:5.000000",
      "strikePrice": 5.0,
      "symbol": "PACK",
      "timeStamp": 1688403484,
      "volume": 0
    },
    {
      "OptionGreeks": {
        "currentValue": "true",
        "delta": -0.9978,
        "gamma": 0.01688,
        "iv": 0.50926,
        "rho": 0.0,
        "theta": -0.00105,
        "vega": 0.0
      },
      "adjustedFlag": "false",
      "ask": 3.0,
      "askSize": 36,
      "bid": 2.25,
      "bidSize": 14,
      "displaySymbol": "PACK Nov 17 '23 $7.50 Put",
      "inTheMoney": "y",
      "lastPrice": 0.0,
      "netChange": 0.0,
      "openInterest": 0,
      "optionCategory": "STANDARD",
      "optionRootSymbol": "PACK",
      "optionType": "PUT",
      "osiKey": "PACK--231117P00007500",
      "quoteDetail": "https://api.etrade.com/v1/market/quote/PACK:2023:11:17:PUT:7.500000",
      "strikePrice": 7.5,
      "symbol": "PACK",
      "timeStamp": 1688403595,
      "volume": 0
    },
    {
      "OptionGreeks": {
        "currentValue": "true",
        "delta": -1.0,
        "gamma": 0.0,
        "iv": 0.50926,
        "rho": 0.0,
        "theta": -0.00105,
        "vega": 0.0
      },
      "adjustedFlag": "false",
      "ask": 6.4,
      "askSize": 66,
      "bid": 4.6,
      "bidSize": 14,
      "displaySymbol": "PACK Nov 17 '23 $10 Put",
      "inTheMoney": "y",
      "lastPrice": 0.0,
      "netChange": 0.0,
      "openInterest": 0,
      "optionCategory": "STANDARD",
      "optionRootSymbol": "PACK",
      "optionType": "PUT",
      "osiKey": "PACK--231117P00010000",
      "quoteDetail": "https://api.etrade.com/v1/market/quote/PACK:2023:11:17:PUT:10.000000",
      "strikePrice": 10.0,
      "symbol": "PACK",
      "timeStamp": 1688403588,
      "volume": 0
    },
    {
      "OptionGreeks": {
        "currentValue": "true",
        "delta": 0.99044,
        "gamma": 0.03339,
        "iv": 0.54619,
        "rho": 0.00886,
        "theta": 0.0,
        "vega": 0.00143
      },
      "adjustedFlag": "false",
      "ask": 2.65,
      "askSize": 43,
      "bid": 2.3,
      "bidSize": 14,
      "displaySymbol": "PACK Nov 17 '23 $2.50 Call",
      "inTheMoney": "y",
      "lastPrice": 1.25,
      "netChange": 0.0,
      "openInterest": 35,
      "optionCategory": "STANDARD",
      "optionRootSymbol": "PACK",
      "optionType": "CALL",
      "osiKey": "PACK--231117C00002500",
      "quoteDetail": "https://api.etrade.com/v1/market/quote/PACK:2023:11:17:CALL:2.500000",
      "strikePrice": 2.5,
      "symbol": "PACK",
      "timeStamp": 1688403570,
      "volume": 0
    },
    {
      "OptionGreeks": {
        "currentValue": "true",
        "delta": 0.49565,
        "gamma": 0.26446,
        "iv": 0.54619,
        "rho": 0.0066,
        "theta": -0.00217,
        "vega": 0.01122
      },
      "adjustedFlag": "false",
      "ask": 0.65,
      "askSize": 10,
      "bid": 0.5,
      "bidSize": 166,
      "displaySymbol": "PACK Nov 17 '23 $5 Call",
      "inTheMoney": "n",
      "lastPrice": 0.55,
      "netChange": 0.15,
      "openInterest": 369,
      "optionCategory": "STANDARD",
      "optionRootSymbol": "PACK",
      "optionType": "CALL",
      "osiKey": "PACK--231117C00005000",
      "quoteDetail": "https://api.etrade.com/v1/market/quote/PACK:2023:11:17:CALL:5.000000",
      "strikePrice": 5.0,
      "symbol": "PACK",
      "timeStamp": 1688403595,
      "volume": 1
    },
    {
      "OptionGreeks": {
        "currentValue": "true",
        "delta": 0.09063,
        "gamma": 0.11472,
        "iv": 0.50926,
        "rho": 0.00132,
        "theta": -0.00082,
        "vega": 0.00458
      },
      "adjustedFlag": "false",
      "ask": 0.15,
      "askSize": 47,
      "bid": 0.0,
      "bidSize": 0,
      "displaySymbol": "PACK Nov 17 '23 $7.50 Call",
      "inTheMoney": "n",
      "lastPrice": 0.1,
      "netChange": 0.0,
      "openInterest": 50,
      "optionCategory": "STANDARD",
      "optionRootSymbol": "PACK",
      "optionType": "CALL",
      "osiKey": "PACK--231117C00007500",
      "quoteDetail": "https://api.etrade.com/v1/market/quote/PACK:2023:11:17:CALL:7.500000",
      "strikePrice": 7.5,
      "symbol": "PACK",
      "timeStamp": 1688403558,
      "volume": 0
    },
    {
      "OptionGreeks": {
        "currentValue": "true",
        "delta": 0.01186,
        "gamma": 0.02162,
        "iv": 0.50926,
        "rho": 0.00018,
        "theta": -0.00015,
        "vega": 0.00088
      },
      "adjustedFlag": "false",
      "ask": 0.25,
      "askSize": 94,
      "bid": 0.0,
      "bidSize": 0,
      "displaySymbol": "PACK Nov 17 '23 $10 Call",
      "inTheMoney": "n",
      "lastPrice": 0.15,
      "netChange": 0.0,
      "openInterest": 52,
      "optionCategory": "STANDARD",
      "optionRootSymbol": "PACK",
      "optionType": "CALL",
      "osiKey": "PACK--231117C00010000",
      "quoteDetail": "https://api.etrade.com/v1/market/quote/PACK:2023:11:17:CALL:10.000000",
      "strikePrice": 10.0,
      "symbol": "PACK",
      "timeStamp": 1688398981,
      "volume": 0
    }
  ],
  "2024-02-16": [
    {
      "OptionGreeks": {
        "currentValue": "true",
        "delta": -0.08031,
        "gamma": 0.05922,
        "iv": 0.70679,
        "rho": -0.00271,
        "theta": -0.00082,
        "vega": 0.00537
      },
      "adjustedFlag": "false",
      "ask": 0.15,
      "askSize": 45,
      "bid": 0.05,
      "bidSize": 47,
      "displaySymbol": "PACK Feb 16 '24 $2.50 Put",
      "inTheMoney": "n",
      "lastPrice": 0.0,
      "netChange": 0.0,
      "openInterest": 0,
      "optionCategory": "STANDARD",
      "optionRootSymbol": "PACK",
      "optionType": "PUT",
      "osiKey": "PACK--240216P00002500",
      "quoteDetail": "https://api.etrade.com/v1/market/quote/PACK:2024:2:16:PUT:2.500000",
      "strikePrice": 2.5,
      "symbol": "PACK",
      "timeStamp": 1688403599,
      "volume": 0
    },
    {
      "OptionGreeks": {
        "currentValue": "true",
        "delta": -0.49348,
        "gamma": 0.22683,
        "iv": 0.53157,
        "rho": -0.01371,
        "theta": -0.00168,
        "vega": 0.01417
      },
      "adjustedFlag": "false",
      "ask": 0.95,
      "askSize": 10,
      "bid": 0.75,
      "bidSize": 221,
      "displaySymbol": "PACK Feb 16 '24 $5 Put",
      "inTheMoney": "y",
      "lastPrice": 0.0,
      "netChange": 0.0,
      "openInterest": 0,
      "optionCategory": "STANDARD",
      "optionRootSymbol": "PACK",
      "optionType": "PUT",
      "osiKey": "PACK--240216P00005000",
      "quoteDetail": "https://api.etrade.com/v1/market/quote/PACK:2024:2:16:PUT:5.000000",
      "strikePrice": 5.0,
      "symbol": "PACK",
      "timeStamp": 1688403505,
      "volume": 0
    },
    {
      "OptionGreeks": {
        "currentValue": "true",
        "delta": -0.95703,
        "gamma": 0.19478,
        "iv": 0.47683,
        "rho": -0.00393,
        "theta": -0.00088,
        "vega": 0.00254
      },
      "adjustedFlag": "false",
      "ask": 3.0,
      "askSize": 14,
      "bid": 2.3,
      "bidSize": 14,
      "displaySymbol": "PACK Feb 16 '24 $7.50 Put",
      "inTheMoney": "y",
      "lastPrice": 0.0,
      "netChange": 0.0,
      "openInterest": 0,
      "optionCategory": "STANDARD",
      "optionRootSymbol": "PACK",
      "optionType": "PUT",
      "osiKey": "PACK--240216P00007500",
      "quoteDetail": "https://api.etrade.com/v1/market/quote/PACK:2024:2:16:PUT:7.500000",
      "strikePrice": 7.5,
      "symbol": "PACK",
      "timeStamp": 1688403562,
      "volume": 0
    },
    {
      "OptionGreeks": {
        "currentValue": "true",
        "delta": 0.92638,
        "gamma": 0.0581,
        "iv": 0.70679,
        "rho": 0.01211,
        "theta": -0.00049,
        "vega": 0.00532
      },
      "adjustedFlag": "false",
      "ask": 2.65,
      "askSize": 14,
      "bid": 2.25,
      "bidSize": 67,
      "displaySymbol": "PACK Feb 16 '24 $2.50 Call",
      "inTheMoney": "y",
      "lastPrice": 0.0,
      "netChange": 0.0,
      "openInterest": 0,
      "optionCategory": "STANDARD",
      "optionRootSymbol": "PACK",
      "optionType": "CALL",
      "osiKey": "PACK--240216C00002500",
      "quoteDetail": "https://api.etrade.com/v1/market/quote/PACK:2024:2:16:CALL:2.500000",
      "strikePrice": 2.5,
      "symbol": "PACK",
      "timeStamp": 1688403599,
      "volume": 0
    },
    {
      "OptionGreeks": {
        "currentValue": "true",
        "delta": 0.53357,
        "gamma": 0.20884,
        "iv": 0.53157,
        "rho": 0.01099,
        "theta": -0.00158,
        "vega": 0.01434
      },
      "adjustedFlag": "false",
      "ask": 0.85,
      "askSize": 5,
      "bid": 0.7,
      "bidSize": 193,
      "displaySymbol": "PACK Feb 16 '24 $5 Call",
      "inTheMoney": "n",
      "lastPrice": 0.45,
      "netChange": 0.0,
      "openInterest": 37,
      "optionCategory": "STANDARD",
      "optionRootSymbol": "PACK",
      "optionType": "CALL",
      "osiKey": "PACK--240216C00005000",
      "quoteDetail": "https://api.etrade.com/v1/market/quote/PACK:2024:2:16:CALL:5.000000",
      "strikePrice": 5.0,
      "symbol": "PACK",
      "timeStamp": 1688403599,
      "volume": 0
    },
    {
      "OptionGreeks": {
        "currentValue": "true",
        "delta": 0.15226,
        "gamma": 0.13695,
        "iv": 0.47683,
        "rho": 0.00355,
        "theta": -0.00086,
        "vega": 0.0085
      },
      "adjustedFlag": "false",
      "ask": 0.2,
      "askSize": 36,
      "bid": 0.1,
      "bidSize": 104,
      "displaySymbol": "PACK Feb 16 '24 $7.50 Call",
      "inTheMoney": "n",
      "lastPrice": 0.15,
      "netChange": 0.05,
      "openInterest": 2,
      "optionCategory": "STANDARD",
      "optionRootSymbol": "PACK",
      "optionType": "CALL",
      "osiKey": "PACK--240216C00007500",
      "quoteDetail": "https://api.etrade.com/v1/market/quote/PACK:2024:2:16:CALL:7.500000",
      "strikePrice": 7.5,
      "symbol": "PACK",
      "timeStamp": 1688403599,
      "volume": 25
    }
  ],
  "quote": {
    "ExtendedHourQuoteDetail": {
      "ask": 4.78,
      "askSize": 2000,
      "bid": 4.29,
      "bidSize": 100,
      "change": 0.22,
      "lastPrice": 4.74,
      "percentChange": 4.87,
      "quoteStatus": "EH_REALTIME",
      "timeOfLastTrade": 1688404708,
      "timeZone": "EST",
      "volume": 253919
    },
    "adjustedFlag": "false",
    "ahFlag": "true",
    "ask": 4.78,
    "askSize": 2000,
    "askTime": "13:18:28 EDT 07-03-2023",
    "averageVolume": 530399,
    "beta": 2.06,
    "bid": 4.29,
    "bidExchange": null,
    "bidSize": 100,
    "bidTime": "13:18:28 EDT 07-03-2023",
    "cashDeliverable": 0,
    "changeClose": 0.22,
    "changeClosePercentage": 4.87,
    "companyName": "RANPAK HOLDINGS CORP COM CL A",
    "contractSize": 0.0,
    "dateTime": "13:18:28 EDT 07-03-2023",
    "dateTimeUTC": 1688404708,
    "daysToExpiration": 0,
    "declaredDividend": 0.0,
    "dirLast": 0,
    "dividend": 0.0,
    "dividendPayableDate": 0,
    "eps": -0.49,
    "estEarnings": -0.375,
    "exDividendDate": 0,
    "expirationDate": 0,
    "hasMiniOptions": "false",
    "high": 4.81,
    "high52": 8.24,
    "intrinsicValue": 0.0,
    "lastTrade": 4.74,
    "low": 4.46,
    "low52": 2.66,
    "marketCap": 390609180.0,
    "nextEarningDate": "07/26/2023",
    "open": 4.46,
    "openInterest": 0,
    "optionMultiplier": 0.0,
    "optionStyle": null,
    "optionUnderlier": null,
    "pe": 0.0,
    "previousClose": 4.52,
    "previousDayVolume": 397853,
    "primaryExchange": "NYSE",
    "quoteStatus": "CLOSING",
    "securityType": "EQ",
    "sharesOutstanding": 82407000,
    "symbol": "PACK",
    "symbolDescription": "RANPAK HOLDINGS CORP COM CL A",
    "timeOfLastTrade": 1688404200,
    "timePremium": 0.0,
    "totalVolume": 253919,
    "upc": 0,
    "week52HiDate": 1675798162,
    "week52LowDate": 1683656962,
    "yield": 0.0
  }
}