{
  "quote": {
    "adjustedFlag": "false",
    "ahFlag": "false",
    "ask": 60.95,
    "askSize": 0,
    "askTime": "14:00:05 EDT 07-03-2023",
    "averageVolume": 2415,
    "beta": 0.0,
    "bid": 56.22,
    "bidExchange": null,
    "bidSize": 0,
    "bidTime": "14:00:05 EDT 07-03-2023",
    "cashDeliverable": 0,
    "changeClose": 1.86,
    "changeClosePercentage": 3.26,
    "companyName": "TOTALENERGIES SE ACT",
    "contractSize": 0.0,
    "dateTime": "14:00:05 EDT 07-03-2023",
    "dateTimeUTC": 1688407205,
    "daysToExpiration": 0,
    "declaredDividend": 0.8075,
    "dirLast": 0,
    "dividend": 0.8075,
    "dividendPayableDate": 1696271365,
    "eps": 5.3387,
    "estEarnings": 10.898,
    "exDividendDate": 1695234565,
    "expirationDate": 0,
    "hasMiniOptions": "false",
    "high": 58.94,
    "high52": 65.47,
    "intrinsicValue": 0.0,
    "lastTrade": 58.94,
    "low": 57.78,
    "low52": 42.96,
    "marketCap": 147247680160.0,
    "nextEarningDate": "07/27/2023",
    "open": 58.58,
    "openInterest": 0,
    "optionMultiplier": 0.0,
    "optionStyle": null,
    "optionUnderlier": null,
    "pe": 6.9341,
    "previousClose": 57.08,
    "previousDayVolume": 1113,
    "primaryExchange": "PK",
    "quoteStatus": "CLOSING",
    "securityType": "EQ",
    "sharesOutstanding": 2498264000,
    "symbol": "TTFNF",
    "symbolDescription": "TOTALENERGIES SE ACT",
    "timeOfLastTrade": 1688407205,
    "timePremium": 0.0,
    "totalVolume": 5153,
    "upc": 0,
    "week52HiDate": 1676402965,
    "week52LowDate": 1664389765,
    "yield": 5.6591
  }
}