{
  "2023-07-21": [
    {
      "OptionGreeks": {
        "currentValue": "true",
        "delta": 0.0,
        "gamma": 0.0,
        "iv": 0.33579,
        "rho": 0.0,
        "theta": 0.0,
        "vega": 0.0
      },
      "adjustedFlag": "false",
      "ask": 0.2,
      "askSize": 1228,
      "bid": 0.0,
      "bidSize": 0,
      "displaySymbol": "UA Jul 21 '23 $2.50 Put",
      "inTheMoney": "n",
      "lastPrice": 0.01,
      "netChange": 0.0,
      "openInterest": 1,
      "optionCategory": "STANDARD",
      "optionRootSymbol": "UA",
      "optionType": "PUT",
      "osiKey": "UA----230721P00002500",
      "quoteDetail": "https://api.etrade.com/v1/market/quote/UA:2023:7:21:PUT:2.500000",
      "strikePrice": 2.5,
      "symbol": "UA",
      "timeStamp": 1688402802,
      "volume": 0
    },
    {
      "OptionGreeks": {
        "currentValue": "true",
        "delta": -1e-05,
        "gamma": 0.00011,
        "iv": 0.33579,
        "rho": 0.0,
        "theta": 0.0,
        "vega": 0.0
      },
      "adjustedFlag": "false",
      "ask": 0.05,
      "askSize": 20,
      "bid": 0.0,
      "bidSize": 0,
      "displaySymbol": "UA Jul 21 '23 $5 Put",
      "inTheMoney": "n",
      "lastPrice": 0.05,
      "netChange": 0.0,
      "openInterest": 292,
      "optionCategory": "STANDARD",
      "optionRootSymbol": "UA",
      "optionType": "PUT",
      "osiKey": "UA----230721P00005000",
      "quoteDetail": "https://api.etrade.com/v1/market/quote/UA:2023:7:21:PUT:5.000000",
      "strikePrice": 5.0,
      "symbol": "UA",
      "timeStamp": 1688392770,
      "volume": 0
    },
    {
      "OptionGreeks": {
        "currentValue": "true",
        "delta": -0.91746,
        "gamma": 0.41635,
        "iv": 0.33579,
        "rho": -0.00127,
        "theta": -0.00284,
        "vega": 0.00227
      },
      "adjustedFlag": "false",
      "ask": 0.75,
      "askSize": 1,
      "bid": 0.65,
      "bidSize": 1115,
      "displaySymbol": "UA Jul 21 '23 $7.50 Put",
      "inTheMoney": "y",
      "lastPrice": 0.7,
      "netChange": -0.1,
      "openInterest": 749,
      "optionCategory": "STANDARD",
      "optionRootSymbol": "UA",
      "optionType": "PUT",
      "osiKey": "UA----230721P00007500",
      "quoteDetail": "https://api.etrade.com/v1/market/quote/UA:2023:7:21:PUT:7.500000",
      "strikePrice": 7.5,
      "symbol": "UA",
      "timeStamp": 1688403599,
      "volume": 158
    },
    {
      "OptionGreeks": {
        "currentValue": "true",
        "delta": -1.0,
        "gamma": 6e-05,
        "iv": 0.33579,
        "rho": 0.0,
        "theta": -0.00152,
        "vega": 0.0
      },
      "adjustedFlag": "false",
      "ask": 3.3,
      "askSize": 40,
      "bid": 3.1,
      "bidSize": 18,
      "displaySymbol": "UA Jul 21 '23 $10 Put",
      "inTheMoney": "y",
      "lastPrice": 3.4,
      "netChange": 0.0,
      "openInterest": 41,
      "optionCategory": "STANDARD",
      "optionRootSymbol": "UA",
      "optionType": "PUT",
      "osiKey": "UA----230721P00010000",
      "quoteDetail": "https://api.etrade.com/v1/market/quote/UA:2023:7:21:PUT:10.000000",
      "strikePrice": 10.0,
      "symbol": "UA",
      "timeStamp": 1688403599,
      "volume": 0
    },
    {
      "OptionGreeks": {
        "currentValue": "true",
        "delta": -1.0,
        "gamma": 0.0,
        "iv": 0.33579,
        "rho": 0.0,
        "theta": -0.00152,
        "vega": 0.0
      },
      "adjustedFlag": "false",
      "ask": 5.8,
      "askSize": 40,
      "bid": 5.6,
      "bidSize": 19,
      "displaySymbol": "UA Jul 21 '23 $12.50 Put",
      "inTheMoney": "y",
      "lastPrice": 4.2,
      "netChange": 0.0,
      "openInterest": 0,
      "optionCategory": "STANDARD",
      "optionRootSymbol": "UA",
      "optionType": "PUT",
      "osiKey": "UA----230721P00012500",
      "quoteDetail": "https://api.etrade.com/v1/market/quote/UA:2023:7:21:PUT:12.500000",
      "strikePrice": 12.5,
      "symbol": "UA",
      "timeStamp": 1688403587,
      "volume": 0
    },
    {
      "OptionGreeks": {
        "currentValue": "true",
        "delta": -1.0,
        "gamma": 6e-05,
        "iv": 0.33579,
        "rho": 0.0,
        "theta": -0.00152,
        "vega": 0.0
      },
      "adjustedFlag": "false",
      "ask": 8.3,
      "askSize": 40,
      "bid": 8.1,
      "bidSize": 19,
      "displaySymbol": "UA Jul 21 '23 $15 Put",
      "inTheMoney": "y",
      "lastPrice": 6.9,
      "netChange": 0.0,
      "openInterest": 0,
      "optionCategory": "STANDARD",
      "optionRootSymbol": "UA",
      "optionType": "PUT",
      "osiKey": "UA----230721P00015000",
      "quoteDetail": "https://api.etrade.com/v1/market/quote/UA:2023:7:21:PUT:15.000000",
      "strikePrice": 15.0,
      "symbol": "UA",
      "timeStamp": 1688403587,
      "volume": 0
    },
    {
      "OptionGreeks": {
        "currentValue": "true",
        "delta": -1.0,
        "gamma": 6e-05,
        "iv": 0.33579,
        "rho": 0.0,
        "theta": -0.00152,
        "vega": 0.0
      },
      "adjustedFlag": "false",
      "ask": 10.8,
      "askSize": 40,
      "bid": 10.6,
      "bidSize": 22,
      "displaySymbol": "UA Jul 21 '23 $17.50 Put",
      "inTheMoney": "y",
      "lastPrice": 0.0,
      "netChange": 0.0,
      "openInterest": 0,
      "optionCategory": "STANDARD",
      "optionRootSymbol": "UA",
      "optionType": "PUT",
      "osiKey": "UA----230721P00017500",
      "quoteDetail": "https://api.etrade.com/v1/market/quote/UA:2023:7:21:PUT:17.500000",
      "strikePrice": 17.5,
      "symbol": "UA",
      "timeStamp": 1688403582,
      "volume": 0
    },
    {
      "OptionGreeks": {
        "currentValue": "true",
        "delta": 1.0,
        "gamma": 0.0,
        "iv": 0.33579,
        "rho": 0.00112,
        "theta": 0.0,
        "vega": 0.0
      },
      "adjustedFlag": "false",
      "ask": 4.4,
      "askSize": 40,
      "bid": 4.2,
      "bidSize": 18,
      "displaySymbol": "UA Jul 21 '23 $2.50 Call",
      "inTheMoney": "y",
      "lastPrice": 4.25,
      "netChange": 0.0,
      "openInterest": 14,
      "optionCategory": "STANDARD",
      "optionRootSymbol": "UA",
      "optionType": "CALL",
      "osiKey": "UA----230721C00002500",
      "quoteDetail": "https://api.etrade.com/v1/market/quote/UA:2023:7:21:CALL:2.500000",
      "strikePrice": 2.5,
      "symbol": "UA",
      "timeStamp": 1688403591,
      "volume": 0
    },
    {
      "OptionGreeks": {
        "currentValue": "true",
        "delta": 1.0,
        "gamma": 0.00011,
        "iv": 0.33579,
        "rho": 0.00242,
        "theta": 0.0,
        "vega": 0.0
      },
      "adjustedFlag": "false",
      "ask": 1.9,
      "askSize": 33,
      "bid": 1.75,
      "bidSize": 14,
      "displaySymbol": "UA Jul 21 '23 $5 Call",
      "inTheMoney": "y",
      "lastPrice": 1.9,
      "netChange": 0.17,
      "openInterest": 159,
      "optionCategory": "STANDARD",
      "optionRootSymbol": "UA",
      "optionType": "CALL",
      "osiKey": "UA----230721C00005000",
      "quoteDetail": "https://api.etrade.com/v1/market/quote/UA:2023:7:21:CALL:5.000000",
      "strikePrice": 5.0,
      "symbol": "UA",
      "timeStamp": 1688403589,
      "volume": 6
    },
    {
      "OptionGreeks": {
        "currentValue": "true",
        "delta": 0.11108,
        "gamma": 0.37092,
        "iv": 0.33579,
        "rho": 0.00036,
        "theta": -0.00261,
        "vega": 0.0029
      },
      "adjustedFlag": "false",
      "ask": 0.05,
      "askSize": 230,
      "bid": 0.0,
      "bidSize": 0,
      "displaySymbol": "UA Jul 21 '23 $7.50 Call",
      "inTheMoney": "n",
      "lastPrice": 0.05,
      "netChange": 0.0,
      "openInterest": 2514,
      "optionCategory": "STANDARD",
      "optionRootSymbol": "UA",
      "optionType": "CALL",
      "osiKey": "UA----230721C00007500",
      "quoteDetail": "https://api.etrade.com/v1/market/quote/UA:2023:7:21:CALL:7.500000",
      "strikePrice": 7.5,
      "symbol": "UA",
      "timeStamp": 1688403526,
      "volume": 37
    },
    {
      "OptionGreeks": {
        "currentValue": "true",
        "delta": 0.0,
        "gamma": 0.0,
        "iv": 0.33579,
        "rho": 0.0,
        "theta": 0.0,
        "vega": 0.0
      },
      "adjustedFlag": "false",
      "ask": 0.05,
      "askSize": 442,
      "bid": 0.0,
      "bidSize": 0,
      "displaySymbol": "UA Jul 21 '23 $10 Call",
      "inTheMoney": "n",
      "lastPrice": 0.05,
      "netChange": 0.0,
      "openInterest": 2210,
      "optionCategory": "STANDARD",
      "optionRootSymbol": "UA",
      "optionType": "CALL",
      "osiKey": "UA----230721C00010000",
      "quoteDetail": "https://api.etrade.com/v1/market/quote/UA:2023:7:21:CALL:10.000000",
      "strikePrice": 10.0,
      "symbol": "UA",
      "timeStamp": 1688403516,
      "volume": 1
    },
    {
      "OptionGreeks": {
        "currentValue": "true",
        "delta": 0.0,
        "gamma": 0.0,
        "iv": 0.33579,
        "rho": 0.0,
        "theta": 0.0,
        "vega": 0.0
      },
      "adjustedFlag": "false",
      "ask": 0.05,
      "askSize": 461,
      "bid": 0.0,
      "bidSize": 0,
      "displaySymbol": "UA Jul 21 '23 $12.50 Call",
      "inTheMoney": "n",
      "lastPrice": 0.04,
      "netChange": 0.0,
      "openInterest": 762,
      "optionCategory": "STANDARD",
      "optionRootSymbol": "UA",
      "optionType": "CALL",
      "osiKey": "UA----230721C00012500",
      "quoteDetail": "https://api.etrade.com/v1/market/quote/UA:2023:7:21:CALL:12.500000",
      "strikePrice": 12.5,
      "symbol": "UA",
      "timeStamp": 1688403587,
      "volume": 0
    },
    {
      "OptionGreeks": {
        "currentValue": "true",
        "delta": 0.0,
        "gamma": 0.0,
        "iv": 0.33579,
        "rho": 0.0,
        "theta": 0.0,
        "vega": 0.0
      },
      "adjustedFlag": "false",
      "ask": 0.05,
      "askSize": 400,
      "bid": 0.0,
      "bidSize": 0,
      "displaySymbol": "UA Jul 21 '23 $15 Call",
      "inTheMoney": "n",
      "lastPrice": 0.01,
      "netChange": 0.0,
      "openInterest": 229,
      "optionCategory": "STANDARD",
      "optionRootSymbol": "UA",
      "optionType": "CALL",
      "osiKey": "UA----230721C00015000",
      "quoteDetail": "https://api.etrade.com/v1/market/quote/UA:2023:7:21:CALL:15.000000",
      "strikePrice": 15.0,
      "symbol": "UA",
      "timeStamp": 1688403376,
      "volume": 0
    },
    {
      "OptionGreeks": {
        "currentValue": "true",
        "delta": 0.0,
        "gamma": 0.0,
        "iv": 0.33579,
        "rho": 0.0,
        "theta": 0.0,
        "vega": 0.0
      },
      "adjustedFlag": "false",
      "ask": 0.05,
      "askSize": 464,
      "bid": 0.0,
      "bidSize": 0,
      "displaySymbol": "UA Jul 21 '23 $17.50 Call",
      "inTheMoney": "n",
      "lastPrice": 0.05,
      "netChange": 0.0,
      "openInterest": 36,
      "optionCategory": "STANDARD",
      "optionRootSymbol": "UA",
      "optionType": "CALL",
      "osiKey": "UA----230721C00017500",
      "quoteDetail": "https://api.etrade.com/v1/market/quote/UA:2023:7:21:CALL:17.500000",
      "strikePrice": 17.5,
      "symbol": "UA",
      "timeStamp": 1688403376,
      "volume": 0
    }
  ],
  "2023-08-18": [
    {
      "OptionGreeks": {
        "currentValue": "true",
        "delta": 0.0,
        "gamma": 0.0,
        "iv": 0.54974,
        "rho": 0.0,
        "theta": 0.0,
        "vega": 0.0
      },
      "adjustedFlag": "false",
      "ask": 0.2,
      "askSize": 720,
      "bid": 0.0,
      "bidSize": 0,
      "displaySymbol": "UA Aug 18 '23 $2.50 Put",
      "inTheMoney": "n",
      "lastPrice": 0.0,
      "netChange": 0.0,
      "openInterest": 0,
      "optionCategory": "STANDARD",
      "optionRootSymbol": "UA",
      "optionType": "PUT",
      "osiKey": "UA----230818P00002500",
      "quoteDetail": "https://api.etrade.com/v1/market/quote/UA:2023:8:18:PUT:2.500000",
      "strikePrice": 2.5,
      "symbol": "UA",
      "timeStamp": 1688403010,
      "volume": 0
    },
    {
      "OptionGreeks": {
        "currentValue": "true",
        "delta": -0.04298,
        "gamma": 0.06876,
        "iv": 0.54974,
        "rho": -0.00037,
        "theta": -0.00129,
        "vega": 0.00223
      },
      "adjustedFlag": "false",
      "ask": 0.05,
      "askSize": 1,
      "bid": 0.0,
      "bidSize": 0,
      "displaySymbol": "UA Aug 18 '23 $5 Put",
      "inTheMoney": "n",
      "lastPrice": 0.04,
      "netChange": -0.02,
      "openInterest": 28,
      "optionCategory": "STANDARD",
      "optionRootSymbol": "UA",
      "optionType": "PUT",
      "osiKey": "UA----230818P00005000",
      "quoteDetail": "https://api.etrade.com/v1/market/quote/UA:2023:8:18:PUT:5.000000",
      "strikePrice": 5.0,
      "symbol": "UA",
      "timeStamp": 1688403010,
      "volume": 12
    },
    {
      "OptionGreeks": {
        "currentValue": "true",
        "delta": -0.69086,
        "gamma": 0.34264,
        "iv": 0.46757,
        "rho": -0.00449,
        "theta": -0.00464,
        "vega": 0.00846
      },
      "adjustedFlag": "false",
      "ask": 0.9,
      "askSize": 6,
      "bid": 0.8,
      "bidSize": 847,
      "displaySymbol": "UA Aug 18 '23 $7.50 Put",
      "inTheMoney": "y",
      "lastPrice": 0.88,
      "netChange": -0.07,
      "openInterest": 59,
      "optionCategory": "STANDARD",
      "optionRootSymbol": "UA",
      "optionType": "PUT",
      "osiKey": "UA----230818P00007500",
      "quoteDetail": "https://api.etrade.com/v1/market/quote/UA:2023:8:18:PUT:7.500000",
      "strikePrice": 7.5,
      "symbol": "UA",
      "timeStamp": 1688403599,
      "volume": 1
    },
    {
      "OptionGreeks": {
        "currentValue": "true",
        "delta": -1.0,
        "gamma": 0.0,
        "iv": 0.46757,
        "rho": 0.0,
        "theta": -0.00179,
        "vega": 0.0
      },
      "adjustedFlag": "false",
      "ask": 3.3,
      "askSize": 40,
      "bid": 3.1,
      "bidSize": 43,
      "displaySymbol": "UA Aug 18 '23 $10 Put",
      "inTheMoney": "y",
      "lastPrice": 3.4,
      "netChange": 0.0,
      "openInterest": 0,
      "optionCategory": "STANDARD",
      "optionRootSymbol": "UA",
      "optionType": "PUT",
      "osiKey": "UA----230818P00010000",
      "quoteDetail": "https://api.etrade.com/v1/market/quote/UA:2023:8:18:PUT:10.000000",
      "strikePrice": 10.0,
      "symbol": "UA",
      "timeStamp": 1688402458,
      "volume": 0
    },
    {
      "OptionGreeks": {
        "currentValue": "true",
        "delta": -1.0,
        "gamma": 0.0,
        "iv": 0.46757,
        "rho": 0.0,
        "theta": -0.00179,
        "vega": 0.0
      },
      "adjustedFlag": "false",
      "ask": 5.8,
      "askSize": 40,
      "bid": 5.6,
      "bidSize": 40,
      "displaySymbol": "UA Aug 18 '23 $12.50 Put",
      "inTheMoney": "y",
      "lastPrice": 0.0,
      "netChange": 0.0,
      "openInterest": 0,
      "optionCategory": "STANDARD",
      "optionRootSymbol": "UA",
      "optionType": "PUT",
      "osiKey": "UA----230818P00012500",
      "quoteDetail": "https://api.etrade.com/v1/market/quote/UA:2023:8:18:PUT:12.500000",
      "strikePrice": 12.5,
      "symbol": "UA",
      "timeStamp": 1688403010,
      "volume": 0
    },
    {
      "OptionGreeks": {
        "currentValue": "true",
        "delta": 1.0,
        "gamma": 1e-05,
        "iv": 0.54974,
        "rho": 0.00311,
        "theta": 0.0,
        "vega": 0.0
      },
      "adjustedFlag": "false",
      "ask": 4.5,
      "askSize": 49,
      "bid": 4.2,
      "bidSize": 48,
      "displaySymbol": "UA Aug 18 '23 $2.50 Call",
      "inTheMoney": "y",
      "lastPrice": 4.39,
      "netChange": 0.19,
      "openInterest": 3,
      "optionCategory": "STANDARD",
      "optionRootSymbol": "UA",
      "optionType": "CALL",
      "osiKey": "UA----230818C00002500",
      "quoteDetail": "https://api.etrade.com/v1/market/quote/UA:2023:8:18:CALL:2.500000",
      "strikePrice": 2.5,
      "symbol": "UA",
      "timeStamp": 1688403593,
      "volume": 3
    },
    {
      "OptionGreeks": {
        "currentValue": "true",
        "delta": 0.96282,
        "gamma": 0.06817,
        "iv": 0.54974,
        "rho": 0.00587,
        "theta": -0.00101,
        "vega": 0.00222
      },
      "adjustedFlag": "false",
      "ask": 1.95,
      "askSize": 18,
      "bid": 1.8,
      "bidSize": 18,
      "displaySymbol": "UA Aug 18 '23 $5 Call",
      "inTheMoney": "y",
      "lastPrice": 1.75,
      "netChange": 0.0,
      "openInterest": 65,
      "optionCategory": "STANDARD",
      "optionRootSymbol": "UA",
      "optionType": "CALL",
      "osiKey": "UA----230818C00005000",
      "quoteDetail": "https://api.etrade.com/v1/market/quote/UA:2023:8:18:CALL:5.000000",
      "strikePrice": 5.0,
      "symbol": "UA",
      "timeStamp": 1688403599,
      "volume": 0
    },
    {
      "OptionGreeks": {
        "currentValue": "true",
        "delta": 0.3342,
        "gamma": 0.32191,
        "iv": 0.46757,
        "rho": 0.00257,
        "theta": -0.00444,
        "vega": 0.00883
      },
      "adjustedFlag": "false",
      "ask": 0.25,
      "askSize": 133,
      "bid": 0.2,
      "bidSize": 64,
      "displaySymbol": "UA Aug 18 '23 $7.50 Call",
      "inTheMoney": "n",
      "lastPrice": 0.25,
      "netChange": 0.0,
      "openInterest": 1268,
      "optionCategory": "STANDARD",
      "optionRootSymbol": "UA",
      "optionType": "CALL",
      "osiKey": "UA----230818C00007500",
      "quoteDetail": "https://api.etrade.com/v1/market/quote/UA:2023:8:18:CALL:7.500000",
      "strikePrice": 7.5,
      "symbol": "UA",
      "timeStamp": 1688403588,
      "volume": 32
    },
    {
      "OptionGreeks": {
        "currentValue": "true",
        "delta": 0.01545,
        "gamma": 0.0341,
        "iv": 0.46757,
        "rho": 0.00012,
        "theta": -0.00046,
        "vega": 0.00096
      },
      "adjustedFlag": "false",
      "ask": 0.2,
      "askSize": 1468,
      "bid": 0.0,
      "bidSize": 0,
      "displaySymbol": "UA Aug 18 '23 $10 Call",
      "inTheMoney": "n",
      "lastPrice": 0.0,
      "netChange": 0.0,
      "openInterest": 0,
      "optionCategory": "STANDARD",
      "optionRootSymbol": "UA",
      "optionType": "CALL",
      "osiKey": "UA----230818C00010000",
      "quoteDetail": "https://api.etrade.com/v1/market/quote/UA:2023:8:18:CALL:10.000000",
      "strikePrice": 10.0,
      "symbol": "UA",
      "timeStamp": 1688403010,
      "volume": 0
    },
    {
      "OptionGreeks": {
        "currentValue": "true",
        "delta": 0.00022,
        "gamma": 0.00072,
        "iv": 0.46757,
        "rho": 0.0,
        "theta": -1e-05,
        "vega": 2e-05
      },
      "adjustedFlag": "false",
      "ask": 0.1,
      "askSize": 920,
      "bid": 0.0,
      "bidSize": 0,
      "displaySymbol": "UA Aug 18 '23 $12.50 Call",
      "inTheMoney": "n",
      "lastPrice": 0.0,
      "netChange": 0.0,
      "openInterest": 0,
      "optionCategory": "STANDARD",
      "optionRootSymbol": "UA",
      "optionType": "CALL",
      "osiKey": "UA----230818C00012500",
      "quoteDetail": "https://api.etrade.com/v1/market/quote/UA:2023:8:18:CALL:12.500000",
      "strikePrice": 12.5,
      "symbol": "UA",
      "timeStamp": 1688403010,
      "volume": 0
    }
  ],
  "2023-10-20": [
    {
      "OptionGreeks": {
        "currentValue": "true",
        "delta": -8e-05,
        "gamma": 0.00016,
        "iv": 0.5132,
        "rho": 0.0,
        "theta": 0.0,
        "vega": 1e-05
      },
      "adjustedFlag": "false",
      "ask": 0.1,
      "askSize": 705,
      "bid": 0.0,
      "bidSize": 0,
      "displaySymbol": "UA Oct 20 '23 $2.50 Put",
      "inTheMoney": "n",
      "lastPrice": 0.02,
      "netChange": 0.0,
      "openInterest": 10,
      "optionCategory": "STANDARD",
      "optionRootSymbol": "UA",
      "optionType": "PUT",
      "osiKey": "UA----231020P00002500",
      "quoteDetail": "https://api.etrade.com/v1/market/quote/UA:2023:10:20:PUT:2.500000",
      "strikePrice": 2.5,
      "symbol": "UA",
      "timeStamp": 1688403010,
      "volume": 0
    },
    {
      "OptionGreeks": {
        "currentValue": "true",
        "delta": -0.09848,
        "gamma": 0.09136,
        "iv": 0.5132,
        "rho": -0.00208,
        "theta": -0.0015,
        "vega": 0.00648
      },
      "adjustedFlag": "false",
      "ask": 0.15,
      "askSize": 402,
      "bid": 0.05,
      "bidSize": 941,
      "displaySymbol": "UA Oct 20 '23 $5 Put",
      "inTheMoney": "n",
      "lastPrice": 0.1,
      "netChange": 0.0,
      "openInterest": 189,
      "optionCategory": "STANDARD",
      "optionRootSymbol": "UA",
      "optionType": "PUT",
      "osiKey": "UA----231020P00005000",
      "quoteDetail": "https://api.etrade.com/v1/market/quote/UA:2023:10:20:PUT:5.000000",
      "strikePrice": 5.0,
      "symbol": "UA",
      "timeStamp": 1688403599,
      "volume": 0
    },
    {
      "OptionGreeks": {
        "currentValue": "true",
        "delta": -0.59892,
        "gamma": 0.25032,
        "iv": 0.44975,
        "rho": -0.0103,
        "theta": -0.00308,
        "vega": 0.01424
      },
      "adjustedFlag": "false",
      "ask": 1.1,
      "askSize": 50,
      "bid": 0.95,
      "bidSize": 663,
      "displaySymbol": "UA Oct 20 '23 $7.50 Put",
      "inTheMoney": "y",
      "lastPrice": 1.0,
      "netChange": -0.15,
      "openInterest": 5902,
      "optionCategory": "STANDARD",
      "optionRootSymbol": "UA",
      "optionType": "PUT",
      "osiKey": "UA----231020P00007500",
      "quoteDetail": "https://api.etrade.com/v1/market/quote/UA:2023:10:20:PUT:7.500000",
      "strikePrice": 7.5,
      "symbol": "UA",
      "timeStamp": 1688403599,
      "volume": 50
    },
    {
      "OptionGreeks": {
        "currentValue": "true",
        "delta": -0.96556,
        "gamma": 0.13675,
        "iv": 0.47624,
        "rho": -0.00347,
        "theta": -0.00148,
        "vega": 0.0027
      },
      "adjustedFlag": "false",
      "ask": 3.3,
      "askSize": 40,
      "bid": 3.1,
      "bidSize": 36,
      "displaySymbol": "UA Oct 20 '23 $10 Put",
      "inTheMoney": "y",
      "lastPrice": 2.9,
      "netChange": 0.0,
      "openInterest": 0,
      "optionCategory": "STANDARD",
      "optionRootSymbol": "UA",
      "optionType": "PUT",
      "osiKey": "UA----231020P00010000",
      "quoteDetail": "https://api.etrade.com/v1/market/quote/UA:2023:10:20:PUT:10.000000",
      "strikePrice": 10.0,
      "symbol": "UA",
      "timeStamp": 1688403010,
      "volume": 0
    },
    {
      "OptionGreeks": {
        "currentValue": "true",
        "delta": -1.0,
        "gamma": 0.0,
        "iv": 0.55007,
        "rho": 0.0,
        "theta": -0.00123,
        "vega": 0.0
      },
      "adjustedFlag": "false",
      "ask": 5.8,
      "askSize": 40,
      "bid": 5.6,
      "bidSize": 40,
      "displaySymbol": "UA Oct 20 '23 $12.50 Put",
      "inTheMoney": "y",
      "lastPrice": 0.0,
      "netChange": 0.0,
      "openInterest": 0,
      "optionCategory": "STANDARD",
      "optionRootSymbol": "UA",
      "optionType": "PUT",
      "osiKey": "UA----231020P00012500",
      "quoteDetail": "https://api.etrade.com/v1/market/quote/UA:2023:10:20:PUT:12.500000",
      "strikePrice": 12.5,
      "symbol": "UA",
      "timeStamp": 1688402969,
      "volume": 0
    },
    {
      "OptionGreeks": {
        "currentValue": "true",
        "delta": -1.0,
        "gamma": 0.0,
        "iv": 0.72632,
        "rho": 0.0,
        "theta": -0.00123,
        "vega": 0.0
      },
      "adjustedFlag": "false",
      "ask": 8.3,
      "askSize": 40,
      "bid": 8.1,
      "bidSize": 40,
      "displaySymbol": "UA Oct 20 '23 $15 Put",
      "inTheMoney": "y",
      "lastPrice": 7.4,
      "netChange": 0.0,
      "openInterest": 0,
      "optionCategory": "STANDARD",
      "optionRootSymbol": "UA",
      "optionType": "PUT",
      "osiKey": "UA----231020P00015000",
      "quoteDetail": "https://api.etrade.com/v1/market/quote/UA:2023:10:20:PUT:15.000000",
      "strikePrice": 15.0,
      "symbol": "UA",
      "timeStamp": 1688403010,
      "volume": 0
    },
    {
      "OptionGreeks": {
        "currentValue": "true",
        "delta": -0.99996,
        "gamma": 0.00014,
        "iv": 0.87534,
        "rho": 0.0,
        "theta": -0.00123,
        "vega": 0.0
      },
      "adjustedFlag": "false",
      "ask": 10.8,
      "askSize": 40,
      "bid": 10.6,
      "bidSize": 40,
      "displaySymbol": "UA Oct 20 '23 $17.50 Put",
      "inTheMoney": "y",
      "lastPrice": 0.0,
      "netChange": 0.0,
      "openInterest": 0,
      "optionCategory": "STANDARD",
      "optionRootSymbol": "UA",
      "optionType": "PUT",
      "osiKey": "UA----231020P00017500",
      "quoteDetail": "https://api.etrade.com/v1/market/quote/UA:2023:10:20:PUT:17.500000",
      "strikePrice": 17.5,
      "symbol": "UA",
      "timeStamp": 1688402969,
      "volume": 0
    },
    {
      "OptionGreeks": {
        "currentValue": "true",
        "delta": 1.0,
        "gamma": 0.00017,
        "iv": 0.5132,
        "rho": 0.00737,
        "theta": 0.0,
        "vega": 1e-05
      },
      "adjustedFlag": "false",
      "ask": 4.5,
      "askSize": 43,
      "bid": 4.3,
      "bidSize": 14,
      "displaySymbol": "UA Oct 20 '23 $2.50 Call",
      "inTheMoney": "y",
      "lastPrice": 4.79,
      "netChange": 0.0,
      "openInterest": 3,
      "optionCategory": "STANDARD",
      "optionRootSymbol": "UA",
      "optionType": "CALL",
      "osiKey": "UA----231020C00002500",
      "quoteDetail": "https://api.etrade.com/v1/market/quote/UA:2023:10:20:CALL:2.500000",
      "strikePrice": 2.5,
      "symbol": "UA",
      "timeStamp": 1688403599,
      "volume": 0
    },
    {
      "OptionGreeks": {
        "currentValue": "true",
        "delta": 0.90637,
        "gamma": 0.08999,
        "iv": 0.5132,
        "rho": 0.01246,
        "theta": -0.00121,
        "vega": 0.00644
      },
      "adjustedFlag": "false",
      "ask": 2.05,
      "askSize": 7,
      "bid": 1.9,
      "bidSize": 94,
      "displaySymbol": "UA Oct 20 '23 $5 Call",
      "inTheMoney": "y",
      "lastPrice": 1.85,
      "netChange": 0.0,
      "openInterest": 54,
      "optionCategory": "STANDARD",
      "optionRootSymbol": "UA",
      "optionType": "CALL",
      "osiKey": "UA----231020C00005000",
      "quoteDetail": "https://api.etrade.com/v1/market/quote/UA:2023:10:20:CALL:5.000000",
      "strikePrice": 5.0,
      "symbol": "UA",
      "timeStamp": 1688403599,
      "volume": 0
    },
    {
      "OptionGreeks": {
        "currentValue": "true",
        "delta": 0.42457,
        "gamma": 0.23407,
        "iv": 0.44975,
        "rho": 0.00725,
        "theta": -0.00295,
        "vega": 0.01461
      },
      "adjustedFlag": "false",
      "ask": 0.5,
      "askSize": 249,
      "bid": 0.4,
      "bidSize": 48,
      "displaySymbol": "UA Oct 20 '23 $7.50 Call",
      "inTheMoney": "n",
      "lastPrice": 0.4,
      "netChange": -0.01,
      "openInterest": 6372,
      "optionCategory": "STANDARD",
      "optionRootSymbol": "UA",
      "optionType": "CALL",
      "osiKey": "UA----231020C00007500",
      "quoteDetail": "https://api.etrade.com/v1/market/quote/UA:2023:10:20:CALL:7.500000",
      "strikePrice": 7.5,
      "symbol": "UA",
      "timeStamp": 1688403594,
      "volume": 8
    },
    {
      "OptionGreeks": {
        "currentValue": "true",
        "delta": 0.1027,
        "gamma": 0.1005,
        "iv": 0.47624,
        "rho": 0.00183,
        "theta": -0.00142,
        "vega": 0.00671
      },
      "adjustedFlag": "false",
      "ask": 0.1,
      "askSize": 267,
      "bid": 0.05,
      "bidSize": 173,
      "displaySymbol": "UA Oct 20 '23 $10 Call",
      "inTheMoney": "n",
      "lastPrice": 0.05,
      "netChange": -0.02,
      "openInterest": 643,
      "optionCategory": "STANDARD",
      "optionRootSymbol": "UA",
      "optionType": "CALL",
      "osiKey": "UA----231020C00010000",
      "quoteDetail": "https://api.etrade.com/v1/market/quote/UA:2023:10:20:CALL:10.000000",
      "strikePrice": 10.0,
      "symbol": "UA",
      "timeStamp": 1688403586,
      "volume": 15
    },
    {
      "OptionGreeks": {
        "currentValue": "true",
        "delta": 0.03603,
        "gamma": 0.03837,
        "iv": 0.55007,
        "rho": 0.00064,
        "theta": -0.00071,
        "vega": 0.00297
      },
      "adjustedFlag": "false",
      "ask": 0.05,
      "askSize": 381,
      "bid": 0.0,
      "bidSize": 0,
      "displaySymbol": "UA Oct 20 '23 $12.50 Call",
      "inTheMoney": "n",
      "lastPrice": 0.03,
      "netChange": 0.0,
      "openInterest": 449,
      "optionCategory": "STANDARD",
      "optionRootSymbol": "UA",
      "optionType": "CALL",
      "osiKey": "UA----231020C00012500",
      "quoteDetail": "https://api.etrade.com/v1/market/quote/UA:2023:10:20:CALL:12.500000",
      "strikePrice": 12.5,
      "symbol": "UA",
      "timeStamp": 1688403010,
      "volume": 0
    },
    {
      "OptionGreeks": {
        "currentValue": "true",
        "delta": 0.04154,
        "gamma": 0.03261,
        "iv": 0.72632,
        "rho": 0.00071,
        "theta": -0.00106,
        "vega": 0.00331
      },
      "adjustedFlag": "false",
      "ask": 0.25,
      "askSize": 1873,
      "bid": 0.0,
      "bidSize": 0,
      "displaySymbol": "UA Oct 20 '23 $15 Call",
      "inTheMoney": "n",
      "lastPrice": 0.1,
      "netChange": 0.0,
      "openInterest": 5,
      "optionCategory": "STANDARD",
      "optionRootSymbol": "UA",
      "optionType": "CALL",
      "osiKey": "UA----231020C00015000",
      "quoteDetail": "https://api.etrade.com/v1/market/quote/UA:2023:10:20:CALL:15.000000",
      "strikePrice": 15.0,
      "symbol": "UA",
      "timeStamp": 1688403010,
      "volume": 0
    },
    {
      "OptionGreeks": {
        "currentValue": "true",
        "delta": 0.0462,
        "gamma": 0.02946,
        "iv": 0.87534,
        "rho": 0.00076,
        "theta": -0.00139,
        "vega": 0.00359
      },
      "adjustedFlag": "false",
      "ask": 0.1,
      "askSize": 1146,
      "bid": 0.0,
      "bidSize": 0,
      "displaySymbol": "UA Oct 20 '23 $17.50 Call",
      "inTheMoney": "n",
      "lastPrice": 0.0,
      "netChange": 0.0,
      "openInterest": 0,
      "optionCategory": "STANDARD",
      "optionRootSymbol": "UA",
      "optionType": "CALL",
      "osiKey": "UA----231020C00017500",
      "quoteDetail": "https://api.etrade.com/v1/market/quote/UA:2023:10:20:CALL:17.500000",
      "strikePrice": 17.5,
      "symbol": "UA",
      "timeStamp": 1688403010,
      "volume": 0
    }
  ],
  "2024-01-19": [
    {
      "OptionGreeks": {
        "currentValue": "true",
        "delta": -0.00188,
        "gamma": 0.00231,
        "iv": 0.5145,
        "rho": -7e-05,
        "theta": -4e-05,
        "vega": 0.00031
      },
      "adjustedFlag": "false",
      "ask": 0.1,
      "askSize": 844,
      "bid": 0.0,
      "bidSize": 0,
      "displaySymbol": "UA Jan 19 '24 $2.50 Put",
      "inTheMoney": "n",
      "lastPrice": 0.05,
      "netChange": 0.0,
      "openInterest": 233,
      "optionCategory": "STANDARD",
      "optionRootSymbol": "UA",
      "optionType": "PUT",
      "osiKey": "UA----240119P00002500",
      "quoteDetail": "https://api.etrade.com/v1/market/quote/UA:2024:1:19:PUT:2.500000",
      "strikePrice": 2.5,
      "symbol": "UA",
      "timeStamp": 1688403010,
      "volume": 0
    },
    {
      "OptionGreeks": {
        "currentValue": "true",
        "delta": -0.14307,
        "gamma": 0.08828,
        "iv": 0.5145,
        "rho": -0.00575,
        "theta": -0.00145,
        "vega": 0.01142
      },
      "adjustedFlag": "false",
      "ask": 0.25,
      "askSize": 47,
      "bid": 0.2,
      "bidSize": 16,
      "displaySymbol": "UA Jan 19 '24 $5 Put",
      "inTheMoney": "n",
      "lastPrice": 0.24,
      "netChange": 0.02,
      "openInterest": 546,
      "optionCategory": "STANDARD",
      "optionRootSymbol": "UA",
      "optionType": "PUT",
      "osiKey": "UA----240119P00005000",
      "quoteDetail": "https://api.etrade.com/v1/market/quote/UA:2024:1:19:PUT:5.000000",
      "strikePrice": 5.0,
      "symbol": "UA",
      "timeStamp": 1688403592,
      "volume": 5
    },
    {
      "OptionGreeks": {
        "currentValue": "true",
        "delta": -0.54088,
        "gamma": 0.19775,
        "iv": 0.44003,
        "rho": -0.01775,
        "theta": -0.00227,
        "vega": 0.0197
      },
      "adjustedFlag": "false",
      "ask": 1.25,
      "askSize": 40,
      "bid": 1.15,
      "bidSize": 781,
      "displaySymbol": "UA Jan 19 '24 $7.50 Put",
      "inTheMoney": "y",
      "lastPrice": 1.17,
      "netChange": -0.03,
      "openInterest": 3588,
      "optionCategory": "STANDARD",
      "optionRootSymbol": "UA",
      "optionType": "PUT",
      "osiKey": "UA----240119P00007500",
      "quoteDetail": "https://api.etrade.com/v1/market/quote/UA:2024:1:19:PUT:7.500000",
      "strikePrice": 7.5,
      "symbol": "UA",
      "timeStamp": 1688403599,
      "volume": 71
    },
    {
      "OptionGreeks": {
        "currentValue": "true",
        "delta": -0.91466,
        "gamma": 0.16447,
        "iv": 0.43224,
        "rho": -0.01068,
        "theta": -0.00148,
        "vega": 0.00727
      },
      "adjustedFlag": "false",
      "ask": 3.3,
      "askSize": 14,
      "bid": 3.1,
      "bidSize": 972,
      "displaySymbol": "UA Jan 19 '24 $10 Put",
      "inTheMoney": "y",
      "lastPrice": 3.33,
      "netChange": 0.0,
      "openInterest": 915,
      "optionCategory": "STANDARD",
      "optionRootSymbol": "UA",
      "optionType": "PUT",
      "osiKey": "UA----240119P00010000",
      "quoteDetail": "https://api.etrade.com/v1/market/quote/UA:2024:1:19:PUT:10.000000",
      "strikePrice": 10.0,
      "symbol": "UA",
      "timeStamp": 1688403595,
      "volume": 0
    },
    {
      "OptionGreeks": {
        "currentValue": "true",
        "delta": -1.0,
        "gamma": 0.0,
        "iv": 0.48712,
        "rho": 0.0,
        "theta": -0.00115,
        "vega": 0.0
      },
      "adjustedFlag": "false",
      "ask": 5.8,
      "askSize": 40,
      "bid": 5.6,
      "bidSize": 36,
      "displaySymbol": "UA Jan 19 '24 $12.50 Put",
      "inTheMoney": "y",
      "lastPrice": 2.95,
      "netChange": 0.0,
      "openInterest": 7,
      "optionCategory": "STANDARD",
      "optionRootSymbol": "UA",
      "optionType": "PUT",
      "osiKey": "UA----240119P00012500",
      "quoteDetail": "https://api.etrade.com/v1/market/quote/UA:2024:1:19:PUT:12.500000",
      "strikePrice": 12.5,
      "symbol": "UA",
      "timeStamp": 1688402969,
      "volume": 0
    },
    {
      "OptionGreeks": {
        "currentValue": "true",
        "delta": -1.0,
        "gamma": 0.0,
        "iv": 0.49553,
        "rho": 0.0,
        "theta": -0.00115,
        "vega": 0.0
      },
      "adjustedFlag": "false",
      "ask": 8.3,
      "askSize": 43,
      "bid": 8.1,
      "bidSize": 43,
      "displaySymbol": "UA Jan 19 '24 $15 Put",
      "inTheMoney": "y",
      "lastPrice": 6.0,
      "netChange": 0.0,
      "openInterest": 0,
      "optionCategory": "STANDARD",
      "optionRootSymbol": "UA",
      "optionType": "PUT",
      "osiKey": "UA----240119P00015000",
      "quoteDetail": "https://api.etrade.com/v1/market/quote/UA:2024:1:19:PUT:15.000000",
      "strikePrice": 15.0,
      "symbol": "UA",
      "timeStamp": 1688403599,
      "volume": 0
    },
    {
      "OptionGreeks": {
        "currentValue": "true",
        "delta": -1.0,
        "gamma": 0.0,
        "iv": 0.57435,
        "rho": 0.0,
        "theta": -0.00115,
        "vega": 0.0
      },
      "adjustedFlag": "false",
      "ask": 10.8,
      "askSize": 40,
      "bid": 10.6,
      "bidSize": 40,
      "displaySymbol": "UA Jan 19 '24 $17.50 Put",
      "inTheMoney": "y",
      "lastPrice": 8.8,
      "netChange": 0.0,
      "openInterest": 1,
      "optionCategory": "STANDARD",
      "optionRootSymbol": "UA",
      "optionType": "PUT",
      "osiKey": "UA----240119P00017500",
      "quoteDetail": "https://api.etrade.com/v1/market/quote/UA:2024:1:19:PUT:17.500000",
      "strikePrice": 17.5,
      "symbol": "UA",
      "timeStamp": 1688402237,
      "volume": 0
    },
    {
      "OptionGreeks": {
        "currentValue": "true",
        "delta": -1.0,
        "gamma": 0.0,
        "iv": 0.64047,
        "rho": 0.0,
        "theta": -0.00115,
        "vega": 0.0
      },
      "adjustedFlag": "false",
      "ask": 13.3,
      "askSize": 40,
      "bid": 13.1,
      "bidSize": 40,
      "displaySymbol": "UA Jan 19 '24 $20 Put",
      "inTheMoney": "y",
      "lastPrice": 13.5,
      "netChange": 0.0,
      "openInterest": 0,
      "optionCategory": "STANDARD",
      "optionRootSymbol": "UA",
      "optionType": "PUT",
      "osiKey": "UA----240119P00020000",
      "quoteDetail": "https://api.etrade.com/v1/market/quote/UA:2024:1:19:PUT:20.000000",
      "strikePrice": 20.0,
      "symbol": "UA",
      "timeStamp": 1688402253,
      "volume": 0
    },
    {
      "OptionGreeks": {
        "currentValue": "true",
        "delta": -1.0,
        "gamma": 0.0,
        "iv": 0.69529,
        "rho": 0.0,
        "theta": -0.00115,
        "vega": 0.0
      },
      "adjustedFlag": "false",
      "ask": 15.8,
      "askSize": 40,
      "bid": 15.6,
      "bidSize": 36,
      "displaySymbol": "UA Jan 19 '24 $22.50 Put",
      "inTheMoney": "y",
      "lastPrice": 10.2,
      "netChange": 0.0,
      "openInterest": 0,
      "optionCategory": "STANDARD",
      "optionRootSymbol": "UA",
      "optionType": "PUT",
      "osiKey": "UA----240119P00022500",
      "quoteDetail": "https://api.etrade.com/v1/market/quote/UA:2024:1:19:PUT:22.500000",
      "strikePrice": 22.5,
      "symbol": "UA",
      "timeStamp": 1688403010,
      "volume": 0
    },
    {
      "OptionGreeks": {
        "currentValue": "true",
        "delta": -1.0,
        "gamma": 0.0,
        "iv": 0.74433,
        "rho": 0.0,
        "theta": -0.00115,
        "vega": 0.0
      },
      "adjustedFlag": "false",
      "ask": 18.3,
      "askSize": 40,
      "bid": 18.1,
      "bidSize": 36,
      "displaySymbol": "UA Jan 19 '24 $25 Put",
      "inTheMoney": "y",
      "lastPrice": 0.0,
      "netChange": 0.0,
      "openInterest": 0,
      "optionCategory": "STANDARD",
      "optionRootSymbol": "UA",
      "optionType": "PUT",
      "osiKey": "UA----240119P00025000",
      "quoteDetail": "https://api.etrade.com/v1/market/quote/UA:2024:1:19:PUT:25.000000",
      "strikePrice": 25.0,
      "symbol": "UA",
      "timeStamp": 1688402014,
      "volume": 0
    },
    {
      "OptionGreeks": {
        "currentValue": "true",
        "delta": -1.0,
        "gamma": 0.0,
        "iv": 0.78869,
        "rho": 0.0,
        "theta": -0.00115,
        "vega": 0.0
      },
      "adjustedFlag": "false",
      "ask": 20.8,
      "askSize": 40,
      "bid": 20.6,
      "bidSize": 40,
      "displaySymbol": "UA Jan 19 '24 $27.50 Put",
      "inTheMoney": "y",
      "lastPrice": 0.0,
      "netChange": 0.0,
      "openInterest": 0,
      "optionCategory": "STANDARD",
      "optionRootSymbol": "UA",
      "optionType": "PUT",
      "osiKey": "UA----240119P00027500",
      "quoteDetail": "https://api.etrade.com/v1/market/quote/UA:2024:1:19:PUT:27.500000",
      "strikePrice": 27.5,
      "symbol": "UA",
      "timeStamp": 1688402253,
      "volume": 0
    },
    {
      "OptionGreeks": {
        "currentValue": "true",
        "delta": -1.0,
        "gamma": 0.0,
        "iv": 0.82919,
        "rho": 0.0,
        "theta": -0.00115,
        "vega": 0.0
      },
      "adjustedFlag": "false",
      "ask": 23.3,
      "askSize": 40,
      "bid": 23.1,
      "bidSize": 36,
      "displaySymbol": "UA Jan 19 '24 $30 Put",
      "inTheMoney": "y",
      "lastPrice": 23.47,
      "netChange": 0.0,
      "openInterest": 0,
      "optionCategory": "STANDARD",
      "optionRootSymbol": "UA",
      "optionType": "PUT",
      "osiKey": "UA----240119P00030000",
      "quoteDetail": "https://api.etrade.com/v1/market/quote/UA:2024:1:19:PUT:30.000000",
      "strikePrice": 30.0,
      "symbol": "UA",
      "timeStamp": 1688402253,
      "volume": 0
    },
    {
      "OptionGreeks": {
        "currentValue": "true",
        "delta": -1.0,
        "gamma": 0.0,
        "iv": 0.86644,
        "rho": 0.0,
        "theta": -0.00115,
        "vega": 0.0
      },
      "adjustedFlag": "false",
      "ask": 25.9,
      "askSize": 33,
      "bid": 25.6,
      "bidSize": 33,
      "displaySymbol": "UA Jan 19 '24 $32.50 Put",
      "inTheMoney": "y",
      "lastPrice": 0.0,
      "netChange": 0.0,
      "openInterest": 0,
      "optionCategory": "STANDARD",
      "optionRootSymbol": "UA",
      "optionType": "PUT",
      "osiKey": "UA----240119P00032500",
      "quoteDetail": "https://api.etrade.com/v1/market/quote/UA:2024:1:19:PUT:32.500000",
      "strikePrice": 32.5,
      "symbol": "UA",
      "timeStamp": 1688403571,
      "volume": 0
    },
    {
      "OptionGreeks": {
        "currentValue": "true",
        "delta": -1.0,
        "gamma": 0.0,
        "iv": 0.90093,
        "rho": 0.0,
        "theta": -0.00115,
        "vega": 0.0
      },
      "adjustedFlag": "false",
      "ask": 28.4,
      "askSize": 33,
      "bid": 28.0,
      "bidSize": 100,
      "displaySymbol": "UA Jan 19 '24 $35 Put",
      "inTheMoney": "y",
      "lastPrice": 0.0,
      "netChange": 0.0,
      "openInterest": 0,
      "optionCategory": "STANDARD",
      "optionRootSymbol": "UA",
      "optionType": "PUT",
      "osiKey": "UA----240119P00035000",
      "quoteDetail": "https://api.etrade.com/v1/market/quote/UA:2024:1:19:PUT:35.000000",
      "strikePrice": 35.0,
      "symbol": "UA",
      "timeStamp": 1688403582,
      "volume": 0
    },
    {
      "OptionGreeks": {
        "currentValue": "true",
        "delta": -1.0,
        "gamma": 0.0,
        "iv": 0.90093,
        "rho": 0.0,
        "theta": -0.00115,
        "vega": 0.0
      },
      "adjustedFlag": "false",
      "ask": 30.9,
      "askSize": 33,
      "bid": 30.1,
      "bidSize": 103,
      "displaySymbol": "UA Jan 19 '24 $37.50 Put",
      "inTheMoney": "y",
      "lastPrice": 0.0,
      "netChange": 0.0,
      "openInterest": 0,
      "optionCategory": "STANDARD",
      "optionRootSymbol": "UA",
      "optionType": "PUT",
      "osiKey": "UA----240119P00037500",
      "quoteDetail": "https://api.etrade.com/v1/market/quote/UA:2024:1:19:PUT:37.500000",
      "strikePrice": 37.5,
      "symbol": "UA",
      "timeStamp": 1688403530,
      "volume": 0
    },
    {
      "OptionGreeks": {
        "currentValue": "true",
        "delta": -1.0,
        "gamma": 0.0,
        "iv": 0.90093,
        "rho": -2e-05,
        "theta": -0.00115,
        "vega": 0.0
      },
      "adjustedFlag": "false",
      "ask": 34.1,
      "askSize": 63,
      "bid": 32.5,
      "bidSize": 93,
      "displaySymbol": "UA Jan 19 '24 $40 Put",
      "inTheMoney": "y",
      "lastPrice": 0.0,
      "netChange": 0.0,
      "openInterest": 0,
      "optionCategory": "STANDARD",
      "optionRootSymbol": "UA",
      "optionType": "PUT",
      "osiKey": "UA----240119P00040000",
      "quoteDetail": "https://api.etrade.com/v1/market/quote/UA:2024:1:19:PUT:40.000000",
      "strikePrice": 40.0,
      "symbol": "UA",
      "timeStamp": 1688403516,
      "volume": 0
    },
    {
      "OptionGreeks": {
        "currentValue": "true",
        "delta": 1.0,
        "gamma": 0.00229,
        "iv": 0.5145,
        "rho": 0.01306,
        "theta": 0.0,
        "vega": 0.00031
      },
      "adjustedFlag": "false",
      "ask": 4.5,
      "askSize": 40,
      "bid": 4.3,
      "bidSize": 40,
      "displaySymbol": "UA Jan 19 '24 $2.50 Call",
      "inTheMoney": "y",
      "lastPrice": 4.6,
      "netChange": 0.0,
      "openInterest": 100,
      "optionCategory": "STANDARD",
      "optionRootSymbol": "UA",
      "optionType": "CALL",
      "osiKey": "UA----240119C00002500",
      "quoteDetail": "https://api.etrade.com/v1/market/quote/UA:2024:1:19:CALL:2.500000",
      "strikePrice": 2.5,
      "symbol": "UA",
      "timeStamp": 1688403317,
      "volume": 0
    },
    {
      "OptionGreeks": {
        "currentValue": "true",
        "delta": 0.86391,
        "gamma": 0.08586,
        "iv": 0.5145,
        "rho": 0.0201,
        "theta": -0.00113,
        "vega": 0.01128
      },
      "adjustedFlag": "false",
      "ask": 2.25,
      "askSize": 82,
      "bid": 2.1,
      "bidSize": 497,
      "displaySymbol": "UA Jan 19 '24 $5 Call",
      "inTheMoney": "y",
      "lastPrice": 2.24,
      "netChange": 0.19,
      "openInterest": 478,
      "optionCategory": "STANDARD",
      "optionRootSymbol": "UA",
      "optionType": "CALL",
      "osiKey": "UA----240119C00005000",
      "quoteDetail": "https://api.etrade.com/v1/market/quote/UA:2024:1:19:CALL:5.000000",
      "strikePrice": 5.0,
      "symbol": "UA",
      "timeStamp": 1688403598,
      "volume": 11
    },
    {
      "OptionGreeks": {
        "currentValue": "true",
        "delta": 0.48929,
        "gamma": 0.17997,
        "iv": 0.44003,
        "rho": 0.0143,
        "theta": -0.00212,
        "vega": 0.02015
      },
      "adjustedFlag": "false",
      "ask": 0.75,
      "askSize": 94,
      "bid": 0.65,
      "bidSize": 976,
      "displaySymbol": "UA Jan 19 '24 $7.50 Call",
      "inTheMoney": "n",
      "lastPrice": 0.65,
      "netChange": -0.02,
      "openInterest": 4642,
      "optionCategory": "STANDARD",
      "optionRootSymbol": "UA",
      "optionType": "CALL",
      "osiKey": "UA----240119C00007500",
      "quoteDetail": "https://api.etrade.com/v1/market/quote/UA:2024:1:19:CALL:7.500000",
      "strikePrice": 7.5,
      "symbol": "UA",
      "timeStamp": 1688403599,
      "volume": 34
    },
    {
      "OptionGreeks": {
        "currentValue": "true",
        "delta": 0.1764,
        "gamma": 0.11849,
        "iv": 0.43224,
        "rho": 0.00552,
        "theta": -0.00137,
        "vega": 0.01312
      },
      "adjustedFlag": "false",
      "ask": 0.2,
      "askSize": 340,
      "bid": 0.15,
      "bidSize": 440,
      "displaySymbol": "UA Jan 19 '24 $10 Call",
      "inTheMoney": "n",
      "lastPrice": 0.2,
      "netChange": 0.01,
      "openInterest": 24736,
      "optionCategory": "STANDARD",
      "optionRootSymbol": "UA",
      "optionType": "CALL",
      "osiKey": "UA----240119C00010000",
      "quoteDetail": "https://api.etrade.com/v1/market/quote/UA:2024:1:19:CALL:10.000000",
      "strikePrice": 10.0,
      "symbol": "UA",
      "timeStamp": 1688403599,
      "volume": 1
    },
    {
      "OptionGreeks": {
        "currentValue": "true",
        "delta": 0.08042,
        "gamma": 0.06042,
        "iv": 0.48712,
        "rho": 0.00252,
        "theta": -0.00089,
        "vega": 0.00759
      },
      "adjustedFlag": "false",
      "ask": 0.1,
      "askSize": 579,
      "bid": 0.05,
      "bidSize": 8,
      "displaySymbol": "UA Jan 19 '24 $12.50 Call",
      "inTheMoney": "n",
      "lastPrice": 0.05,
      "netChange": -0.05,
      "openInterest": 2267,
      "optionCategory": "STANDARD",
      "optionRootSymbol": "UA",
      "optionType": "CALL",
      "osiKey": "UA----240119C00012500",
      "quoteDetail": "https://api.etrade.com/v1/market/quote/UA:2024:1:19:CALL:12.500000",
      "strikePrice": 12.5,
      "symbol": "UA",
      "timeStamp": 1688403578,
      "volume": 8
    },
    {
      "OptionGreeks": {
        "currentValue": "true",
        "delta": 0.03079,
        "gamma": 0.0276,
        "iv": 0.49553,
        "rho": 0.00097,
        "theta": -0.00041,
        "vega": 0.00355
      },
      "adjustedFlag": "false",
      "ask": 0.05,
      "askSize": 7,
      "bid": 0.0,
      "bidSize": 0,
      "displaySymbol": "UA Jan 19 '24 $15 Call",
      "inTheMoney": "n",
      "lastPrice": 0.05,
      "netChange": 0.0,
      "openInterest": 16182,
      "optionCategory": "STANDARD",
      "optionRootSymbol": "UA",
      "optionType": "CALL",
      "osiKey": "UA----240119C00015000",
      "quoteDetail": "https://api.etrade.com/v1/market/quote/UA:2024:1:19:CALL:15.000000",
      "strikePrice": 15.0,
      "symbol": "UA",
      "timeStamp": 1688391003,
      "volume": 0
    },
    {
      "OptionGreeks": {
        "currentValue": "true",
        "delta": 0.02749,
        "gamma": 0.02165,
        "iv": 0.57435,
        "rho": 0.00085,
        "theta": -0.00044,
        "vega": 0.00322
      },
      "adjustedFlag": "false",
      "ask": 0.05,
      "askSize": 463,
      "bid": 0.0,
      "bidSize": 0,
      "displaySymbol": "UA Jan 19 '24 $17.50 Call",
      "inTheMoney": "n",
      "lastPrice": 0.05,
      "netChange": 0.0,
      "openInterest": 454,
      "optionCategory": "STANDARD",
      "optionRootSymbol": "UA",
      "optionType": "CALL",
      "osiKey": "UA----240119C00017500",
      "quoteDetail": "https://api.etrade.com/v1/market/quote/UA:2024:1:19:CALL:17.500000",
      "strikePrice": 17.5,
      "symbol": "UA",
      "timeStamp": 1688403589,
      "volume": 0
    },
    {
      "OptionGreeks": {
        "currentValue": "true",
        "delta": 0.02532,
        "gamma": 0.01811,
        "iv": 0.64047,
        "rho": 0.00077,
        "theta": -0.00045,
        "vega": 0.00299
      },
      "adjustedFlag": "false",
      "ask": 0.05,
      "askSize": 519,
      "bid": 0.0,
      "bidSize": 0,
      "displaySymbol": "UA Jan 19 '24 $20 Call",
      "inTheMoney": "n",
      "lastPrice": 0.04,
      "netChange": 0.0,
      "openInterest": 917,
      "optionCategory": "STANDARD",
      "optionRootSymbol": "UA",
      "optionType": "CALL",
      "osiKey": "UA----240119C00020000",
      "quoteDetail": "https://api.etrade.com/v1/market/quote/UA:2024:1:19:CALL:20.000000",
      "strikePrice": 20.0,
      "symbol": "UA",
      "timeStamp": 1688403589,
      "volume": 0
    },
    {
      "OptionGreeks": {
        "currentValue": "true",
        "delta": 0.02334,
        "gamma": 0.01557,
        "iv": 0.69529,
        "rho": 0.0007,
        "theta": -0.00046,
        "vega": 0.00278
      },
      "adjustedFlag": "false",
      "ask": 0.3,
      "askSize": 2412,
      "bid": 0.0,
      "bidSize": 0,
      "displaySymbol": "UA Jan 19 '24 $22.50 Call",
      "inTheMoney": "n",
      "lastPrice": 0.05,
      "netChange": 0.0,
      "openInterest": 486,
      "optionCategory": "STANDARD",
      "optionRootSymbol": "UA",
      "optionType": "CALL",
      "osiKey": "UA----240119C00022500",
      "quoteDetail": "https://api.etrade.com/v1/market/quote/UA:2024:1:19:CALL:22.500000",
      "strikePrice": 22.5,
      "symbol": "UA",
      "timeStamp": 1688403010,
      "volume": 0
    },
    {
      "OptionGreeks": {
        "currentValue": "true",
        "delta": 0.02204,
        "gamma": 0.01385,
        "iv": 0.74433,
        "rho": 0.00066,
        "theta": -0.00047,
        "vega": 0.00265
      },
      "adjustedFlag": "false",
      "ask": 0.3,
      "askSize": 1856,
      "bid": 0.0,
      "bidSize": 0,
      "displaySymbol": "UA Jan 19 '24 $25 Call",
      "inTheMoney": "n",
      "lastPrice": 0.05,
      "netChange": 0.0,
      "openInterest": 215,
      "optionCategory": "STANDARD",
      "optionRootSymbol": "UA",
      "optionType": "CALL",
      "osiKey": "UA----240119C00025000",
      "quoteDetail": "https://api.etrade.com/v1/market/quote/UA:2024:1:19:CALL:25.000000",
      "strikePrice": 25.0,
      "symbol": "UA",
      "timeStamp": 1688403010,
      "volume": 0
    },
    {
      "OptionGreeks": {
        "currentValue": "true",
        "delta": 0.02115,
        "gamma": 0.01261,
        "iv": 0.78869,
        "rho": 0.00062,
        "theta": -0.00048,
        "vega": 0.00255
      },
      "adjustedFlag": "false",
      "ask": 0.3,
      "askSize": 1524,
      "bid": 0.0,
      "bidSize": 0,
      "displaySymbol": "UA Jan 19 '24 $27.50 Call",
      "inTheMoney": "n",
      "lastPrice": 0.1,
      "netChange": 0.0,
      "openInterest": 44,
      "optionCategory": "STANDARD",
      "optionRootSymbol": "UA",
      "optionType": "CALL",
      "osiKey": "UA----240119C00027500",
      "quoteDetail": "https://api.etrade.com/v1/market/quote/UA:2024:1:19:CALL:27.500000",
      "strikePrice": 27.5,
      "symbol": "UA",
      "timeStamp": 1688403010,
      "volume": 0
    },
    {
      "OptionGreeks": {
        "currentValue": "true",
        "delta": 0.02051,
        "gamma": 0.01168,
        "iv": 0.82919,
        "rho": 0.0006,
        "theta": -0.00049,
        "vega": 0.00248
      },
      "adjustedFlag": "false",
      "ask": 0.3,
      "askSize": 1826,
      "bid": 0.0,
      "bidSize": 0,
      "displaySymbol": "UA Jan 19 '24 $30 Call",
      "inTheMoney": "n",
      "lastPrice": 0.01,
      "netChange": 0.0,
      "openInterest": 36,
      "optionCategory": "STANDARD",
      "optionRootSymbol": "UA",
      "optionType": "CALL",
      "osiKey": "UA----240119C00030000",
      "quoteDetail": "https://api.etrade.com/v1/market/quote/UA:2024:1:19:CALL:30.000000",
      "strikePrice": 30.0,
      "symbol": "UA",
      "timeStamp": 1688403010,
      "volume": 0
    },
    {
      "OptionGreeks": {
        "currentValue": "true",
        "delta": 0.02006,
        "gamma": 0.01096,
        "iv": 0.86644,
        "rho": 0.00058,
        "theta": -0.0005,
        "vega": 0.00242
      },
      "adjustedFlag": "false",
      "ask": 0.3,
      "askSize": 1826,
      "bid": 0.0,
      "bidSize": 0,
      "displaySymbol": "UA Jan 19 '24 $32.50 Call",
      "inTheMoney": "n",
      "lastPrice": 0.05,
      "netChange": 0.0,
      "openInterest": 11,
      "optionCategory": "STANDARD",
      "optionRootSymbol": "UA",
      "optionType": "CALL",
      "osiKey": "UA----240119C00032500",
      "quoteDetail": "https://api.etrade.com/v1/market/quote/UA:2024:1:19:CALL:32.500000",
      "strikePrice": 32.5,
      "symbol": "UA",
      "timeStamp": 1688403010,
      "volume": 0
    },
    {
      "OptionGreeks": {
        "currentValue": "true",
        "delta": 0.01973,
        "gamma": 0.01039,
        "iv": 0.90093,
        "rho": 0.00056,
        "theta": -0.00051,
        "vega": 0.00239
      },
      "adjustedFlag": "false",
      "ask": 0.05,
      "askSize": 533,
      "bid": 0.0,
      "bidSize": 0,
      "displaySymbol": "UA Jan 19 '24 $35 Call",
      "inTheMoney": "n",
      "lastPrice": 0.05,
      "netChange": 0.0,
      "openInterest": 50,
      "optionCategory": "STANDARD",
      "optionRootSymbol": "UA",
      "optionType": "CALL",
      "osiKey": "UA----240119C00035000",
      "quoteDetail": "https://api.etrade.com/v1/market/quote/UA:2024:1:19:CALL:35.000000",
      "strikePrice": 35.0,
      "symbol": "UA",
      "timeStamp": 1688403585,
      "volume": 0
    },
    {
      "OptionGreeks": {
        "currentValue": "true",
        "delta": 0.01525,
        "gamma": 0.00833,
        "iv": 0.90093,
        "rho": 0.00044,
        "theta": -0.00041,
        "vega": 0.00192
      },
      "adjustedFlag": "false",
      "ask": 0.3,
      "askSize": 1779,
      "bid": 0.0,
      "bidSize": 0,
      "displaySymbol": "UA Jan 19 '24 $37.50 Call",
      "inTheMoney": "n",
      "lastPrice": 0.05,
      "netChange": 0.0,
      "openInterest": 35,
      "optionCategory": "STANDARD",
      "optionRootSymbol": "UA",
      "optionType": "CALL",
      "osiKey": "UA----240119C00037500",
      "quoteDetail": "https://api.etrade.com/v1/market/quote/UA:2024:1:19:CALL:37.500000",
      "strikePrice": 37.5,
      "symbol": "UA",
      "timeStamp": 1688403376,
      "volume": 0
    },
    {
      "OptionGreeks": {
        "currentValue": "true",
        "delta": 0.01188,
        "gamma": 0.00671,
        "iv": 0.90093,
        "rho": 0.00034,
        "theta": -0.00033,
        "vega": 0.00154
      },
      "adjustedFlag": "false",
      "ask": 0.35,
      "askSize": 907,
      "bid": 0.0,
      "bidSize": 0,
      "displaySymbol": "UA Jan 19 '24 $40 Call",
      "inTheMoney": "n",
      "lastPrice": 0.08,
      "netChange": 0.0,
      "openInterest": 4,
      "optionCategory": "STANDARD",
      "optionRootSymbol": "UA",
      "optionType": "CALL",
      "osiKey": "UA----240119C00040000",
      "quoteDetail": "https://api.etrade.com/v1/market/quote/UA:2024:1:19:CALL:40.000000",
      "strikePrice": 40.0,
      "symbol": "UA",
      "timeStamp": 1688403583,
      "volume": 0
    }
  ],
  "2025-01-17": [
    {
      "OptionGreeks": {
        "currentValue": "true",
        "delta": -0.01799,
        "gamma": 0.01094,
        "iv": 0.48303,
        "rho": -0.00217,
        "theta": -0.00015,
        "vega": 0.00381
      },
      "adjustedFlag": "false",
      "ask": 0.5,
      "askSize": 1045,
      "bid": 0.0,
      "bidSize": 0,
      "displaySymbol": "UA Jan 17 '25 $2.50 Put",
      "inTheMoney": "n",
      "lastPrice": 0.0,
      "netChange": 0.0,
      "openInterest": 0,
      "optionCategory": "STANDARD",
      "optionRootSymbol": "UA",
      "optionType": "PUT",
      "osiKey": "UA----250117P00002500",
      "quoteDetail": "https://api.etrade.com/v1/market/quote/UA:2025:1:17:PUT:2.500000",
      "strikePrice": 2.5,
      "symbol": "UA",
      "timeStamp": 1688403010,
      "volume": 0
    },
    {
      "OptionGreeks": {
        "currentValue": "true",
        "delta": -0.1791,
        "gamma": 0.06713,
        "iv": 0.48303,
        "rho": -0.02146,
        "theta": -0.00092,
        "vega": 0.02203
      },
      "adjustedFlag": "false",
      "ask": 0.6,
      "askSize": 42,
      "bid": 0.45,
      "bidSize": 437,
      "displaySymbol": "UA Jan 17 '25 $5 Put",
      "inTheMoney": "n",
      "lastPrice": 0.6,
      "netChange": 0.0,
      "openInterest": 277,
      "optionCategory": "STANDARD",
      "optionRootSymbol": "UA",
      "optionType": "PUT",
      "osiKey": "UA----250117P00005000",
      "quoteDetail": "https://api.etrade.com/v1/market/quote/UA:2025:1:17:PUT:5.000000",
      "strikePrice": 5.0,
      "symbol": "UA",
      "timeStamp": 1688403599,
      "volume": 0
    },
    {
      "OptionGreeks": {
        "currentValue": "true",
        "delta": -0.43539,
        "gamma": 0.11856,
        "iv": 0.46023,
        "rho": -0.04431,
        "theta": -0.00136,
        "vega": 0.03232
      },
      "adjustedFlag": "false",
      "ask": 1.8,
      "askSize": 34,
      "bid": 1.55,
      "bidSize": 145,
      "displaySymbol": "UA Jan 17 '25 $7.50 Put",
      "inTheMoney": "y",
      "lastPrice": 1.45,
      "netChange": 0.0,
      "openInterest": 567,
      "optionCategory": "STANDARD",
      "optionRootSymbol": "UA",
      "optionType": "PUT",
      "osiKey": "UA----250117P00007500",
      "quoteDetail": "https://api.etrade.com/v1/market/quote/UA:2025:1:17:PUT:7.500000",
      "strikePrice": 7.5,
      "symbol": "UA",
      "timeStamp": 1688403599,
      "volume": 0
    },
    {
      "OptionGreeks": {
        "currentValue": "true",
        "delta": -0.69257,
        "gamma": 0.14155,
        "iv": 0.45865,
        "rho": -0.04895,
        "theta": -0.0014,
        "vega": 0.02749
      },
      "adjustedFlag": "false",
      "ask": 3.6,
      "askSize": 8,
      "bid": 3.4,
      "bidSize": 339,
      "displaySymbol": "UA Jan 17 '25 $10 Put",
      "inTheMoney": "y",
      "lastPrice": 2.2,
      "netChange": 0.0,
      "openInterest": 498,
      "optionCategory": "STANDARD",
      "optionRootSymbol": "UA",
      "optionType": "PUT",
      "osiKey": "UA----250117P00010000",
      "quoteDetail": "https://api.etrade.com/v1/market/quote/UA:2025:1:17:PUT:10.000000",
      "strikePrice": 10.0,
      "symbol": "UA",
      "timeStamp": 1688403499,
      "volume": 0
    },
    {
      "OptionGreeks": {
        "currentValue": "true",
        "delta": -0.92072,
        "gamma": 0.14933,
        "iv": 0.45442,
        "rho": -0.01541,
        "theta": -0.00117,
        "vega": 0.00983
      },
      "adjustedFlag": "false",
      "ask": 5.8,
      "askSize": 7,
      "bid": 5.6,
      "bidSize": 34,
      "displaySymbol": "UA Jan 17 '25 $12.50 Put",
      "inTheMoney": "y",
      "lastPrice": 3.6,
      "netChange": 0.0,
      "openInterest": 0,
      "optionCategory": "STANDARD",
      "optionRootSymbol": "UA",
      "optionType": "PUT",
      "osiKey": "UA----250117P00012500",
      "quoteDetail": "https://api.etrade.com/v1/market/quote/UA:2025:1:17:PUT:12.500000",
      "strikePrice": 12.5,
      "symbol": "UA",
      "timeStamp": 1688402840,
      "volume": 0
    },
    {
      "OptionGreeks": {
        "currentValue": "true",
        "delta": -1.0,
        "gamma": 0.0,
        "iv": 0.4426,
        "rho": 0.0,
        "theta": -0.00109,
        "vega": 0.0
      },
      "adjustedFlag": "false",
      "ask": 8.3,
      "askSize": 12,
      "bid": 8.0,
      "bidSize": 40,
      "displaySymbol": "UA Jan 17 '25 $15 Put",
      "inTheMoney": "y",
      "lastPrice": 8.1,
      "netChange": 0.0,
      "openInterest": 0,
      "optionCategory": "STANDARD",
      "optionRootSymbol": "UA",
      "optionType": "PUT",
      "osiKey": "UA----250117P00015000",
      "quoteDetail": "https://api.etrade.com/v1/market/quote/UA:2025:1:17:PUT:15.000000",
      "strikePrice": 15.0,
      "symbol": "UA",
      "timeStamp": 1688403573,
      "volume": 0
    },
    {
      "OptionGreeks": {
        "currentValue": "true",
        "delta": -1.0,
        "gamma": 0.0,
        "iv": 0.44622,
        "rho": 0.0,
        "theta": -0.00109,
        "vega": 0.0
      },
      "adjustedFlag": "false",
      "ask": 10.8,
      "askSize": 14,
      "bid": 10.6,
      "bidSize": 36,
      "displaySymbol": "UA Jan 17 '25 $17.50 Put",
      "inTheMoney": "y",
      "lastPrice": 9.45,
      "netChange": 0.0,
      "openInterest": 0,
      "optionCategory": "STANDARD",
      "optionRootSymbol": "UA",
      "optionType": "PUT",
      "osiKey": "UA----250117P00017500",
      "quoteDetail": "https://api.etrade.com/v1/market/quote/UA:2025:1:17:PUT:17.500000",
      "strikePrice": 17.5,
      "symbol": "UA",
      "timeStamp": 1688403269,
      "volume": 0
    },
    {
      "OptionGreeks": {
        "currentValue": "true",
        "delta": -1.0,
        "gamma": 0.0,
        "iv": 0.45567,
        "rho": 0.0,
        "theta": -0.00109,
        "vega": 0.0
      },
      "adjustedFlag": "false",
      "ask": 13.3,
      "askSize": 12,
      "bid": 13.1,
      "bidSize": 36,
      "displaySymbol": "UA Jan 17 '25 $20 Put",
      "inTheMoney": "y",
      "lastPrice": 0.0,
      "netChange": 0.0,
      "openInterest": 0,
      "optionCategory": "STANDARD",
      "optionRootSymbol": "UA",
      "optionType": "PUT",
      "osiKey": "UA----250117P00020000",
      "quoteDetail": "https://api.etrade.com/v1/market/quote/UA:2025:1:17:PUT:20.000000",
      "strikePrice": 20.0,
      "symbol": "UA",
      "timeStamp": 1688402857,
      "volume": 0
    },
    {
      "OptionGreeks": {
        "currentValue": "true",
        "delta": -1.0,
        "gamma": 0.0,
        "iv": 0.47032,
        "rho": 0.0,
        "theta": -0.00109,
        "vega": 0.0
      },
      "adjustedFlag": "false",
      "ask": 15.8,
      "askSize": 12,
      "bid": 15.6,
      "bidSize": 36,
      "displaySymbol": "UA Jan 17 '25 $22.50 Put",
      "inTheMoney": "y",
      "lastPrice": 0.0,
      "netChange": 0.0,
      "openInterest": 0,
      "optionCategory": "STANDARD",
      "optionRootSymbol": "UA",
      "optionType": "PUT",
      "osiKey": "UA----250117P00022500",
      "quoteDetail": "https://api.etrade.com/v1/market/quote/UA:2025:1:17:PUT:22.500000",
      "strikePrice": 22.5,
      "symbol": "UA",
      "timeStamp": 1688402059,
      "volume": 0
    },
    {
      "OptionGreeks": {
        "currentValue": "true",
        "delta": 0.99211,
        "gamma": 0.01058,
        "iv": 0.48303,
        "rho": 0.03339,
        "theta": 0.0,
        "vega": 0.00373
      },
      "adjustedFlag": "false",
      "ask": 5.0,
      "askSize": 46,
      "bid": 4.3,
      "bidSize": 34,
      "displaySymbol": "UA Jan 17 '25 $2.50 Call",
      "inTheMoney": "y",
      "lastPrice": 4.65,
      "netChange": 0.0,
      "openInterest": 51,
      "optionCategory": "STANDARD",
      "optionRootSymbol": "UA",
      "optionType": "CALL",
      "osiKey": "UA----250117C00002500",
      "quoteDetail": "https://api.etrade.com/v1/market/quote/UA:2025:1:17:CALL:2.500000",
      "strikePrice": 2.5,
      "symbol": "UA",
      "timeStamp": 1688403595,
      "volume": 0
    },
    {
      "OptionGreeks": {
        "currentValue": "true",
        "delta": 0.84015,
        "gamma": 0.06189,
        "iv": 0.48303,
        "rho": 0.04569,
        "theta": -0.00053,
        "vega": 0.0215
      },
      "adjustedFlag": "false",
      "ask": 2.85,
      "askSize": 18,
      "bid": 2.6,
      "bidSize": 1,
      "displaySymbol": "UA Jan 17 '25 $5 Call",
      "inTheMoney": "y",
      "lastPrice": 2.75,
      "netChange": 0.03,
      "openInterest": 339,
      "optionCategory": "STANDARD",
      "optionRootSymbol": "UA",
      "optionType": "CALL",
      "osiKey": "UA----250117C00005000",
      "quoteDetail": "https://api.etrade.com/v1/market/quote/UA:2025:1:17:CALL:5.000000",
      "strikePrice": 5.0,
      "symbol": "UA",
      "timeStamp": 1688403599,
      "volume": 2
    },
    {
      "OptionGreeks": {
        "currentValue": "true",
        "delta": 0.61494,
        "gamma": 0.09921,
        "iv": 0.46023,
        "rho": 0.04086,
        "theta": -0.00113,
        "vega": 0.03276
      },
      "adjustedFlag": "false",
      "ask": 1.6,
      "askSize": 1,
      "bid": 1.45,
      "bidSize": 14,
      "displaySymbol": "UA Jan 17 '25 $7.50 Call",
      "inTheMoney": "n",
      "lastPrice": 1.5,
      "netChange": -0.05,
      "openInterest": 1406,
      "optionCategory": "STANDARD",
      "optionRootSymbol": "UA",
      "optionType": "CALL",
      "osiKey": "UA----250117C00007500",
      "quoteDetail": "https://api.etrade.com/v1/market/quote/UA:2025:1:17:CALL:7.500000",
      "strikePrice": 7.5,
      "symbol": "UA",
      "timeStamp": 1688403533,
      "volume": 57
    },
    {
      "OptionGreeks": {
        "currentValue": "true",
        "delta": 0.41481,
        "gamma": 0.1007,
        "iv": 0.45865,
        "rho": 0.03012,
        "theta": -0.00123,
        "vega": 0.03319
      },
      "adjustedFlag": "false",
      "ask": 0.95,
      "askSize": 198,
      "bid": 0.75,
      "bidSize": 146,
      "displaySymbol": "UA Jan 17 '25 $10 Call",
      "inTheMoney": "n",
      "lastPrice": 0.85,
      "netChange": 0.12,
      "openInterest": 1487,
      "optionCategory": "STANDARD",
      "optionRootSymbol": "UA",
      "optionType": "CALL",
      "osiKey": "UA----250117C00010000",
      "quoteDetail": "https://api.etrade.com/v1/market/quote/UA:2025:1:17:CALL:10.000000",
      "strikePrice": 10.0,
      "symbol": "UA",
      "timeStamp": 1688403599,
      "volume": 115
    },
    {
      "OptionGreeks": {
        "currentValue": "true",
        "delta": 0.26835,
        "gamma": 0.0856,
        "iv": 0.45442,
        "rho": 0.02053,
        "theta": -0.00105,
        "vega": 0.02804
      },
      "adjustedFlag": "false",
      "ask": 0.5,
      "askSize": 7,
      "bid": 0.45,
      "bidSize": 5,
      "displaySymbol": "UA Jan 17 '25 $12.50 Call",
      "inTheMoney": "n",
      "lastPrice": 0.39,
      "netChange": 0.0,
      "openInterest": 856,
      "optionCategory": "STANDARD",
      "optionRootSymbol": "UA",
      "optionType": "CALL",
      "osiKey": "UA----250117C00012500",
      "quoteDetail": "https://api.etrade.com/v1/market/quote/UA:2025:1:17:CALL:12.500000",
      "strikePrice": 12.5,
      "symbol": "UA",
      "timeStamp": 1688403299,
      "volume": 0
    },
    {
      "OptionGreeks": {
        "currentValue": "true",
        "delta": 0.16326,
        "gamma": 0.06556,
        "iv": 0.4426,
        "rho": 0.01301,
        "theta": -0.00077,
        "vega": 0.02102
      },
      "adjustedFlag": "false",
      "ask": 0.3,
      "askSize": 7,
      "bid": 0.2,
      "bidSize": 367,
      "displaySymbol": "UA Jan 17 '25 $15 Call",
      "inTheMoney": "n",
      "lastPrice": 0.3,
      "netChange": 0.05,
      "openInterest": 11223,
      "optionCategory": "STANDARD",
      "optionRootSymbol": "UA",
      "optionType": "CALL",
      "osiKey": "UA----250117C00015000",
      "quoteDetail": "https://api.etrade.com/v1/market/quote/UA:2025:1:17:CALL:15.000000",
      "strikePrice": 15.0,
      "symbol": "UA",
      "timeStamp": 1688403515,
      "volume": 6
    },
    {
      "OptionGreeks": {
        "currentValue": "true",
        "delta": 0.10629,
        "gamma": 0.04829,
        "iv": 0.44622,
        "rho": 0.00862,
        "theta": -0.00058,
        "vega": 0.01567
      },
      "adjustedFlag": "false",
      "ask": 0.2,
      "askSize": 64,
      "bid": 0.1,
      "bidSize": 282,
      "displaySymbol": "UA Jan 17 '25 $17.50 Call",
      "inTheMoney": "n",
      "lastPrice": 0.3,
      "netChange": 0.0,
      "openInterest": 69,
      "optionCategory": "STANDARD",
      "optionRootSymbol": "UA",
      "optionType": "CALL",
      "osiKey": "UA----250117C00017500",
      "quoteDetail": "https://api.etrade.com/v1/market/quote/UA:2025:1:17:CALL:17.500000",
      "strikePrice": 17.5,
      "symbol": "UA",
      "timeStamp": 1688403480,
      "volume": 0
    },
    {
      "OptionGreeks": {
        "currentValue": "true",
        "delta": 0.07429,
        "gamma": 0.03617,
        "iv": 0.45567,
        "rho": 0.00607,
        "theta": -0.00045,
        "vega": 0.01203
      },
      "adjustedFlag": "false",
      "ask": 0.15,
      "askSize": 372,
      "bid": 0.05,
      "bidSize": 317,
      "displaySymbol": "UA Jan 17 '25 $20 Call",
      "inTheMoney": "n",
      "lastPrice": 0.15,
      "netChange": 0.0,
      "openInterest": 644,
      "optionCategory": "STANDARD",
      "optionRootSymbol": "UA",
      "optionType": "CALL",
      "osiKey": "UA----250117C00020000",
      "quoteDetail": "https://api.etrade.com/v1/market/quote/UA:2025:1:17:CALL:20.000000",
      "strikePrice": 20.0,
      "symbol": "UA",
      "timeStamp": 1688403566,
      "volume": 0
    },
    {
      "OptionGreeks": {
        "currentValue": "true",
        "delta": 0.05674,
        "gamma": 0.0284,
        "iv": 0.47032,
        "rho": 0.00463,
        "theta": -0.00038,
        "vega": 0.00976
      },
      "adjustedFlag": "false",
      "ask": 0.15,
      "askSize": 433,
      "bid": 0.0,
      "bidSize": 0,
      "displaySymbol": "UA Jan 17 '25 $22.50 Call",
      "inTheMoney": "n",
      "lastPrice": 0.05,
      "netChange": 0.0,
      "openInterest": 1,
      "optionCategory": "STANDARD",
      "optionRootSymbol": "UA",
      "optionType": "CALL",
      "osiKey": "UA----250117C00022500",
      "quoteDetail": "https://api.etrade.com/v1/market/quote/UA:2025:1:17:CALL:22.500000",
      "strikePrice": 22.5,
      "symbol": "UA",
      "timeStamp": 1688402705,
      "volume": 0
    }
  ],
  "quote": {
    "ExtendedHourQuoteDetail": {
      "ask": 6.83,
      "askSize": 100,
      "bid": 6.75,
      "bidSize": 200,
      "change": 0.08,
      "lastPrice": 6.79,
      "percentChange": 1.19,
      "quoteStatus": "EH_REALTIME",
      "timeOfLastTrade": 1688407312,
      "timeZone": "EST",
      "volume": 1904102
    },
    "adjustedFlag": "false",
    "ahFlag": "true",
    "ask": 6.83,
    "askSize": 100,
    "askTime": "14:01:52 EDT 07-03-2023",
    "averageVolume": 2827634,
    "beta": 1.67,
    "bid": 6.75,
    "bidExchange": null,
    "bidSize": 200,
    "bidTime": "14:01:52 EDT 07-03-2023",
    "cashDeliverable": 0,
    "changeClose": 0.09,
    "changeClosePercentage": 1.34,
    "companyName": "UNDER ARMOUR INC CL C",
    "contractSize": 0.0,
    "dateTime": "14:01:52 EDT 07-03-2023",
    "dateTimeUTC": 1688407312,
    "daysToExpiration": 0,
    "declaredDividend": 0.0071,
    "dirLast": 0,
    "dividend": 0.0071,
    "dividendPayableDate": 1467224982,
    "eps": 0.0,
    "estEarnings": 0.496,
    "exDividendDate": 1465842582,
    "expirationDate": 0,
    "hasMiniOptions": "false",
    "high": 6.9,
    "high52": 11.415,
    "intrinsicValue": 0.0,
    "lastTrade": 6.8,
    "low": 6.7,
    "low52": 5.74,
    "marketCap": 3016398400.0,
    "nextEarningDate": "08/01/2023",
    "open": 6.74,
    "openInterest": 0,
    "optionMultiplier": 0.0,
    "optionStyle": null,
    "optionUnderlier": null,
    "pe": 7.9881,
    "previousClose": 6.71,
    "previousDayVolume": 2872723,
    "primaryExchange": "NYSE",
    "quoteStatus": "CLOSING",
    "securityType": "EQ",
    "sharesOutstanding": 443588000,
    "symbol": "UA",
    "symbolDescription": "UNDER ARMOUR INC CL C",
    "timeOfLastTrade": 1688404200,
    "timePremium": 0.0,
    "totalVolume": 1904102,
    "upc": 0,
    "week52HiDate": 1675366182,
    "week52LowDate": 1664562582,
    "yield": 0.0
  }
}